claim_filed,claim_amount,fraud_flag,settlement_days,vehicle_age,vehicle_type,fuel_type,vehicle_value,engine_capacity_cc,safety_rating_ncap,anti_theft_device,driver_age,driving_experience_years,annual_mileage,usage_type,credit_score_tier,speeding_violations_count,past_claims_count,coverage_tier,deductible_amount,no_claim_bonus_pct,annual_premium,risk_zone,parking_location
0,0.0,0,0,1,SUV,PETROL,23352.51,1070,4,0,43,19,14600,PERSONAL,GOOD,0,0,COMPREHENSIVE,1000,0,798.77,URBAN,LOCKED_GARAGE
0,0.0,0,0,14,SEDAN,ELECTRIC,4941.73,800,1,0,33,14,15200,PERSONAL,EXCELLENT,0,0,THIRD_PARTY,500,0,250.0,SUBURBAN,LOCKED_GARAGE
0,0.0,0,0,12,HATCHBACK,CNG,4192.09,1780,3,0,58,31,2000,PERSONAL,GOOD,1,0,ZERO_DEP_PREMIUM,1000,45,250.0,SUBURBAN,PRIVATE_DRIVEWAY
0,0.0,0,0,8,SEDAN,PETROL,11329.04,2510,4,0,49,12,10300,RIDESHARE,FAIR,0,1,COMPREHENSIVE,2000,0,518.57,URBAN,PRIVATE_DRIVEWAY
0,0.0,0,0,8,SEDAN,HYBRID,12763.35,1550,2,0,68,40,12600,PERSONAL,GOOD,0,1,COMPREHENSIVE,250,45,311.45,SUBURBAN,STREET_PARKING
0,0.0,0,0,16,SUV,ELECTRIC,8519.39,1620,1,0,39,20,11900,COMMUTE,GOOD,0,0,COMPREHENSIVE,500,0,404.57,METROPOLITAN,LOCKED_GARAGE
0,0.0,0,0,1,HATCHBACK,CNG,11631.59,1600,5,1,33,11,16600,PERSONAL,GOOD,2,0,THIRD_PARTY,1000,45,250.0,SUBURBAN,LOCKED_GARAGE
1,2152.54,0,27,13,TRUCK,PETROL,9803.75,2470,2,0,18,0,25900,RIDESHARE,EXCELLENT,1,0,COMPREHENSIVE,250,45,438.01,METROPOLITAN,PRIVATE_DRIVEWAY
0,0.0,0,0,3,TRUCK,PETROL,35855.57,2950,2,1,74,56,18100,COMMUTE,FAIR,0,0,THIRD_PARTY,1000,20,562.87,URBAN,LOCKED_GARAGE
1,4898.87,0,22,1,TRUCK,PETROL,43258.45,3550,4,1,49,21,17300,PERSONAL,GOOD,2,1,ZERO_DEP_PREMIUM,500,50,1603.84,URBAN,PRIVATE_DRIVEWAY
0,0.0,0,0,10,HATCHBACK,ELECTRIC,7249.47,1920,3,0,53,21,19200,COMMUTE,EXCELLENT,2,0,THIRD_PARTY,250,0,250.0,SUBURBAN,LOCKED_GARAGE
0,0.0,0,0,18,HATCHBACK,HYBRID,4000.0,1970,3,0,66,45,23400,PERSONAL,POOR,0,0,COMPREHENSIVE,500,0,250.0,METROPOLITAN,STREET_PARKING
1,4533.36,1,22,13,SEDAN,DIESEL,7164.91,1440,1,1,44,21,33000,PERSONAL,EXCELLENT,1,0,THIRD_PARTY,250,35,250.0,URBAN,PRIVATE_DRIVEWAY
0,0.0,0,0,14,HATCHBACK,PETROL,4278.55,1530,2,0,32,9,16200,RIDESHARE,GOOD,0,0,COMPREHENSIVE,250,35,250.0,URBAN,LOCKED_GARAGE
0,0.0,0,0,13,SEDAN,PETROL,4993.97,1520,2,1,54,22,16000,PERSONAL,POOR,0,0,COMPREHENSIVE,250,0,250.0,URBAN,STREET_PARKING
1,3997.01,0,29,14,SEDAN,DIESEL,6214.58,1360,5,1,39,20,16600,RIDESHARE,GOOD,0,0,COMPREHENSIVE,250,0,292.47,RURAL,LOCKED_GARAGE
1,6041.57,1,21,9,SEDAN,CNG,11410.26,1680,5,0,18,0,16800,PERSONAL,POOR,0,0,THIRD_PARTY,2000,0,250.0,URBAN,PRIVATE_DRIVEWAY
0,0.0,0,0,2,TRUCK,PETROL,32492.34,2710,3,1,63,30,9700,PERSONAL,GOOD,1,1,COMPREHENSIVE,500,25,1133.41,METROPOLITAN,PRIVATE_DRIVEWAY
0,0.0,0,0,15,HATCHBACK,DIESEL,4000.0,1640,5,0,26,5,15000,PERSONAL,GOOD,1,2,COMPREHENSIVE,250,0,250.0,RURAL,PRIVATE_DRIVEWAY
0,0.0,0,0,8,COMMERCIAL_VAN,DIESEL,17693.61,1420,4,0,31,13,9700,RIDESHARE,GOOD,1,0,THIRD_PARTY,500,35,319.84,SUBURBAN,LOCKED_GARAGE
0,0.0,0,0,9,LUXURY_COUPE,HYBRID,37384.73,2580,2,0,53,32,20900,COMMUTE,GOOD,2,0,ZERO_DEP_PREMIUM,1000,25,1673.28,URBAN,PRIVATE_DRIVEWAY
0,0.0,0,0,7,COMMERCIAL_VAN,HYBRID,20898.72,980,5,0,18,0,35000,COMMUTE,EXCELLENT,1,1,ZERO_DEP_PREMIUM,1000,0,909.06,SUBURBAN,LOCKED_GARAGE
0,0.0,0,0,3,SEDAN,PETROL,15048.13,2120,5,1,43,19,16500,PERSONAL,EXCELLENT,3,1,ZERO_DEP_PREMIUM,1000,0,833.96,URBAN,LOCKED_GARAGE
0,0.0,0,0,17,COMMERCIAL_VAN,DIESEL,6916.19,1330,3,1,45,19,20000,PERSONAL,EXCELLENT,2,1,COMPREHENSIVE,250,0,351.78,METROPOLITAN,PRIVATE_DRIVEWAY
0,0.0,0,0,14,TRUCK,HYBRID,9606.66,1550,5,0,57,18,22400,COMMERCIAL,FAIR,0,1,ZERO_DEP_PREMIUM,500,0,788.12,URBAN,LOCKED_GARAGE
0,0.0,0,0,12,COMMERCIAL_VAN,CNG,12124.4,1900,1,1,50,30,7600,PERSONAL,EXCELLENT,2,1,COMPREHENSIVE,500,20,429.16,URBAN,PRIVATE_DRIVEWAY
0,0.0,0,0,7,SEDAN,DIESEL,9101.64,1930,3,1,52,34,19500,PERSONAL,EXCELLENT,0,1,COMPREHENSIVE,500,20,265.62,URBAN,PRIVATE_DRIVEWAY
0,0.0,0,0,15,SEDAN,PETROL,5096.85,1040,1,1,54,30,17200,PERSONAL,GOOD,0,0,ZERO_DEP_PREMIUM,1000,0,250.98,METROPOLITAN,STREET_PARKING
0,0.0,0,0,10,COMMERCIAL_VAN,DIESEL,11024.82,2010,4,0,62,25,4600,COMMERCIAL,GOOD,0,0,COMPREHENSIVE,500,0,611.95,URBAN,LOCKED_GARAGE
0,0.0,0,0,8,SEDAN,DIESEL,10295.51,2010,2,1,35,11,13200,COMMUTE,GOOD,5,1,ZERO_DEP_PREMIUM,500,0,805.26,METROPOLITAN,PRIVATE_DRIVEWAY
0,0.0,0,0,8,SUV,PETROL,20039.72,2880,3,0,28,9,2000,COMMUTE,FAIR,0,1,COMPREHENSIVE,500,0,592.45,SUBURBAN,LOCKED_GARAGE
0,0.0,0,0,4,SUV,CNG,23366.9,1450,3,0,29,10,3000,COMMUTE,FAIR,0,1,COMPREHENSIVE,250,0,693.93,RURAL,PRIVATE_DRIVEWAY
0,0.0,0,0,1,SEDAN,PETROL,14967.89,1560,5,1,50,19,5900,COMMERCIAL,EXCELLENT,1,0,ZERO_DEP_PREMIUM,250,35,943.17,METROPOLITAN,LOCKED_GARAGE
0,0.0,0,0,10,SEDAN,CNG,9711.77,1210,2,1,38,16,4700,COMMUTE,FAIR,2,0,COMPREHENSIVE,1000,45,250.0,RURAL,LOCKED_GARAGE
0,0.0,0,0,16,LUXURY_COUPE,PETROL,20219.93,2820,1,0,33,14,23300,COMMUTE,GOOD,2,1,ZERO_DEP_PREMIUM,500,0,1341.43,METROPOLITAN,PRIVATE_DRIVEWAY
1,4639.59,0,20,1,COMMERCIAL_VAN,PETROL,22203.64,1600,5,1,57,33,6300,PERSONAL,POOR,0,0,THIRD_PARTY,500,0,385.89,URBAN,STREET_PARKING
0,0.0,0,0,16,COMMERCIAL_VAN,DIESEL,7979.64,2240,2,0,50,21,15900,PERSONAL,EXCELLENT,1,0,THIRD_PARTY,1000,0,250.0,METROPOLITAN,STREET_PARKING
0,0.0,0,0,15,SUV,DIESEL,9505.0,1320,3,0,64,32,13300,COMMERCIAL,FAIR,1,1,THIRD_PARTY,250,0,250.0,SUBURBAN,LOCKED_GARAGE
0,0.0,0,0,5,SEDAN,HYBRID,15855.4,1910,5,1,46,24,13200,COMMUTE,EXCELLENT,0,0,COMPREHENSIVE,500,25,434.54,SUBURBAN,LOCKED_GARAGE
0,0.0,0,0,12,SUV,DIESEL,13397.2,1450,4,1,49,13,11000,COMMERCIAL,GOOD,3,1,COMPREHENSIVE,250,35,710.65,METROPOLITAN,PRIVATE_DRIVEWAY
0,0.0,0,0,3,SUV,PETROL,24604.38,800,5,1,36,17,9400,PERSONAL,GOOD,0,0,ZERO_DEP_PREMIUM,500,35,926.73,SUBURBAN,LOCKED_GARAGE
1,4961.28,0,8,14,SEDAN,CNG,6454.32,2010,5,0,18,0,18900,COMMERCIAL,POOR,2,0,COMPREHENSIVE,2000,35,273.19,METROPOLITAN,LOCKED_GARAGE
1,1917.2,0,25,13,HATCHBACK,DIESEL,4569.32,800,4,0,34,15,2000,PERSONAL,POOR,0,0,ZERO_DEP_PREMIUM,500,20,250.0,SUBURBAN,LOCKED_GARAGE
0,0.0,0,0,6,LUXURY_COUPE,PETROL,43379.98,2400,3,0,32,14,20700,RIDESHARE,GOOD,4,0,THIRD_PARTY,1000,25,1065.31,URBAN,STREET_PARKING
0,0.0,0,0,1,HATCHBACK,HYBRID,10868.91,1510,5,1,23,2,11200,COMMUTE,GOOD,2,0,COMPREHENSIVE,250,50,352.38,METROPOLITAN,PRIVATE_DRIVEWAY
0,0.0,0,0,18,SUV,PETROL,7038.34,1590,5,1,44,25,15400,COMMUTE,GOOD,2,1,THIRD_PARTY,500,0,250.0,METROPOLITAN,STREET_PARKING
0,0.0,0,0,8,SUV,PETROL,12879.06,1630,5,0,55,20,18400,COMMUTE,GOOD,1,1,COMPREHENSIVE,250,0,453.61,URBAN,PRIVATE_DRIVEWAY
0,0.0,0,0,16,SEDAN,DIESEL,5892.14,1620,1,1,35,12,22500,COMMERCIAL,POOR,0,0,ZERO_DEP_PREMIUM,250,25,296.33,SUBURBAN,PRIVATE_DRIVEWAY
0,0.0,0,0,12,SEDAN,DIESEL,7905.73,1840,4,1,47,13,9200,PERSONAL,EXCELLENT,0,0,COMPREHENSIVE,500,0,295.12,URBAN,PRIVATE_DRIVEWAY
1,4000.0,0,10,14,HATCHBACK,DIESEL,4000.0,1530,1,1,34,9,11200,COMMERCIAL,GOOD,1,3,ZERO_DEP_PREMIUM,500,45,250.0,URBAN,PRIVATE_DRIVEWAY
0,0.0,0,0,14,SUV,CNG,7882.19,3300,4,0,40,12,3800,PERSONAL,FAIR,0,0,COMPREHENSIVE,500,0,304.66,METROPOLITAN,LOCKED_GARAGE
1,4901.86,0,21,3,HATCHBACK,PETROL,13594.43,1380,5,0,34,8,16500,COMMERCIAL,GOOD,3,0,THIRD_PARTY,500,45,250.0,URBAN,PRIVATE_DRIVEWAY
0,0.0,0,0,6,TRUCK,CNG,26369.83,1510,4,1,46,25,27200,COMMUTE,EXCELLENT,1,0,COMPREHENSIVE,250,25,836.81,SUBURBAN,STREET_PARKING
0,0.0,0,0,8,SEDAN,PETROL,11500.01,800,5,1,50,32,10500,COMMERCIAL,GOOD,2,0,THIRD_PARTY,1000,0,329.49,METROPOLITAN,LOCKED_GARAGE
0,0.0,0,0,9,SEDAN,PETROL,11306.28,2030,5,1,66,28,12400,COMMERCIAL,EXCELLENT,0,0,ZERO_DEP_PREMIUM,500,35,561.92,URBAN,LOCKED_GARAGE
1,8896.35,0,28,0,SEDAN,PETROL,27405.41,800,3,1,34,13,17100,COMMERCIAL,POOR,3,1,COMPREHENSIVE,250,25,1575.85,METROPOLITAN,PRIVATE_DRIVEWAY
0,0.0,0,0,10,SEDAN,PETROL,10639.13,810,5,1,39,10,13400,PERSONAL,POOR,1,0,THIRD_PARTY,1000,0,250.0,SUBURBAN,LOCKED_GARAGE
0,0.0,0,0,2,HATCHBACK,PETROL,11876.99,800,2,1,58,39,19200,COMMERCIAL,FAIR,0,1,THIRD_PARTY,500,20,256.25,URBAN,PRIVATE_DRIVEWAY
0,0.0,0,0,14,TRUCK,HYBRID,9449.3,2600,4,1,37,16,13700,COMMERCIAL,POOR,0,0,COMPREHENSIVE,500,25,341.54,SUBURBAN,PRIVATE_DRIVEWAY
0,0.0,0,0,12,COMMERCIAL_VAN,HYBRID,10767.18,2460,2,0,49,25,20400,RIDESHARE,GOOD,0,1,COMPREHENSIVE,500,45,375.67,URBAN,LOCKED_GARAGE
0,0.0,0,0,17,HATCHBACK,ELECTRIC,4000.0,990,4,1,35,9,11000,PERSONAL,POOR,2,0,ZERO_DEP_PREMIUM,500,45,250.0,METROPOLITAN,STREET_PARKING
0,0.0,0,0,14,SUV,PETROL,7510.84,1870,2,0,48,21,14600,PERSONAL,EXCELLENT,0,0,COMPREHENSIVE,500,0,250.0,URBAN,STREET_PARKING
0,0.0,0,0,6,SEDAN,HYBRID,14719.97,800,5,1,50,21,7800,COMMUTE,FAIR,2,0,THIRD_PARTY,500,0,250.0,SUBURBAN,STREET_PARKING
0,0.0,0,0,18,SUV,PETROL,9458.33,1120,2,0,60,39,9800,PERSONAL,GOOD,0,0,THIRD_PARTY,500,0,250.0,SUBURBAN,LOCKED_GARAGE
0,0.0,0,0,7,SUV,ELECTRIC,21547.97,1990,5,1,31,10,14700,COMMUTE,GOOD,3,0,THIRD_PARTY,250,25,418.75,METROPOLITAN,PRIVATE_DRIVEWAY
0,0.0,0,0,6,COMMERCIAL_VAN,DIESEL,19112.22,1400,2,1,49,18,14000,COMMERCIAL,EXCELLENT,2,0,THIRD_PARTY,1000,35,286.79,RURAL,PRIVATE_DRIVEWAY
0,0.0,0,0,17,SUV,PETROL,8834.25,2250,3,0,40,10,20400,RIDESHARE,GOOD,1,1,ZERO_DEP_PREMIUM,1000,0,682.32,URBAN,PRIVATE_DRIVEWAY
0,0.0,0,0,7,SEDAN,DIESEL,13543.92,800,5,0,19,1,16200,PERSONAL,EXCELLENT,0,3,COMPREHENSIVE,500,45,271.02,SUBURBAN,LOCKED_GARAGE
0,0.0,0,0,1,SUV,CNG,31490.44,1120,3,0,33,7,13200,PERSONAL,EXCELLENT,0,0,THIRD_PARTY,250,0,577.45,URBAN,PRIVATE_DRIVEWAY
0,0.0,0,0,8,SEDAN,PETROL,12694.96,1890,2,0,32,9,10900,PERSONAL,FAIR,0,1,ZERO_DEP_PREMIUM,250,20,575.8,URBAN,PRIVATE_DRIVEWAY
0,0.0,0,0,15,COMMERCIAL_VAN,DIESEL,5600.77,1890,4,1,48,24,15000,PERSONAL,EXCELLENT,1,0,ZERO_DEP_PREMIUM,250,0,250.0,RURAL,STREET_PARKING
0,0.0,0,0,3,SEDAN,CNG,11652.23,1940,3,1,30,9,20100,COMMUTE,EXCELLENT,1,0,THIRD_PARTY,500,25,250.0,METROPOLITAN,LOCKED_GARAGE
0,0.0,0,0,8,SEDAN,PETROL,12655.04,1730,5,1,43,12,9600,COMMUTE,GOOD,0,1,THIRD_PARTY,2000,20,250.0,RURAL,PRIVATE_DRIVEWAY
0,0.0,0,0,2,SEDAN,PETROL,17576.12,860,4,0,42,19,32000,COMMUTE,GOOD,2,0,THIRD_PARTY,250,20,256.86,SUBURBAN,STREET_PARKING
0,0.0,0,0,13,TRUCK,DIESEL,8699.61,1790,5,0,51,18,5200,PERSONAL,GOOD,0,0,COMPREHENSIVE,2000,35,274.12,METROPOLITAN,PRIVATE_DRIVEWAY
0,0.0,0,0,9,HATCHBACK,ELECTRIC,6372.61,3110,5,0,35,12,8700,PERSONAL,GOOD,2,1,COMPREHENSIVE,500,0,263.25,URBAN,PRIVATE_DRIVEWAY
0,0.0,0,0,6,HATCHBACK,PETROL,10420.78,800,3,1,21,2,11000,COMMERCIAL,EXCELLENT,1,0,THIRD_PARTY,500,20,250.0,SUBURBAN,STREET_PARKING
0,0.0,0,0,4,SUV,DIESEL,26031.76,800,2,1,55,23,20100,COMMUTE,GOOD,0,0,COMPREHENSIVE,500,0,764.01,RURAL,PRIVATE_DRIVEWAY
0,0.0,0,0,10,SEDAN,PETROL,10816.85,2040,5,1,34,14,23500,PERSONAL,EXCELLENT,0,0,THIRD_PARTY,500,0,250.0,URBAN,STREET_PARKING
0,0.0,0,0,12,TRUCK,CNG,13622.48,1610,5,0,57,22,11800,RIDESHARE,POOR,1,0,COMPREHENSIVE,250,25,685.6,URBAN,PRIVATE_DRIVEWAY
0,0.0,0,0,17,SEDAN,HYBRID,4893.57,2760,2,1,42,22,8400,RIDESHARE,EXCELLENT,0,1,ZERO_DEP_PREMIUM,250,50,250.0,RURAL,PRIVATE_DRIVEWAY
0,0.0,0,0,8,SEDAN,DIESEL,13468.04,3380,3,1,43,17,8100,PERSONAL,FAIR,1,0,COMPREHENSIVE,250,50,321.23,URBAN,PRIVATE_DRIVEWAY
0,0.0,0,0,3,HATCHBACK,CNG,12511.68,1440,5,0,51,33,20200,RIDESHARE,POOR,1,0,COMPREHENSIVE,1000,20,560.54,URBAN,PRIVATE_DRIVEWAY
1,5422.46,0,25,15,SEDAN,DIESEL,5422.46,1800,5,0,51,25,6000,COMMUTE,GOOD,1,1,ZERO_DEP_PREMIUM,500,0,357.29,METROPOLITAN,STREET_PARKING
0,0.0,0,0,11,SEDAN,CNG,8751.36,800,4,1,41,11,15900,PERSONAL,EXCELLENT,1,0,COMPREHENSIVE,1000,20,250.0,SUBURBAN,LOCKED_GARAGE
1,4947.31,0,30,13,TRUCK,PETROL,11859.89,2970,3,0,36,15,16500,PERSONAL,FAIR,2,0,ZERO_DEP_PREMIUM,2000,50,250.0,RURAL,STREET_PARKING
0,0.0,0,0,1,SUV,PETROL,27520.4,800,5,1,41,18,16300,COMMERCIAL,FAIR,0,0,ZERO_DEP_PREMIUM,500,50,1300.23,URBAN,PRIVATE_DRIVEWAY
1,4906.33,0,18,5,SEDAN,HYBRID,18032.21,800,4,0,18,0,8900,COMMERCIAL,EXCELLENT,3,0,ZERO_DEP_PREMIUM,250,50,1063.27,METROPOLITAN,LOCKED_GARAGE
0,0.0,0,0,14,SUV,PETROL,8542.49,1680,4,0,56,17,5900,PERSONAL,FAIR,1,0,THIRD_PARTY,500,20,250.0,URBAN,PRIVATE_DRIVEWAY
0,0.0,0,0,15,HATCHBACK,PETROL,4000.0,1960,5,1,30,11,14000,PERSONAL,POOR,2,1,THIRD_PARTY,250,45,250.0,RURAL,PRIVATE_DRIVEWAY
0,0.0,0,0,8,SEDAN,ELECTRIC,14583.78,800,5,0,35,12,18000,COMMUTE,EXCELLENT,2,0,COMPREHENSIVE,500,45,549.35,METROPOLITAN,PRIVATE_DRIVEWAY
0,0.0,0,0,15,SEDAN,DIESEL,4645.74,1250,5,0,36,15,11600,RIDESHARE,POOR,1,0,COMPREHENSIVE,500,35,250.0,URBAN,PRIVATE_DRIVEWAY
0,0.0,0,0,15,HATCHBACK,PETROL,4000.0,800,2,1,47,20,18100,PERSONAL,GOOD,0,0,ZERO_DEP_PREMIUM,2000,35,250.0,METROPOLITAN,STREET_PARKING
0,0.0,0,0,7,HATCHBACK,PETROL,7905.1,1390,5,0,40,20,13000,COMMUTE,FAIR,4,0,COMPREHENSIVE,2000,45,250.0,RURAL,PRIVATE_DRIVEWAY
0,0.0,0,0,17,LUXURY_COUPE,PETROL,16948.28,1980,4,1,51,16,17900,COMMUTE,FAIR,0,0,COMPREHENSIVE,500,20,631.52,URBAN,PRIVATE_DRIVEWAY
0,0.0,0,0,5,SUV,PETROL,26491.84,1190,5,0,49,14,7200,COMMERCIAL,FAIR,0,0,THIRD_PARTY,500,0,479.47,SUBURBAN,PRIVATE_DRIVEWAY
0,0.0,0,0,4,SEDAN,PETROL,15135.76,2020,5,0,31,8,12600,RIDESHARE,FAIR,0,0,THIRD_PARTY,250,35,264.86,SUBURBAN,LOCKED_GARAGE
0,0.0,0,0,12,HATCHBACK,DIESEL,6648.1,1780,4,0,31,9,25100,RIDESHARE,GOOD,0,0,ZERO_DEP_PREMIUM,500,35,438.18,METROPOLITAN,STREET_PARKING
0,0.0,0,0,12,HATCHBACK,ELECTRIC,4381.43,1960,1,1,38,15,10200,PERSONAL,EXCELLENT,0,1,COMPREHENSIVE,250,35,250.0,SUBURBAN,PRIVATE_DRIVEWAY
0,0.0,0,0,2,SEDAN,PETROL,20427.46,1520,4,0,52,18,16300,COMMUTE,GOOD,1,3,COMPREHENSIVE,250,20,733.38,URBAN,LOCKED_GARAGE
0,0.0,0,0,15,HATCHBACK,PETROL,4000.0,2070,2,0,50,27,13800,PERSONAL,FAIR,1,0,THIRD_PARTY,250,0,250.0,RURAL,STREET_PARKING
0,0.0,0,0,3,SEDAN,DIESEL,18471.75,1580,4,0,51,28,10700,PERSONAL,GOOD,2,1,THIRD_PARTY,2000,0,250.0,SUBURBAN,PRIVATE_DRIVEWAY
0,0.0,0,0,15,TRUCK,PETROL,8596.65,1980,5,0,38,14,19400,PERSONAL,FAIR,2,0,COMPREHENSIVE,250,0,281.99,RURAL,PRIVATE_DRIVEWAY
0,0.0,0,0,0,TRUCK,PETROL,42868.01,2670,3,0,56,26,9600,PERSONAL,POOR,1,0,THIRD_PARTY,500,35,469.63,SUBURBAN,LOCKED_GARAGE
0,0.0,0,0,15,SUV,PETROL,7180.24,1320,3,1,47,24,21100,PERSONAL,FAIR,1,0,ZERO_DEP_PREMIUM,250,35,266.47,SUBURBAN,PRIVATE_DRIVEWAY
0,0.0,0,0,14,LUXURY_COUPE,DIESEL,12800.59,2290,4,0,34,16,18600,PERSONAL,GOOD,1,0,THIRD_PARTY,500,25,250.0,URBAN,LOCKED_GARAGE
0,0.0,0,0,14,LUXURY_COUPE,PETROL,14062.11,3190,5,0,38,13,5000,COMMERCIAL,GOOD,1,0,ZERO_DEP_PREMIUM,250,0,836.05,RURAL,LOCKED_GARAGE
0,0.0,0,0,12,SEDAN,PETROL,8777.32,2230,2,1,53,20,19200,PERSONAL,GOOD,2,0,THIRD_PARTY,500,45,250.0,RURAL,LOCKED_GARAGE
0,0.0,0,0,8,SUV,DIESEL,20609.01,1410,4,1,63,31,14700,PERSONAL,EXCELLENT,2,0,COMPREHENSIVE,500,0,719.26,SUBURBAN,LOCKED_GARAGE
1,4000.0,0,27,13,HATCHBACK,HYBRID,4000.0,2170,2,0,18,0,7000,COMMERCIAL,POOR,3,0,COMPREHENSIVE,2000,35,250.0,SUBURBAN,LOCKED_GARAGE
0,0.0,0,0,5,SEDAN,DIESEL,17507.48,800,4,0,46,12,10500,COMMUTE,GOOD,0,1,COMPREHENSIVE,500,25,623.39,METROPOLITAN,STREET_PARKING
0,0.0,0,0,14,SUV,CNG,6097.34,1410,2,0,20,2,8700,PERSONAL,EXCELLENT,1,0,COMPREHENSIVE,1000,0,250.32,METROPOLITAN,LOCKED_GARAGE
1,8125.6,0,14,10,SEDAN,DIESEL,9867.65,1110,3,0,32,9,16300,PERSONAL,GOOD,1,0,COMPREHENSIVE,1000,50,292.96,METROPOLITAN,PRIVATE_DRIVEWAY
0,0.0,0,0,8,LUXURY_COUPE,PETROL,31124.54,2500,2,0,49,22,26500,PERSONAL,GOOD,0,0,COMPREHENSIVE,250,45,975.46,METROPOLITAN,PRIVATE_DRIVEWAY
0,0.0,0,0,9,SUV,PETROL,17887.4,2080,2,1,44,12,13900,PERSONAL,FAIR,0,1,COMPREHENSIVE,500,25,442.49,RURAL,PRIVATE_DRIVEWAY
0,0.0,0,0,10,HATCHBACK,PETROL,6719.32,1960,2,0,31,11,10500,PERSONAL,FAIR,1,0,THIRD_PARTY,1000,0,250.0,METROPOLITAN,LOCKED_GARAGE
0,0.0,0,0,0,SUV,PETROL,35761.58,1870,2,1,36,12,13900,PERSONAL,POOR,0,0,COMPREHENSIVE,500,20,1208.78,METROPOLITAN,LOCKED_GARAGE
1,3728.57,0,13,2,SEDAN,PETROL,18886.3,1690,2,1,55,19,13200,PERSONAL,POOR,2,0,THIRD_PARTY,500,20,331.69,METROPOLITAN,STREET_PARKING
0,0.0,0,0,4,TRUCK,PETROL,28959.48,2200,5,1,43,14,17600,PERSONAL,FAIR,3,0,THIRD_PARTY,1000,0,426.94,SUBURBAN,PRIVATE_DRIVEWAY
0,0.0,0,0,2,SEDAN,DIESEL,16057.37,2380,3,0,42,18,11200,COMMUTE,POOR,0,0,ZERO_DEP_PREMIUM,1000,0,574.27,RURAL,PRIVATE_DRIVEWAY
0,0.0,0,0,8,SEDAN,DIESEL,10796.53,800,4,1,56,35,2000,RIDESHARE,EXCELLENT,2,0,COMPREHENSIVE,500,35,689.38,METROPOLITAN,LOCKED_GARAGE
0,0.0,0,0,12,SUV,PETROL,12118.41,1170,4,1,53,16,14600,COMMUTE,POOR,0,0,THIRD_PARTY,1000,45,250.0,SUBURBAN,STREET_PARKING
0,0.0,0,0,12,HATCHBACK,DIESEL,4969.78,1870,5,1,37,10,12000,COMMUTE,POOR,2,0,COMPREHENSIVE,500,20,250.0,SUBURBAN,LOCKED_GARAGE
0,0.0,0,0,8,SUV,PETROL,18144.36,2590,5,0,51,30,6800,PERSONAL,GOOD,1,0,COMPREHENSIVE,250,50,513.45,METROPOLITAN,LOCKED_GARAGE
1,6333.0,0,23,16,SEDAN,DIESEL,6333.0,1380,1,0,38,17,12300,PERSONAL,POOR,2,0,COMPREHENSIVE,500,25,250.0,URBAN,LOCKED_GARAGE
0,0.0,0,0,10,SUV,DIESEL,12153.35,1430,3,0,43,24,22000,PERSONAL,FAIR,0,0,COMPREHENSIVE,500,45,257.91,SUBURBAN,PRIVATE_DRIVEWAY
0,0.0,0,0,1,SEDAN,PETROL,22586.62,800,2,1,18,0,8300,COMMUTE,GOOD,1,0,COMPREHENSIVE,250,50,627.8,METROPOLITAN,STREET_PARKING
1,2812.52,0,21,14,SEDAN,PETROL,4721.76,1250,3,0,34,13,13200,RIDESHARE,GOOD,2,1,COMPREHENSIVE,500,25,293.32,METROPOLITAN,LOCKED_GARAGE
0,0.0,0,0,10,HATCHBACK,CNG,7417.27,2060,5,0,44,14,11200,COMMERCIAL,POOR,1,1,THIRD_PARTY,250,0,250.0,METROPOLITAN,LOCKED_GARAGE
0,0.0,0,0,12,SEDAN,DIESEL,7968.72,2630,3,1,26,5,5000,COMMUTE,POOR,1,2,COMPREHENSIVE,250,20,356.06,METROPOLITAN,LOCKED_GARAGE
0,0.0,0,0,10,SUV,DIESEL,16066.66,1410,2,0,37,14,15700,PERSONAL,GOOD,6,0,COMPREHENSIVE,250,20,808.76,METROPOLITAN,STREET_PARKING
0,0.0,0,0,10,HATCHBACK,PETROL,5769.56,1080,3,0,19,1,13600,COMMUTE,EXCELLENT,1,0,COMPREHENSIVE,1000,35,250.0,RURAL,STREET_PARKING
0,0.0,0,0,1,HATCHBACK,PETROL,16694.3,1650,5,1,52,25,28700,COMMERCIAL,EXCELLENT,0,1,ZERO_DEP_PREMIUM,2000,35,964.21,METROPOLITAN,STREET_PARKING
0,0.0,0,0,10,SEDAN,PETROL,12274.29,800,3,1,62,28,18600,COMMUTE,EXCELLENT,1,0,COMPREHENSIVE,500,20,436.75,METROPOLITAN,PRIVATE_DRIVEWAY
1,8413.16,0,18,15,SUV,CNG,8413.16,2400,2,0,28,9,19300,COMMUTE,EXCELLENT,3,0,THIRD_PARTY,500,25,250.0,METROPOLITAN,STREET_PARKING
0,0.0,0,0,5,SEDAN,PETROL,18199.45,800,5,1,20,1,8600,PERSONAL,GOOD,0,0,THIRD_PARTY,250,20,302.0,METROPOLITAN,LOCKED_GARAGE
0,0.0,0,0,11,LUXURY_COUPE,PETROL,24744.89,2700,3,1,50,14,18800,PERSONAL,GOOD,1,0,COMPREHENSIVE,2000,25,827.75,METROPOLITAN,PRIVATE_DRIVEWAY
0,0.0,0,0,0,SEDAN,CNG,18651.21,1790,2,0,45,23,17600,PERSONAL,POOR,0,0,THIRD_PARTY,250,50,252.61,METROPOLITAN,PRIVATE_DRIVEWAY
0,0.0,0,0,6,SEDAN,DIESEL,16147.59,2010,4,1,48,28,2000,RIDESHARE,GOOD,1,0,COMPREHENSIVE,500,0,602.25,RURAL,LOCKED_GARAGE
0,0.0,0,0,8,SUV,PETROL,15943.12,1770,2,1,52,30,21300,PERSONAL,EXCELLENT,1,1,COMPREHENSIVE,500,45,365.62,SUBURBAN,PRIVATE_DRIVEWAY
0,0.0,0,0,18,SEDAN,DIESEL,6364.75,1600,2,0,44,17,13300,COMMUTE,FAIR,0,0,COMPREHENSIVE,500,50,250.0,URBAN,PRIVATE_DRIVEWAY
0,0.0,0,0,4,SEDAN,DIESEL,19317.75,1880,5,0,61,29,8100,PERSONAL,GOOD,0,0,THIRD_PARTY,1000,0,263.39,SUBURBAN,STREET_PARKING
0,0.0,0,0,5,SEDAN,CNG,16400.22,2140,4,1,63,26,13300,PERSONAL,EXCELLENT,1,0,THIRD_PARTY,1000,0,341.22,METROPOLITAN,STREET_PARKING
0,0.0,0,0,7,HATCHBACK,PETROL,8795.25,2770,4,0,69,35,10000,PERSONAL,FAIR,0,0,COMPREHENSIVE,500,0,250.0,SUBURBAN,PRIVATE_DRIVEWAY
1,4000.0,0,19,18,HATCHBACK,ELECTRIC,4000.0,880,2,0,71,22,16200,PERSONAL,GOOD,0,0,COMPREHENSIVE,1000,50,250.0,URBAN,LOCKED_GARAGE
1,4000.0,1,33,16,HATCHBACK,PETROL,4000.0,800,1,0,32,11,11400,COMMERCIAL,EXCELLENT,3,0,COMPREHENSIVE,500,0,250.0,URBAN,PRIVATE_DRIVEWAY
0,0.0,0,0,0,HATCHBACK,ELECTRIC,13320.5,800,5,0,57,32,25200,COMMERCIAL,GOOD,1,0,COMPREHENSIVE,250,0,828.49,URBAN,STREET_PARKING
0,0.0,0,0,4,SUV,HYBRID,20423.75,800,3,0,45,24,25200,PERSONAL,EXCELLENT,1,0,COMPREHENSIVE,500,0,531.3,RURAL,LOCKED_GARAGE
1,2260.21,0,21,15,COMMERCIAL_VAN,HYBRID,8363.01,820,1,0,18,0,15700,COMMUTE,GOOD,2,1,COMPREHENSIVE,1000,0,459.68,METROPOLITAN,PRIVATE_DRIVEWAY
0,0.0,0,0,1,HATCHBACK,HYBRID,13811.76,800,4,0,49,16,17700,PERSONAL,EXCELLENT,0,0,THIRD_PARTY,250,50,250.0,METROPOLITAN,STREET_PARKING
0,0.0,0,0,16,TRUCK,DIESEL,12641.45,2030,5,1,32,13,25000,PERSONAL,EXCELLENT,5,0,ZERO_DEP_PREMIUM,500,50,593.07,URBAN,LOCKED_GARAGE
0,0.0,0,0,5,HATCHBACK,PETROL,10033.18,2160,2,1,42,15,11900,PERSONAL,FAIR,3,0,COMPREHENSIVE,250,45,357.47,METROPOLITAN,PRIVATE_DRIVEWAY
0,0.0,0,0,17,SUV,PETROL,8289.95,2010,4,0,26,6,12900,PERSONAL,GOOD,2,0,THIRD_PARTY,1000,20,250.0,SUBURBAN,LOCKED_GARAGE
0,0.0,0,0,5,SUV,PETROL,24106.2,1200,3,1,60,22,17900,COMMERCIAL,EXCELLENT,0,0,COMPREHENSIVE,1000,0,1085.08,SUBURBAN,STREET_PARKING
0,0.0,0,0,8,SUV,DIESEL,19319.39,1250,3,0,29,7,13700,PERSONAL,GOOD,0,0,THIRD_PARTY,250,0,305.45,URBAN,STREET_PARKING
0,0.0,0,0,12,SEDAN,PETROL,6612.13,2910,2,0,32,11,15700,PERSONAL,POOR,0,0,COMPREHENSIVE,500,20,250.0,URBAN,PRIVATE_DRIVEWAY
0,0.0,0,0,2,SUV,ELECTRIC,28216.11,1990,3,1,58,32,11800,RIDESHARE,GOOD,2,1,COMPREHENSIVE,500,35,1121.82,RURAL,PRIVATE_DRIVEWAY
0,0.0,0,0,10,SEDAN,DIESEL,10883.26,1710,4,0,46,16,7600,COMMUTE,EXCELLENT,0,0,ZERO_DEP_PREMIUM,1000,20,463.53,URBAN,STREET_PARKING
0,0.0,0,0,9,SEDAN,CNG,10666.36,1680,5,0,67,37,7400,RIDESHARE,EXCELLENT,0,2,THIRD_PARTY,500,20,250.0,SUBURBAN,STREET_PARKING
1,8211.17,0,19,14,COMMERCIAL_VAN,PETROL,8211.17,1410,2,0,54,14,21700,RIDESHARE,EXCELLENT,2,0,THIRD_PARTY,500,0,272.2,METROPOLITAN,LOCKED_GARAGE
0,0.0,0,0,18,HATCHBACK,ELECTRIC,4000.0,2900,3,1,57,29,16600,PERSONAL,FAIR,1,0,COMPREHENSIVE,500,0,250.0,SUBURBAN,LOCKED_GARAGE
0,0.0,0,0,12,HATCHBACK,ELECTRIC,4989.55,1480,1,0,27,9,19900,PERSONAL,EXCELLENT,1,0,COMPREHENSIVE,250,50,250.0,URBAN,LOCKED_GARAGE
0,0.0,0,0,7,SUV,CNG,22398.52,1700,5,1,47,21,8200,RIDESHARE,EXCELLENT,1,0,THIRD_PARTY,1000,50,374.19,URBAN,PRIVATE_DRIVEWAY
0,0.0,0,0,7,HATCHBACK,ELECTRIC,8375.1,800,5,1,68,33,17000,COMMUTE,FAIR,2,0,ZERO_DEP_PREMIUM,500,50,323.93,SUBURBAN,LOCKED_GARAGE
0,0.0,0,0,7,COMMERCIAL_VAN,PETROL,15235.6,1190,5,0,27,6,18000,PERSONAL,GOOD,0,1,COMPREHENSIVE,1000,35,513.29,METROPOLITAN,PRIVATE_DRIVEWAY
0,0.0,0,0,15,HATCHBACK,PETROL,4000.0,1240,2,0,42,11,9800,PERSONAL,EXCELLENT,3,0,ZERO_DEP_PREMIUM,250,20,250.0,URBAN,STREET_PARKING
0,0.0,0,0,6,HATCHBACK,CNG,8450.76,1920,5,0,41,15,10900,COMMUTE,GOOD,1,1,COMPREHENSIVE,250,25,261.08,URBAN,STREET_PARKING
0,0.0,0,0,3,SUV,DIESEL,19904.04,1100,3,1,46,25,23500,COMMUTE,GOOD,0,1,THIRD_PARTY,2000,20,250.0,URBAN,PRIVATE_DRIVEWAY
0,0.0,0,0,6,SUV,HYBRID,21165.53,1630,5,0,53,34,12700,COMMUTE,FAIR,0,0,ZERO_DEP_PREMIUM,1000,35,886.24,METROPOLITAN,PRIVATE_DRIVEWAY
0,0.0,0,0,0,HATCHBACK,ELECTRIC,14334.37,1210,5,0,44,13,18700,PERSONAL,GOOD,1,0,COMPREHENSIVE,2000,35,288.82,RURAL,STREET_PARKING
1,4267.49,0,13,2,LUXURY_COUPE,ELECTRIC,64936.13,1780,5,0,70,43,8600,PERSONAL,FAIR,1,1,COMPREHENSIVE,250,35,1554.25,RURAL,LOCKED_GARAGE
0,0.0,0,0,1,SUV,ELECTRIC,26105.67,860,2,0,18,0,23400,PERSONAL,FAIR,1,0,COMPREHENSIVE,250,20,764.22,SUBURBAN,STREET_PARKING
0,0.0,0,0,14,SUV,CNG,8084.98,1490,5,0,18,0,11600,RIDESHARE,GOOD,3,1,THIRD_PARTY,250,35,250.0,METROPOLITAN,LOCKED_GARAGE
0,0.0,0,0,13,SUV,CNG,10354.58,1670,1,0,39,14,13000,COMMUTE,POOR,1,0,COMPREHENSIVE,500,0,518.14,METROPOLITAN,PRIVATE_DRIVEWAY
0,0.0,0,0,13,SUV,PETROL,8491.11,1470,1,0,60,22,17100,PERSONAL,EXCELLENT,0,1,COMPREHENSIVE,500,45,250.0,URBAN,LOCKED_GARAGE
0,0.0,0,0,8,LUXURY_COUPE,PETROL,38742.22,1960,5,1,40,9,32300,COMMERCIAL,EXCELLENT,3,1,COMPREHENSIVE,250,0,1744.18,SUBURBAN,LOCKED_GARAGE
0,0.0,0,0,13,HATCHBACK,PETROL,4754.99,1510,4,1,36,15,10900,PERSONAL,EXCELLENT,0,0,THIRD_PARTY,250,50,250.0,URBAN,PRIVATE_DRIVEWAY
0,0.0,0,0,3,SUV,PETROL,20748.35,1390,3,1,18,0,14400,PERSONAL,FAIR,1,0,COMPREHENSIVE,250,35,472.64,RURAL,PRIVATE_DRIVEWAY
0,0.0,0,0,17,SUV,HYBRID,8261.75,920,3,1,38,19,22300,PERSONAL,GOOD,1,1,ZERO_DEP_PREMIUM,250,20,420.33,METROPOLITAN,LOCKED_GARAGE
0,0.0,0,0,9,SUV,HYBRID,18415.08,1650,5,1,35,7,15000,COMMUTE,GOOD,0,0,ZERO_DEP_PREMIUM,250,0,1176.42,METROPOLITAN,PRIVATE_DRIVEWAY
1,3272.51,0,18,17,SEDAN,PETROL,5268.53,2780,3,1,40,22,14700,PERSONAL,GOOD,2,1,THIRD_PARTY,500,0,250.0,SUBURBAN,LOCKED_GARAGE
0,0.0,0,0,2,HATCHBACK,PETROL,14533.48,1500,5,0,40,11,28100,COMMUTE,POOR,2,0,ZERO_DEP_PREMIUM,1000,35,576.24,URBAN,LOCKED_GARAGE
0,0.0,0,0,9,TRUCK,DIESEL,20650.49,1350,5,0,52,25,22700,COMMUTE,GOOD,1,1,COMPREHENSIVE,500,0,767.43,SUBURBAN,STREET_PARKING
0,0.0,0,0,13,HATCHBACK,HYBRID,4837.17,2550,5,1,36,13,28600,PERSONAL,EXCELLENT,2,0,ZERO_DEP_PREMIUM,250,0,250.0,URBAN,STREET_PARKING
0,0.0,0,0,9,SEDAN,DIESEL,11886.54,2420,2,0,30,5,10500,PERSONAL,GOOD,0,0,COMPREHENSIVE,500,25,298.59,SUBURBAN,LOCKED_GARAGE
0,0.0,0,0,8,HATCHBACK,PETROL,9582.87,2530,3,1,42,19,20100,PERSONAL,GOOD,3,0,COMPREHENSIVE,2000,25,354.74,METROPOLITAN,STREET_PARKING
0,0.0,0,0,3,HATCHBACK,PETROL,12110.84,1570,2,1,42,14,14900,COMMUTE,GOOD,3,0,COMPREHENSIVE,500,35,321.63,RURAL,PRIVATE_DRIVEWAY
0,0.0,0,0,7,SEDAN,DIESEL,11309.25,1090,2,1,25,6,13800,PERSONAL,GOOD,1,0,COMPREHENSIVE,500,45,272.72,METROPOLITAN,PRIVATE_DRIVEWAY
0,0.0,0,0,4,HATCHBACK,DIESEL,10093.14,1020,5,0,47,21,14400,PERSONAL,GOOD,5,0,COMPREHENSIVE,500,50,364.51,METROPOLITAN,LOCKED_GARAGE
0,0.0,0,0,5,HATCHBACK,HYBRID,11390.37,2340,4,1,24,3,19200,PERSONAL,FAIR,0,1,COMPREHENSIVE,1000,50,272.02,URBAN,LOCKED_GARAGE
0,0.0,0,0,12,TRUCK,CNG,14468.37,3340,4,1,51,24,14800,RIDESHARE,FAIR,3,0,THIRD_PARTY,500,25,250.0,RURAL,LOCKED_GARAGE
0,0.0,0,0,11,SEDAN,PETROL,8366.1,1000,4,1,35,17,9000,PERSONAL,GOOD,1,1,COMPREHENSIVE,1000,35,260.5,METROPOLITAN,LOCKED_GARAGE
1,687.84,0,16,11,SEDAN,PETROL,10571.52,800,4,0,26,7,9100,RIDESHARE,POOR,0,1,COMPREHENSIVE,1000,0,660.44,METROPOLITAN,PRIVATE_DRIVEWAY
0,0.0,0,0,6,SUV,PETROL,20529.31,1590,5,1,81,51,7000,PERSONAL,GOOD,0,0,ZERO_DEP_PREMIUM,1000,45,575.32,SUBURBAN,LOCKED_GARAGE
0,0.0,0,0,18,SEDAN,PETROL,5804.9,1010,3,0,43,24,14500,COMMUTE,EXCELLENT,1,0,THIRD_PARTY,2000,25,250.0,URBAN,LOCKED_GARAGE
0,0.0,0,0,1,SUV,PETROL,31815.93,1140,5,1,57,32,18600,PERSONAL,EXCELLENT,0,0,COMPREHENSIVE,1000,25,839.79,SUBURBAN,PRIVATE_DRIVEWAY
0,0.0,0,0,6,TRUCK,PETROL,21395.15,2150,5,0,41,11,21700,COMMERCIAL,POOR,1,0,COMPREHENSIVE,1000,0,847.98,RURAL,LOCKED_GARAGE
1,4738.18,0,19,2,SEDAN,PETROL,19320.39,1870,5,1,60,26,17600,PERSONAL,FAIR,2,0,COMPREHENSIVE,1000,0,787.33,METROPOLITAN,STREET_PARKING
1,8657.75,0,20,6,SUV,HYBRID,27564.11,1090,3,1,52,16,16000,PERSONAL,FAIR,0,0,THIRD_PARTY,500,0,488.02,URBAN,PRIVATE_DRIVEWAY
0,0.0,0,0,18,LUXURY_COUPE,PETROL,14451.58,2590,3,0,38,14,22000,PERSONAL,EXCELLENT,0,0,COMPREHENSIVE,500,0,586.25,METROPOLITAN,PRIVATE_DRIVEWAY
0,0.0,0,0,6,HATCHBACK,HYBRID,10083.68,1520,2,0,56,21,5400,PERSONAL,GOOD,0,0,ZERO_DEP_PREMIUM,1000,25,423.89,METROPOLITAN,LOCKED_GARAGE
0,0.0,0,0,17,SUV,PETROL,6891.79,800,1,1,59,34,17900,PERSONAL,GOOD,0,0,THIRD_PARTY,250,45,250.0,URBAN,STREET_PARKING
0,0.0,0,0,9,HATCHBACK,PETROL,6278.71,1950,5,0,36,8,17300,COMMUTE,FAIR,1,0,ZERO_DEP_PREMIUM,500,20,356.75,METROPOLITAN,LOCKED_GARAGE
0,0.0,0,0,13,SEDAN,PETROL,5205.89,1310,1,0,42,11,6800,RIDESHARE,FAIR,1,0,COMPREHENSIVE,1000,25,269.86,METROPOLITAN,STREET_PARKING
1,9834.52,0,34,8,SEDAN,PETROL,13711.28,800,5,0,71,51,2300,RIDESHARE,POOR,0,0,COMPREHENSIVE,1000,20,546.1,SUBURBAN,LOCKED_GARAGE
1,6140.95,0,27,5,HATCHBACK,PETROL,9088.65,1130,5,0,45,25,14000,PERSONAL,EXCELLENT,2,0,COMPREHENSIVE,1000,25,279.88,URBAN,LOCKED_GARAGE
0,0.0,0,0,14,SUV,HYBRID,9216.79,1730,1,0,58,24,18800,RIDESHARE,EXCELLENT,2,0,COMPREHENSIVE,250,0,524.34,SUBURBAN,PRIVATE_DRIVEWAY
0,0.0,0,0,18,SUV,CNG,7489.93,1630,4,0,54,15,5600,PERSONAL,FAIR,1,0,THIRD_PARTY,250,50,250.0,METROPOLITAN,LOCKED_GARAGE
0,0.0,0,0,5,SEDAN,PETROL,16194.99,2020,5,1,57,22,10100,RIDESHARE,FAIR,0,0,COMPREHENSIVE,2000,20,583.45,URBAN,PRIVATE_DRIVEWAY
0,0.0,0,0,14,TRUCK,PETROL,9968.97,2580,2,1,56,21,13900,COMMERCIAL,FAIR,2,0,COMPREHENSIVE,500,20,427.73,SUBURBAN,PRIVATE_DRIVEWAY
1,7493.0,0,21,4,SEDAN,PETROL,13830.53,840,2,1,18,0,21000,PERSONAL,EXCELLENT,2,0,ZERO_DEP_PREMIUM,500,20,565.45,SUBURBAN,STREET_PARKING
0,0.0,0,0,13,HATCHBACK,ELECTRIC,4087.51,800,2,1,35,12,17100,COMMUTE,EXCELLENT,0,1,THIRD_PARTY,500,50,250.0,URBAN,PRIVATE_DRIVEWAY
0,0.0,0,0,14,SUV,PETROL,8335.9,1680,5,1,38,15,17000,COMMUTE,EXCELLENT,1,1,ZERO_DEP_PREMIUM,500,0,505.5,METROPOLITAN,LOCKED_GARAGE
1,1635.83,0,24,8,HATCHBACK,PETROL,8912.53,2010,5,1,46,26,12500,PERSONAL,POOR,1,1,THIRD_PARTY,500,25,250.0,METROPOLITAN,LOCKED_GARAGE
0,0.0,0,0,14,SEDAN,HYBRID,4866.73,1470,3,1,30,8,24000,COMMUTE,GOOD,2,0,ZERO_DEP_PREMIUM,1000,50,250.0,RURAL,LOCKED_GARAGE
0,0.0,0,0,5,SEDAN,HYBRID,14386.22,2030,2,0,40,9,16900,PERSONAL,FAIR,1,0,ZERO_DEP_PREMIUM,500,50,518.93,URBAN,PRIVATE_DRIVEWAY
1,7802.07,0,18,1,HATCHBACK,DIESEL,14277.1,950,5,1,24,6,10600,PERSONAL,GOOD,4,1,ZERO_DEP_PREMIUM,1000,0,930.16,METROPOLITAN,STREET_PARKING
0,0.0,0,0,1,HATCHBACK,PETROL,15472.31,1380,4,1,18,0,11400,PERSONAL,FAIR,6,1,COMPREHENSIVE,500,45,463.18,RURAL,STREET_PARKING
0,0.0,0,0,8,SEDAN,PETROL,11444.04,1000,2,1,80,28,13300,PERSONAL,POOR,0,0,COMPREHENSIVE,1000,0,451.6,METROPOLITAN,PRIVATE_DRIVEWAY
0,0.0,0,0,17,SUV,PETROL,6814.2,2050,3,1,36,16,12300,PERSONAL,FAIR,0,0,COMPREHENSIVE,250,45,250.0,URBAN,PRIVATE_DRIVEWAY
0,0.0,0,0,2,SUV,DIESEL,27397.55,1010,5,0,60,22,3100,PERSONAL,POOR,2,0,COMPREHENSIVE,500,0,1118.04,METROPOLITAN,PRIVATE_DRIVEWAY
0,0.0,0,0,8,SEDAN,ELECTRIC,10821.9,2940,2,0,55,30,10700,PERSONAL,GOOD,0,0,COMPREHENSIVE,250,45,328.82,METROPOLITAN,LOCKED_GARAGE
1,4180.46,0,26,13,HATCHBACK,PETROL,4180.46,1270,5,1,36,11,17200,PERSONAL,GOOD,1,1,THIRD_PARTY,1000,0,250.0,URBAN,LOCKED_GARAGE
0,0.0,0,0,3,SEDAN,HYBRID,15989.61,2120,5,1,63,43,9000,COMMERCIAL,FAIR,1,0,COMPREHENSIVE,250,20,802.69,METROPOLITAN,PRIVATE_DRIVEWAY
0,0.0,0,0,13,HATCHBACK,DIESEL,4455.83,1280,5,0,30,9,14900,PERSONAL,EXCELLENT,0,1,COMPREHENSIVE,250,20,250.0,URBAN,LOCKED_GARAGE
1,6966.17,0,15,5,SEDAN,ELECTRIC,16356.95,2470,3,0,41,13,6900,PERSONAL,POOR,2,0,ZERO_DEP_PREMIUM,500,35,760.9,URBAN,LOCKED_GARAGE
0,0.0,0,0,15,SUV,PETROL,8963.94,2440,1,1,51,20,2000,PERSONAL,FAIR,1,0,COMPREHENSIVE,500,50,250.0,URBAN,PRIVATE_DRIVEWAY
1,2495.72,0,5,11,SUV,PETROL,8964.33,1390,1,0,42,16,12100,COMMUTE,POOR,3,0,THIRD_PARTY,500,20,250.0,SUBURBAN,PRIVATE_DRIVEWAY
0,0.0,0,0,10,SUV,PETROL,11361.92,1780,5,0,40,21,15400,PERSONAL,EXCELLENT,1,0,THIRD_PARTY,250,0,250.0,METROPOLITAN,STREET_PARKING
0,0.0,0,0,3,SUV,DIESEL,30864.83,2430,2,1,18,0,10700,COMMUTE,FAIR,0,0,COMPREHENSIVE,500,45,936.97,URBAN,STREET_PARKING
0,0.0,0,0,8,COMMERCIAL_VAN,PETROL,15349.45,1800,4,1,53,26,7600,COMMUTE,GOOD,1,1,THIRD_PARTY,1000,20,250.0,URBAN,PRIVATE_DRIVEWAY
0,0.0,0,0,16,SUV,PETROL,6592.27,1000,5,0,55,19,18200,COMMUTE,POOR,2,0,COMPREHENSIVE,500,35,250.0,URBAN,PRIVATE_DRIVEWAY
0,0.0,0,0,0,TRUCK,ELECTRIC,37075.7,2350,5,0,35,9,13800,PERSONAL,EXCELLENT,3,0,THIRD_PARTY,1000,0,620.85,URBAN,LOCKED_GARAGE
0,0.0,0,0,14,SEDAN,ELECTRIC,5659.95,1110,5,1,55,18,18200,COMMUTE,FAIR,1,0,ZERO_DEP_PREMIUM,2000,45,250.0,METROPOLITAN,PRIVATE_DRIVEWAY
0,0.0,0,0,9,SUV,DIESEL,15853.58,1700,4,1,46,14,26400,COMMERCIAL,EXCELLENT,1,1,COMPREHENSIVE,2000,0,651.44,SUBURBAN,LOCKED_GARAGE
0,0.0,0,0,13,SEDAN,DIESEL,6622.13,1090,2,0,57,24,17000,PERSONAL,FAIR,1,1,COMPREHENSIVE,1000,20,250.0,METROPOLITAN,LOCKED_GARAGE
1,11314.11,0,28,12,SUV,DIESEL,11314.11,1840,3,1,53,21,17100,COMMERCIAL,GOOD,1,0,ZERO_DEP_PREMIUM,1000,20,589.07,SUBURBAN,STREET_PARKING
0,0.0,0,0,8,HATCHBACK,DIESEL,8103.57,800,5,0,38,17,9400,PERSONAL,EXCELLENT,0,1,THIRD_PARTY,1000,35,250.0,SUBURBAN,PRIVATE_DRIVEWAY
0,0.0,0,0,5,TRUCK,PETROL,32007.71,1570,5,0,71,42,13900,RIDESHARE,GOOD,0,1,ZERO_DEP_PREMIUM,1000,20,1575.92,RURAL,PRIVATE_DRIVEWAY
0,0.0,0,0,11,HATCHBACK,PETROL,5520.59,1080,2,0,30,7,6000,RIDESHARE,GOOD,1,0,THIRD_PARTY,500,0,250.0,SUBURBAN,PRIVATE_DRIVEWAY
0,0.0,0,0,2,HATCHBACK,PETROL,12394.84,1500,4,0,18,0,7600,COMMERCIAL,FAIR,2,0,THIRD_PARTY,500,0,284.87,SUBURBAN,STREET_PARKING
0,0.0,0,0,11,SEDAN,PETROL,9527.17,800,1,1,18,0,15900,RIDESHARE,GOOD,1,1,THIRD_PARTY,2000,45,250.0,RURAL,LOCKED_GARAGE
0,0.0,0,0,1,SEDAN,DIESEL,22168.78,1030,3,1,48,19,12000,PERSONAL,EXCELLENT,2,0,ZERO_DEP_PREMIUM,500,35,910.13,SUBURBAN,LOCKED_GARAGE
0,0.0,0,0,12,TRUCK,DIESEL,11520.21,2810,5,1,18,0,10200,RIDESHARE,EXCELLENT,0,1,THIRD_PARTY,250,45,250.0,METROPOLITAN,LOCKED_GARAGE
0,0.0,0,0,11,SEDAN,PETROL,8593.94,2180,2,1,33,12,14800,RIDESHARE,FAIR,0,0,COMPREHENSIVE,500,0,447.32,SUBURBAN,STREET_PARKING
0,0.0,0,0,1,SEDAN,ELECTRIC,21883.29,800,5,1,58,30,10400,COMMUTE,FAIR,1,1,COMPREHENSIVE,500,45,781.48,METROPOLITAN,PRIVATE_DRIVEWAY
0,0.0,0,0,14,COMMERCIAL_VAN,DIESEL,6971.85,1220,5,1,18,0,12300,COMMUTE,POOR,2,0,COMPREHENSIVE,500,50,250.0,METROPOLITAN,PRIVATE_DRIVEWAY
0,0.0,0,0,7,LUXURY_COUPE,DIESEL,37388.58,3330,4,0,39,15,15900,COMMUTE,GOOD,0,0,COMPREHENSIVE,250,50,935.84,URBAN,PRIVATE_DRIVEWAY
0,0.0,0,0,14,HATCHBACK,CNG,4000.0,1850,1,1,41,21,11000,COMMERCIAL,FAIR,1,1,COMPREHENSIVE,1000,0,250.0,SUBURBAN,LOCKED_GARAGE
0,0.0,0,0,0,SUV,PETROL,20930.13,1860,2,0,20,1,7900,RIDESHARE,FAIR,1,0,COMPREHENSIVE,500,50,955.24,METROPOLITAN,PRIVATE_DRIVEWAY
1,8602.67,0,26,3,TRUCK,PETROL,30305.66,2670,3,0,46,13,22100,COMMUTE,GOOD,1,0,ZERO_DEP_PREMIUM,250,35,1093.09,SUBURBAN,LOCKED_GARAGE
1,11279.7,0,19,9,SEDAN,PETROL,11279.7,980,4,0,39,15,26600,COMMUTE,GOOD,3,0,COMPREHENSIVE,500,25,507.51,METROPOLITAN,PRIVATE_DRIVEWAY
0,0.0,0,0,3,SUV,DIESEL,23207.66,1740,3,1,51,32,14000,COMMERCIAL,EXCELLENT,1,0,COMPREHENSIVE,1000,0,1019.89,RURAL,LOCKED_GARAGE
0,0.0,0,0,6,SUV,PETROL,24984.99,1910,2,1,41,17,12900,PERSONAL,EXCELLENT,3,0,COMPREHENSIVE,250,45,578.71,SUBURBAN,STREET_PARKING
0,0.0,0,0,12,COMMERCIAL_VAN,HYBRID,8918.84,1670,1,1,35,8,14200,PERSONAL,POOR,1,1,THIRD_PARTY,1000,0,250.0,SUBURBAN,PRIVATE_DRIVEWAY
0,0.0,0,0,2,COMMERCIAL_VAN,PETROL,29623.75,1340,3,0,47,26,9500,RIDESHARE,GOOD,3,0,COMPREHENSIVE,500,0,1459.28,RURAL,STREET_PARKING
0,0.0,0,0,12,HATCHBACK,DIESEL,4999.14,1570,5,0,60,24,21500,PERSONAL,EXCELLENT,1,0,COMPREHENSIVE,250,25,250.0,RURAL,STREET_PARKING
0,0.0,0,0,1,SEDAN,DIESEL,26219.52,860,5,1,61,27,20100,RIDESHARE,FAIR,1,2,ZERO_DEP_PREMIUM,250,0,2266.82,METROPOLITAN,STREET_PARKING
0,0.0,0,0,3,SUV,PETROL,28450.94,2000,5,1,50,31,11000,COMMUTE,POOR,0,1,COMPREHENSIVE,2000,35,706.67,URBAN,STREET_PARKING
0,0.0,0,0,11,SEDAN,ELECTRIC,7181.82,800,4,0,54,19,11900,COMMUTE,GOOD,1,0,COMPREHENSIVE,1000,50,250.0,SUBURBAN,LOCKED_GARAGE
0,0.0,0,0,15,COMMERCIAL_VAN,DIESEL,8448.93,1070,1,0,33,9,16500,RIDESHARE,FAIR,2,0,THIRD_PARTY,1000,25,250.0,METROPOLITAN,PRIVATE_DRIVEWAY
0,0.0,0,0,3,SEDAN,ELECTRIC,22112.15,2040,3,1,38,20,21700,PERSONAL,EXCELLENT,0,0,THIRD_PARTY,1000,0,287.38,RURAL,STREET_PARKING
0,0.0,0,0,5,SEDAN,DIESEL,12557.99,1790,4,0,49,29,16900,PERSONAL,EXCELLENT,0,0,COMPREHENSIVE,500,50,269.49,SUBURBAN,STREET_PARKING
0,0.0,0,0,17,HATCHBACK,DIESEL,4000.0,1290,4,0,45,11,17700,PERSONAL,GOOD,1,0,THIRD_PARTY,500,0,250.0,METROPOLITAN,STREET_PARKING
0,0.0,0,0,18,SUV,PETROL,8825.9,800,1,0,51,29,16800,PERSONAL,EXCELLENT,0,0,COMPREHENSIVE,250,45,250.0,RURAL,LOCKED_GARAGE
0,0.0,0,0,11,TRUCK,DIESEL,14626.65,2270,4,1,62,20,15400,PERSONAL,GOOD,0,0,COMPREHENSIVE,2000,20,433.11,URBAN,STREET_PARKING
0,0.0,0,0,8,SEDAN,PETROL,8739.38,1190,3,0,40,16,16500,PERSONAL,GOOD,0,0,THIRD_PARTY,500,20,250.0,SUBURBAN,STREET_PARKING
1,3793.15,0,36,6,TRUCK,PETROL,24555.79,2610,5,0,21,2,19200,PERSONAL,EXCELLENT,1,0,COMPREHENSIVE,250,50,560.7,SUBURBAN,STREET_PARKING
0,0.0,0,0,11,SEDAN,PETROL,8084.06,1260,5,0,30,8,16200,PERSONAL,FAIR,2,0,ZERO_DEP_PREMIUM,1000,45,395.29,METROPOLITAN,PRIVATE_DRIVEWAY
1,803.28,0,12,11,SEDAN,DIESEL,10285.25,800,3,0,45,27,12700,COMMUTE,POOR,1,2,COMPREHENSIVE,500,50,278.38,METROPOLITAN,LOCKED_GARAGE
1,3406.59,0,1,5,SUV,PETROL,22953.36,800,5,0,37,13,29400,PERSONAL,GOOD,0,0,ZERO_DEP_PREMIUM,250,0,1365.93,METROPOLITAN,STREET_PARKING
0,0.0,0,0,0,SEDAN,CNG,20911.5,1320,2,1,25,3,3800,COMMERCIAL,FAIR,0,0,THIRD_PARTY,500,0,412.69,RURAL,PRIVATE_DRIVEWAY
0,0.0,0,0,2,HATCHBACK,PETROL,11583.05,1670,5,1,41,10,19800,PERSONAL,FAIR,1,0,ZERO_DEP_PREMIUM,250,50,478.45,METROPOLITAN,PRIVATE_DRIVEWAY
0,0.0,0,0,18,SEDAN,PETROL,5714.99,840,1,0,32,11,10900,PERSONAL,FAIR,1,1,ZERO_DEP_PREMIUM,500,20,280.09,METROPOLITAN,PRIVATE_DRIVEWAY
0,0.0,0,0,7,SEDAN,PETROL,13622.33,1110,3,1,50,21,3400,PERSONAL,GOOD,0,0,COMPREHENSIVE,250,0,435.33,SUBURBAN,LOCKED_GARAGE
0,0.0,0,0,9,HATCHBACK,PETROL,6399.81,2120,3,1,63,36,2000,COMMUTE,GOOD,0,0,THIRD_PARTY,250,45,250.0,METROPOLITAN,PRIVATE_DRIVEWAY
0,0.0,0,0,8,SEDAN,PETROL,12710.33,2320,5,1,58,32,12800,PERSONAL,POOR,0,1,ZERO_DEP_PREMIUM,500,20,588.66,METROPOLITAN,STREET_PARKING
0,0.0,0,0,14,HATCHBACK,DIESEL,4000.0,1780,4,1,29,7,27400,RIDESHARE,EXCELLENT,1,0,ZERO_DEP_PREMIUM,1000,35,250.0,SUBURBAN,STREET_PARKING
0,0.0,0,0,1,HATCHBACK,PETROL,9114.53,1410,5,0,33,9,26000,PERSONAL,FAIR,0,0,ZERO_DEP_PREMIUM,250,0,356.09,RURAL,LOCKED_GARAGE
0,0.0,0,0,1,SEDAN,PETROL,22456.58,1200,4,0,20,1,10400,PERSONAL,POOR,1,1,THIRD_PARTY,2000,25,273.11,SUBURBAN,PRIVATE_DRIVEWAY
0,0.0,0,0,5,HATCHBACK,PETROL,10848.14,1950,5,1,58,27,10200,PERSONAL,GOOD,1,0,ZERO_DEP_PREMIUM,250,50,479.62,METROPOLITAN,LOCKED_GARAGE
0,0.0,0,0,9,SEDAN,PETROL,11376.29,1390,5,1,44,14,11500,PERSONAL,GOOD,0,0,ZERO_DEP_PREMIUM,250,35,494.2,METROPOLITAN,LOCKED_GARAGE
0,0.0,0,0,12,SUV,CNG,10302.31,2200,4,0,64,19,15400,RIDESHARE,FAIR,0,0,ZERO_DEP_PREMIUM,1000,25,601.41,URBAN,PRIVATE_DRIVEWAY
1,3014.24,0,11,9,SEDAN,PETROL,11013.93,2230,4,0,51,30,26600,PERSONAL,GOOD,0,1,THIRD_PARTY,2000,25,250.0,SUBURBAN,LOCKED_GARAGE
0,0.0,0,0,8,TRUCK,ELECTRIC,23372.12,2570,4,1,36,16,20300,PERSONAL,POOR,1,0,COMPREHENSIVE,250,0,1011.91,URBAN,STREET_PARKING
1,4000.0,0,19,17,HATCHBACK,DIESEL,4000.0,1280,2,0,18,0,18300,COMMUTE,POOR,1,0,COMPREHENSIVE,500,35,250.0,SUBURBAN,STREET_PARKING
0,0.0,0,0,3,HATCHBACK,PETROL,12895.91,1330,2,1,46,18,15800,PERSONAL,EXCELLENT,0,1,COMPREHENSIVE,500,35,307.36,SUBURBAN,STREET_PARKING
0,0.0,0,0,10,LUXURY_COUPE,HYBRID,24073.28,1430,5,0,71,38,2000,PERSONAL,GOOD,0,0,COMPREHENSIVE,1000,50,529.42,URBAN,PRIVATE_DRIVEWAY
0,0.0,0,0,10,SUV,PETROL,14690.58,1570,2,1,54,15,2000,COMMUTE,GOOD,3,1,THIRD_PARTY,250,50,250.0,SUBURBAN,PRIVATE_DRIVEWAY
0,0.0,0,0,8,COMMERCIAL_VAN,HYBRID,16851.93,1550,5,0,40,21,9100,PERSONAL,EXCELLENT,2,0,THIRD_PARTY,1000,0,293.79,URBAN,PRIVATE_DRIVEWAY
0,0.0,0,0,15,HATCHBACK,DIESEL,4000.0,800,3,0,54,21,6200,COMMUTE,EXCELLENT,0,0,ZERO_DEP_PREMIUM,500,35,250.0,URBAN,STREET_PARKING
0,0.0,0,0,5,COMMERCIAL_VAN,PETROL,19351.59,3140,2,0,52,27,3300,RIDESHARE,GOOD,1,0,COMPREHENSIVE,2000,35,859.45,METROPOLITAN,STREET_PARKING
0,0.0,0,0,18,COMMERCIAL_VAN,CNG,6771.17,1960,5,0,60,28,20300,RIDESHARE,EXCELLENT,0,0,THIRD_PARTY,250,35,250.0,METROPOLITAN,PRIVATE_DRIVEWAY
0,0.0,0,0,6,LUXURY_COUPE,PETROL,36262.37,1950,5,0,30,5,12500,PERSONAL,GOOD,2,0,THIRD_PARTY,250,25,515.16,SUBURBAN,STREET_PARKING
0,0.0,0,0,10,SEDAN,CNG,9226.72,2940,4,0,48,24,8500,COMMUTE,FAIR,1,1,COMPREHENSIVE,1000,0,318.5,SUBURBAN,PRIVATE_DRIVEWAY
1,4950.15,0,11,9,TRUCK,CNG,19778.18,1980,3,1,21,2,5700,PERSONAL,FAIR,2,0,COMPREHENSIVE,500,0,727.62,RURAL,STREET_PARKING
1,4276.01,0,2,16,TRUCK,PETROL,7450.46,2840,5,0,18,0,18800,PERSONAL,EXCELLENT,2,1,THIRD_PARTY,1000,35,250.0,METROPOLITAN,PRIVATE_DRIVEWAY
0,0.0,0,0,8,HATCHBACK,PETROL,7423.31,1660,3,0,52,31,13700,COMMERCIAL,GOOD,0,1,ZERO_DEP_PREMIUM,250,0,610.84,METROPOLITAN,LOCKED_GARAGE
0,0.0,0,0,5,SEDAN,HYBRID,17119.05,1300,5,0,59,25,4400,PERSONAL,GOOD,1,0,THIRD_PARTY,250,0,337.24,METROPOLITAN,PRIVATE_DRIVEWAY
0,0.0,0,0,0,LUXURY_COUPE,PETROL,64197.54,2280,4,1,42,22,11100,RIDESHARE,GOOD,1,1,COMPREHENSIVE,500,20,2743.61,SUBURBAN,PRIVATE_DRIVEWAY
0,0.0,0,0,6,SEDAN,ELECTRIC,14873.02,2530,5,0,41,14,26200,PERSONAL,EXCELLENT,1,1,THIRD_PARTY,500,35,250.0,METROPOLITAN,PRIVATE_DRIVEWAY
0,0.0,0,0,15,SUV,PETROL,6554.14,2170,5,0,47,18,20700,PERSONAL,POOR,1,1,COMPREHENSIVE,1000,35,250.0,METROPOLITAN,LOCKED_GARAGE
0,0.0,0,0,0,HATCHBACK,PETROL,13831.92,1520,2,1,58,38,14400,PERSONAL,POOR,0,2,COMPREHENSIVE,1000,35,425.89,URBAN,LOCKED_GARAGE
1,5518.93,0,30,17,SEDAN,DIESEL,5518.93,800,1,0,55,31,16500,PERSONAL,FAIR,1,0,THIRD_PARTY,500,0,250.0,RURAL,STREET_PARKING
0,0.0,0,0,10,HATCHBACK,ELECTRIC,6176.22,1800,5,0,47,22,11100,PERSONAL,GOOD,0,1,THIRD_PARTY,2000,0,250.0,METROPOLITAN,LOCKED_GARAGE
0,0.0,0,0,2,SEDAN,ELECTRIC,19939.02,800,3,1,52,16,12300,COMMUTE,FAIR,0,0,COMPREHENSIVE,2000,25,453.8,RURAL,STREET_PARKING
0,0.0,0,0,5,HATCHBACK,DIESEL,9773.49,1950,2,1,53,15,6600,PERSONAL,EXCELLENT,1,1,COMPREHENSIVE,500,45,274.27,METROPOLITAN,STREET_PARKING
0,0.0,0,0,10,TRUCK,PETROL,16164.21,1840,3,1,27,7,9600,PERSONAL,EXCELLENT,0,0,THIRD_PARTY,500,35,250.0,URBAN,STREET_PARKING
0,0.0,0,0,5,SUV,PETROL,20305.28,1200,3,1,50,21,17200,PERSONAL,GOOD,1,1,THIRD_PARTY,250,25,354.76,METROPOLITAN,LOCKED_GARAGE
1,1391.59,0,22,2,HATCHBACK,PETROL,13917.02,1190,3,1,24,3,23300,COMMUTE,GOOD,1,0,COMPREHENSIVE,500,0,498.83,SUBURBAN,STREET_PARKING
0,0.0,0,0,12,SEDAN,PETROL,6378.95,2260,3,0,57,17,16300,RIDESHARE,FAIR,2,1,COMPREHENSIVE,1000,45,250.0,RURAL,STREET_PARKING
0,0.0,0,0,12,TRUCK,PETROL,13164.88,1150,5,1,54,15,20300,PERSONAL,EXCELLENT,4,2,COMPREHENSIVE,500,0,644.44,METROPOLITAN,STREET_PARKING
0,0.0,0,0,2,LUXURY_COUPE,DIESEL,70437.21,2980,5,1,43,18,2000,PERSONAL,FAIR,0,0,THIRD_PARTY,500,35,811.52,URBAN,LOCKED_GARAGE
0,0.0,0,0,5,SEDAN,PETROL,18058.15,1820,4,0,39,18,17100,PERSONAL,POOR,1,0,COMPREHENSIVE,500,20,518.65,SUBURBAN,PRIVATE_DRIVEWAY
0,0.0,0,0,4,HATCHBACK,PETROL,11587.47,1550,4,0,58,34,16200,PERSONAL,GOOD,1,0,COMPREHENSIVE,500,45,275.63,SUBURBAN,PRIVATE_DRIVEWAY
0,0.0,0,0,12,HATCHBACK,DIESEL,4902.65,1310,2,1,46,16,9000,PERSONAL,EXCELLENT,1,1,COMPREHENSIVE,250,20,250.0,URBAN,LOCKED_GARAGE
1,4000.0,0,16,13,HATCHBACK,PETROL,4000.0,1920,5,0,46,23,13600,PERSONAL,POOR,2,0,ZERO_DEP_PREMIUM,250,45,250.0,URBAN,STREET_PARKING
1,4000.0,0,32,13,HATCHBACK,CNG,4000.0,1310,4,1,47,28,22700,PERSONAL,GOOD,1,1,THIRD_PARTY,500,25,250.0,URBAN,PRIVATE_DRIVEWAY
0,0.0,0,0,17,SUV,PETROL,7756.32,1310,4,0,48,26,16800,PERSONAL,POOR,0,1,COMPREHENSIVE,500,50,250.0,SUBURBAN,PRIVATE_DRIVEWAY
0,0.0,0,0,14,HATCHBACK,PETROL,4000.0,1640,2,0,58,26,11900,COMMERCIAL,GOOD,1,0,ZERO_DEP_PREMIUM,250,0,321.23,URBAN,LOCKED_GARAGE
0,0.0,0,0,6,SEDAN,HYBRID,15429.33,2720,4,0,19,1,25900,RIDESHARE,FAIR,1,1,THIRD_PARTY,250,50,286.47,URBAN,LOCKED_GARAGE
0,0.0,0,0,2,SUV,DIESEL,31175.54,800,5,0,40,11,14200,PERSONAL,FAIR,0,0,THIRD_PARTY,500,20,390.91,RURAL,PRIVATE_DRIVEWAY
1,5277.13,0,5,11,TRUCK,HYBRID,17206.87,2630,2,0,18,0,23900,COMMUTE,EXCELLENT,3,1,COMPREHENSIVE,250,45,579.65,METROPOLITAN,STREET_PARKING
0,0.0,0,0,17,SEDAN,PETROL,5395.42,1510,1,0,48,16,11500,PERSONAL,GOOD,1,0,COMPREHENSIVE,250,35,250.0,METROPOLITAN,LOCKED_GARAGE
0,0.0,0,0,18,HATCHBACK,PETROL,4000.0,1460,2,1,33,9,14200,COMMUTE,EXCELLENT,0,0,THIRD_PARTY,1000,35,250.0,URBAN,STREET_PARKING
0,0.0,0,0,4,SEDAN,DIESEL,13249.43,800,2,1,44,20,23600,COMMUTE,FAIR,2,0,COMPREHENSIVE,500,20,496.72,URBAN,STREET_PARKING
0,0.0,0,0,4,TRUCK,PETROL,37664.84,1160,4,1,31,10,7600,PERSONAL,EXCELLENT,0,1,THIRD_PARTY,500,25,412.0,RURAL,STREET_PARKING
0,0.0,0,0,0,HATCHBACK,DIESEL,13304.73,1820,2,0,31,10,29400,COMMERCIAL,GOOD,1,0,ZERO_DEP_PREMIUM,500,0,859.49,URBAN,STREET_PARKING
0,0.0,0,0,2,SUV,PETROL,30707.22,800,3,1,36,16,9100,COMMUTE,FAIR,1,0,COMPREHENSIVE,250,0,1092.94,SUBURBAN,PRIVATE_DRIVEWAY
0,0.0,0,0,10,SEDAN,PETROL,9407.54,2260,3,0,43,13,18400,PERSONAL,EXCELLENT,3,0,COMPREHENSIVE,250,0,334.87,SUBURBAN,PRIVATE_DRIVEWAY
0,0.0,0,0,10,SUV,PETROL,13643.58,940,4,0,52,31,17500,PERSONAL,EXCELLENT,1,0,ZERO_DEP_PREMIUM,2000,25,437.04,SUBURBAN,STREET_PARKING
0,0.0,0,0,7,LUXURY_COUPE,ELECTRIC,38838.1,2860,4,0,32,6,6700,PERSONAL,GOOD,1,0,ZERO_DEP_PREMIUM,500,25,1540.11,URBAN,LOCKED_GARAGE
0,0.0,0,0,5,HATCHBACK,PETROL,8633.45,1230,3,1,44,13,4100,COMMUTE,GOOD,1,0,COMPREHENSIVE,250,0,309.21,URBAN,STREET_PARKING
0,0.0,0,0,15,SUV,CNG,5619.0,1190,1,0,48,29,5700,PERSONAL,POOR,1,0,COMPREHENSIVE,1000,20,250.0,URBAN,STREET_PARKING
0,0.0,0,0,8,HATCHBACK,PETROL,8931.04,1010,3,0,35,15,12700,COMMUTE,FAIR,2,0,COMPREHENSIVE,250,35,251.17,RURAL,LOCKED_GARAGE
0,0.0,0,0,15,SUV,DIESEL,8523.87,1880,4,0,47,14,18500,PERSONAL,POOR,0,1,ZERO_DEP_PREMIUM,1000,25,337.04,URBAN,PRIVATE_DRIVEWAY
0,0.0,0,0,18,SUV,PETROL,7120.78,2070,5,0,24,4,12200,COMMUTE,POOR,0,0,ZERO_DEP_PREMIUM,250,0,406.84,URBAN,LOCKED_GARAGE
0,0.0,0,0,6,SUV,DIESEL,22602.68,1390,2,1,29,4,10500,PERSONAL,EXCELLENT,1,0,COMPREHENSIVE,1000,45,469.29,SUBURBAN,PRIVATE_DRIVEWAY
0,0.0,0,0,3,SEDAN,ELECTRIC,20186.28,1980,5,1,57,28,9800,RIDESHARE,EXCELLENT,2,0,COMPREHENSIVE,1000,25,1137.87,METROPOLITAN,PRIVATE_DRIVEWAY
1,1692.19,0,26,18,HATCHBACK,DIESEL,4000.0,1610,1,0,18,0,12700,RIDESHARE,EXCELLENT,1,0,THIRD_PARTY,500,0,250.0,METROPOLITAN,PRIVATE_DRIVEWAY
0,0.0,0,0,12,COMMERCIAL_VAN,PETROL,10704.1,800,5,1,37,15,11800,PERSONAL,POOR,0,1,THIRD_PARTY,1000,25,250.0,SUBURBAN,LOCKED_GARAGE
1,3187.32,0,26,5,COMMERCIAL_VAN,ELECTRIC,24377.76,1850,5,1,43,19,11000,PERSONAL,POOR,0,0,COMPREHENSIVE,250,20,899.32,METROPOLITAN,LOCKED_GARAGE
1,2803.5,1,34,11,COMMERCIAL_VAN,PETROL,9804.66,1400,5,1,45,24,7400,PERSONAL,EXCELLENT,3,1,ZERO_DEP_PREMIUM,1000,25,381.52,SUBURBAN,STREET_PARKING
0,0.0,0,0,9,SUV,DIESEL,17194.39,800,5,1,46,21,8600,COMMUTE,FAIR,0,0,COMPREHENSIVE,250,0,641.75,METROPOLITAN,STREET_PARKING
0,0.0,0,0,17,SUV,ELECTRIC,8349.81,1350,5,0,39,16,19400,COMMUTE,GOOD,0,0,ZERO_DEP_PREMIUM,1000,50,285.27,URBAN,PRIVATE_DRIVEWAY
0,0.0,0,0,4,HATCHBACK,PETROL,13384.14,800,2,0,37,11,9500,PERSONAL,EXCELLENT,1,1,THIRD_PARTY,1000,20,250.0,SUBURBAN,LOCKED_GARAGE
0,0.0,0,0,18,LUXURY_COUPE,DIESEL,17336.22,1700,3,0,30,9,19300,PERSONAL,POOR,0,0,COMPREHENSIVE,1000,0,734.99,URBAN,STREET_PARKING
0,0.0,0,0,17,HATCHBACK,ELECTRIC,4000.0,1440,4,0,64,39,14700,PERSONAL,EXCELLENT,0,0,ZERO_DEP_PREMIUM,500,35,250.0,RURAL,LOCKED_GARAGE
0,0.0,0,0,3,SUV,PETROL,25773.51,1550,5,1,53,25,26400,PERSONAL,GOOD,0,0,THIRD_PARTY,2000,35,296.19,SUBURBAN,STREET_PARKING
0,0.0,0,0,3,HATCHBACK,PETROL,14528.42,1060,5,0,46,18,15000,PERSONAL,GOOD,0,0,COMPREHENSIVE,500,45,413.88,METROPOLITAN,PRIVATE_DRIVEWAY
0,0.0,0,0,10,HATCHBACK,PETROL,6031.73,1940,5,0,41,12,17800,PERSONAL,FAIR,1,0,THIRD_PARTY,500,35,250.0,SUBURBAN,LOCKED_GARAGE
0,0.0,0,0,0,COMMERCIAL_VAN,ELECTRIC,32110.13,1530,5,1,34,9,7100,PERSONAL,POOR,0,0,THIRD_PARTY,500,50,365.06,URBAN,LOCKED_GARAGE
0,0.0,0,0,5,HATCHBACK,DIESEL,9859.65,1320,5,0,41,22,5100,PERSONAL,EXCELLENT,1,1,COMPREHENSIVE,500,20,262.34,SUBURBAN,PRIVATE_DRIVEWAY
0,0.0,0,0,8,SUV,PETROL,20245.15,1630,2,1,28,5,26400,PERSONAL,EXCELLENT,3,0,ZERO_DEP_PREMIUM,500,50,905.22,METROPOLITAN,STREET_PARKING
0,0.0,0,0,18,SEDAN,PETROL,6246.24,2380,2,0,61,33,19900,PERSONAL,EXCELLENT,0,0,COMPREHENSIVE,250,45,250.0,METROPOLITAN,LOCKED_GARAGE
0,0.0,0,0,18,SUV,PETROL,7978.24,800,4,1,30,10,5600,COMMUTE,EXCELLENT,0,0,ZERO_DEP_PREMIUM,250,50,260.36,SUBURBAN,PRIVATE_DRIVEWAY
0,0.0,0,0,2,SUV,PETROL,27089.85,2440,5,0,24,3,18200,COMMUTE,GOOD,4,1,ZERO_DEP_PREMIUM,500,0,1412.65,RURAL,STREET_PARKING
0,0.0,0,0,16,COMMERCIAL_VAN,PETROL,7112.45,1200,4,0,82,30,18800,COMMUTE,GOOD,0,3,COMPREHENSIVE,500,35,250.0,URBAN,LOCKED_GARAGE
0,0.0,0,0,1,HATCHBACK,PETROL,10487.8,1090,5,1,40,12,24500,RIDESHARE,EXCELLENT,1,0,THIRD_PARTY,250,0,266.49,SUBURBAN,PRIVATE_DRIVEWAY
1,1365.79,0,18,14,SUV,PETROL,8096.54,1340,4,1,30,9,8400,COMMUTE,FAIR,3,0,THIRD_PARTY,250,35,250.0,SUBURBAN,LOCKED_GARAGE
0,0.0,0,0,16,SUV,DIESEL,8077.18,1020,1,0,53,18,13000,PERSONAL,GOOD,0,0,THIRD_PARTY,250,50,250.0,SUBURBAN,PRIVATE_DRIVEWAY
0,0.0,0,0,16,HATCHBACK,DIESEL,4000.0,920,3,0,23,3,10700,RIDESHARE,POOR,3,0,COMPREHENSIVE,1000,35,250.0,METROPOLITAN,PRIVATE_DRIVEWAY
0,0.0,0,0,4,HATCHBACK,PETROL,8515.66,2150,5,1,32,9,15400,RIDESHARE,GOOD,0,0,COMPREHENSIVE,1000,25,359.54,URBAN,LOCKED_GARAGE
0,0.0,0,0,16,SEDAN,DIESEL,5636.15,1700,3,0,53,15,11400,PERSONAL,FAIR,0,0,COMPREHENSIVE,500,20,250.39,METROPOLITAN,PRIVATE_DRIVEWAY
0,0.0,0,0,2,TRUCK,PETROL,35169.92,1050,5,0,72,23,18600,COMMUTE,POOR,0,0,COMPREHENSIVE,250,0,1611.88,METROPOLITAN,PRIVATE_DRIVEWAY
1,3938.9,0,11,9,SUV,PETROL,16925.3,2040,5,0,56,15,5000,COMMERCIAL,FAIR,1,0,COMPREHENSIVE,2000,45,464.54,URBAN,PRIVATE_DRIVEWAY
0,0.0,0,0,8,SUV,CNG,15791.24,1940,3,1,52,32,15100,RIDESHARE,GOOD,0,1,COMPREHENSIVE,1000,0,821.08,SUBURBAN,STREET_PARKING
0,0.0,0,0,6,SEDAN,DIESEL,15441.81,800,4,1,62,42,4900,COMMERCIAL,GOOD,1,0,COMPREHENSIVE,500,0,888.96,URBAN,LOCKED_GARAGE
0,0.0,0,0,0,HATCHBACK,PETROL,13699.98,1720,5,1,38,15,21600,COMMERCIAL,POOR,0,0,COMPREHENSIVE,500,0,890.62,METROPOLITAN,STREET_PARKING
0,0.0,0,0,14,HATCHBACK,PETROL,4000.0,2000,2,1,21,1,12300,COMMUTE,FAIR,1,0,THIRD_PARTY,1000,45,250.0,METROPOLITAN,PRIVATE_DRIVEWAY
0,0.0,0,0,6,COMMERCIAL_VAN,DIESEL,17748.73,800,4,0,32,10,12900,COMMERCIAL,GOOD,4,0,COMPREHENSIVE,500,0,1019.91,SUBURBAN,PRIVATE_DRIVEWAY
0,0.0,0,0,12,SEDAN,PETROL,8512.42,1790,4,0,61,40,19400,PERSONAL,EXCELLENT,0,0,COMPREHENSIVE,1000,45,250.0,URBAN,STREET_PARKING
1,10700.78,0,33,7,LUXURY_COUPE,CNG,47218.4,2060,5,0,25,6,15300,PERSONAL,POOR,2,0,THIRD_PARTY,500,0,641.52,SUBURBAN,LOCKED_GARAGE
1,1287.03,0,14,7,HATCHBACK,PETROL,8729.93,1950,3,1,40,17,14000,PERSONAL,FAIR,1,0,THIRD_PARTY,250,20,250.0,METROPOLITAN,LOCKED_GARAGE
1,6235.02,0,13,16,SUV,PETROL,8387.53,990,4,0,43,12,10100,PERSONAL,POOR,1,0,COMPREHENSIVE,500,0,282.29,URBAN,PRIVATE_DRIVEWAY
0,0.0,0,0,1,SEDAN,DIESEL,22745.66,2280,3,1,48,18,12700,COMMUTE,FAIR,0,1,COMPREHENSIVE,250,35,698.58,URBAN,STREET_PARKING
0,0.0,0,0,13,SUV,DIESEL,7997.47,1440,4,1,50,32,7700,PERSONAL,EXCELLENT,1,0,COMPREHENSIVE,1000,20,250.0,SUBURBAN,PRIVATE_DRIVEWAY
0,0.0,0,0,14,COMMERCIAL_VAN,DIESEL,7062.36,1200,2,1,51,30,7500,PERSONAL,POOR,1,0,ZERO_DEP_PREMIUM,250,25,250.0,RURAL,PRIVATE_DRIVEWAY
0,0.0,0,0,7,SUV,CNG,20115.06,1130,3,1,82,50,16200,PERSONAL,EXCELLENT,0,0,THIRD_PARTY,500,0,297.87,SUBURBAN,STREET_PARKING
0,0.0,0,0,4,SUV,CNG,31030.95,2170,5,0,53,21,5300,PERSONAL,EXCELLENT,2,0,ZERO_DEP_PREMIUM,250,0,1765.49,URBAN,PRIVATE_DRIVEWAY
0,0.0,0,0,0,HATCHBACK,PETROL,11990.54,1130,5,1,62,23,12600,PERSONAL,EXCELLENT,2,0,THIRD_PARTY,250,20,250.0,URBAN,PRIVATE_DRIVEWAY
0,0.0,0,0,17,COMMERCIAL_VAN,PETROL,8973.95,2290,3,1,43,16,15500,COMMUTE,GOOD,0,0,THIRD_PARTY,500,0,250.0,SUBURBAN,STREET_PARKING
0,0.0,0,0,18,HATCHBACK,PETROL,4000.0,1740,4,1,70,28,16200,COMMUTE,FAIR,1,0,THIRD_PARTY,2000,0,250.0,URBAN,PRIVATE_DRIVEWAY
0,0.0,0,0,4,HATCHBACK,DIESEL,10874.87,800,2,1,31,8,2000,PERSONAL,GOOD,3,1,THIRD_PARTY,500,45,250.0,URBAN,PRIVATE_DRIVEWAY
0,0.0,0,0,0,SEDAN,DIESEL,25215.64,1620,5,0,56,34,9700,PERSONAL,GOOD,0,0,COMPREHENSIVE,500,35,731.47,METROPOLITAN,STREET_PARKING
0,0.0,0,0,2,COMMERCIAL_VAN,PETROL,33176.72,1630,5,0,41,12,19300,COMMERCIAL,POOR,1,0,ZERO_DEP_PREMIUM,250,25,1864.61,SUBURBAN,STREET_PARKING
0,0.0,0,0,1,SEDAN,CNG,21844.92,800,4,0,56,21,17800,RIDESHARE,EXCELLENT,1,0,COMPREHENSIVE,500,45,807.58,URBAN,LOCKED_GARAGE
0,0.0,0,0,15,SEDAN,PETROL,6268.73,1610,1,0,50,18,14300,PERSONAL,EXCELLENT,2,2,COMPREHENSIVE,1000,20,250.0,SUBURBAN,LOCKED_GARAGE
0,0.0,0,0,16,LUXURY_COUPE,ELECTRIC,14455.4,2850,3,0,60,40,10600,COMMUTE,EXCELLENT,1,1,THIRD_PARTY,2000,25,250.0,RURAL,STREET_PARKING
0,0.0,0,0,2,SEDAN,HYBRID,18335.96,2330,4,1,49,14,12700,PERSONAL,POOR,0,0,ZERO_DEP_PREMIUM,500,0,824.69,SUBURBAN,STREET_PARKING
1,2820.86,0,8,14,SEDAN,PETROL,4607.38,2300,1,1,41,16,16500,RIDESHARE,POOR,1,0,COMPREHENSIVE,250,35,265.37,METROPOLITAN,PRIVATE_DRIVEWAY
0,0.0,0,0,3,HATCHBACK,PETROL,10966.73,3150,3,1,56,36,11600,PERSONAL,EXCELLENT,3,0,COMPREHENSIVE,1000,20,254.28,RURAL,LOCKED_GARAGE
0,0.0,0,0,6,SUV,PETROL,22894.24,1600,2,1,31,12,17300,COMMUTE,GOOD,0,1,THIRD_PARTY,2000,20,326.8,METROPOLITAN,PRIVATE_DRIVEWAY
0,0.0,0,0,11,SEDAN,CNG,8911.23,1960,4,0,18,0,20200,PERSONAL,EXCELLENT,1,0,COMPREHENSIVE,500,0,395.29,URBAN,STREET_PARKING
0,0.0,0,0,13,HATCHBACK,PETROL,4816.94,1210,5,1,18,0,11800,COMMUTE,FAIR,1,2,ZERO_DEP_PREMIUM,1000,35,250.0,METROPOLITAN,LOCKED_GARAGE
0,0.0,0,0,16,HATCHBACK,HYBRID,4362.98,2820,2,0,68,41,17700,PERSONAL,EXCELLENT,0,0,COMPREHENSIVE,500,0,250.0,URBAN,LOCKED_GARAGE
0,0.0,0,0,0,TRUCK,DIESEL,37377.54,1720,5,1,46,13,10600,COMMUTE,GOOD,2,0,COMPREHENSIVE,250,45,1100.06,URBAN,LOCKED_GARAGE
1,6747.76,0,28,3,SEDAN,DIESEL,16871.7,2800,5,0,49,14,11700,COMMUTE,POOR,2,1,COMPREHENSIVE,250,0,734.66,URBAN,STREET_PARKING
0,0.0,0,0,5,HATCHBACK,CNG,11562.92,2710,3,1,37,8,17800,COMMUTE,GOOD,1,0,COMPREHENSIVE,2000,0,393.38,URBAN,LOCKED_GARAGE
0,0.0,0,0,5,TRUCK,PETROL,31729.52,1790,3,0,47,20,26600,PERSONAL,GOOD,1,0,THIRD_PARTY,500,45,394.13,URBAN,LOCKED_GARAGE
0,0.0,0,0,18,SEDAN,ELECTRIC,5791.22,2270,1,0,32,11,12600,PERSONAL,GOOD,0,0,COMPREHENSIVE,500,35,250.0,RURAL,LOCKED_GARAGE
0,0.0,0,0,14,SEDAN,PETROL,5965.67,1900,5,0,42,16,29500,PERSONAL,GOOD,2,0,ZERO_DEP_PREMIUM,500,25,250.0,RURAL,STREET_PARKING
1,1885.56,0,19,6,SEDAN,PETROL,15711.34,1330,2,1,18,0,10500,PERSONAL,GOOD,5,0,THIRD_PARTY,250,0,440.16,METROPOLITAN,PRIVATE_DRIVEWAY
1,4000.0,0,21,18,HATCHBACK,PETROL,4000.0,1510,5,0,18,0,20900,PERSONAL,FAIR,0,1,THIRD_PARTY,500,0,250.0,URBAN,LOCKED_GARAGE
1,3417.13,1,24,9,SEDAN,PETROL,9485.4,1770,3,1,24,4,20700,COMMUTE,FAIR,2,0,COMPREHENSIVE,250,0,542.97,METROPOLITAN,STREET_PARKING
1,3270.91,0,14,9,HATCHBACK,DIESEL,7026.81,1830,5,0,30,11,22100,RIDESHARE,EXCELLENT,2,0,COMPREHENSIVE,500,0,423.51,URBAN,STREET_PARKING
0,0.0,0,0,8,LUXURY_COUPE,PETROL,35522.4,3470,4,1,61,41,11600,PERSONAL,GOOD,0,0,COMPREHENSIVE,1000,0,1510.01,METROPOLITAN,STREET_PARKING
1,2018.38,0,21,2,SEDAN,DIESEL,20230.71,1970,2,1,78,41,17400,COMMUTE,GOOD,0,0,THIRD_PARTY,2000,20,328.53,METROPOLITAN,PRIVATE_DRIVEWAY
0,0.0,0,0,17,HATCHBACK,PETROL,4000.0,1100,5,1,58,27,15200,PERSONAL,EXCELLENT,0,0,COMPREHENSIVE,1000,35,250.0,METROPOLITAN,STREET_PARKING
1,1687.93,0,18,0,SEDAN,DIESEL,17503.38,2080,2,1,18,0,13000,COMMUTE,FAIR,2,0,THIRD_PARTY,2000,0,250.0,RURAL,PRIVATE_DRIVEWAY
0,0.0,0,0,3,SEDAN,ELECTRIC,13713.88,800,5,1,67,32,13600,COMMERCIAL,FAIR,0,0,COMPREHENSIVE,1000,35,467.58,SUBURBAN,STREET_PARKING
0,0.0,0,0,4,HATCHBACK,DIESEL,11886.33,1350,5,0,37,15,5100,PERSONAL,GOOD,2,0,COMPREHENSIVE,500,45,346.27,METROPOLITAN,PRIVATE_DRIVEWAY
0,0.0,0,0,5,SUV,CNG,21354.79,1410,5,1,20,2,13500,COMMUTE,GOOD,1,0,THIRD_PARTY,2000,0,296.5,SUBURBAN,LOCKED_GARAGE
0,0.0,0,0,2,COMMERCIAL_VAN,PETROL,25956.27,2030,5,0,69,33,11300,PERSONAL,GOOD,1,0,COMPREHENSIVE,2000,35,834.29,METROPOLITAN,PRIVATE_DRIVEWAY
0,0.0,0,0,0,HATCHBACK,PETROL,13062.6,2750,5,0,36,10,12500,PERSONAL,POOR,1,0,THIRD_PARTY,500,50,250.0,METROPOLITAN,LOCKED_GARAGE
0,0.0,0,0,12,SEDAN,DIESEL,6660.45,1740,1,0,29,5,6100,PERSONAL,EXCELLENT,1,0,ZERO_DEP_PREMIUM,1000,0,293.11,URBAN,STREET_PARKING
0,0.0,0,0,18,SUV,PETROL,7097.74,1370,1,1,35,14,12000,PERSONAL,GOOD,1,0,COMPREHENSIVE,500,35,250.0,RURAL,PRIVATE_DRIVEWAY
0,0.0,0,0,2,SEDAN,DIESEL,21976.21,1150,5,1,38,13,15900,PERSONAL,GOOD,3,0,THIRD_PARTY,250,20,391.34,METROPOLITAN,STREET_PARKING
0,0.0,0,0,5,COMMERCIAL_VAN,ELECTRIC,21125.82,2140,4,1,51,27,8200,PERSONAL,GOOD,1,1,THIRD_PARTY,2000,20,250.0,SUBURBAN,LOCKED_GARAGE
0,0.0,0,0,9,HATCHBACK,PETROL,7608.53,1470,5,1,45,17,16100,RIDESHARE,GOOD,1,0,COMPREHENSIVE,250,20,330.36,SUBURBAN,PRIVATE_DRIVEWAY
0,0.0,0,0,17,SUV,CNG,8738.32,1270,1,0,33,12,14700,PERSONAL,POOR,1,0,COMPREHENSIVE,2000,20,310.04,METROPOLITAN,LOCKED_GARAGE
0,0.0,0,0,13,HATCHBACK,PETROL,4141.57,2220,4,1,18,0,11800,PERSONAL,GOOD,0,1,ZERO_DEP_PREMIUM,500,20,250.0,URBAN,PRIVATE_DRIVEWAY
0,0.0,0,0,14,HATCHBACK,DIESEL,4000.0,2360,1,0,31,13,17800,RIDESHARE,EXCELLENT,0,0,THIRD_PARTY,500,0,250.0,METROPOLITAN,STREET_PARKING
0,0.0,0,0,11,TRUCK,PETROL,15035.77,1680,4,1,46,19,20300,COMMUTE,GOOD,0,0,ZERO_DEP_PREMIUM,500,0,537.71,RURAL,LOCKED_GARAGE
0,0.0,0,0,7,SEDAN,DIESEL,15744.29,800,5,0,32,11,11100,PERSONAL,EXCELLENT,2,0,THIRD_PARTY,500,45,250.0,URBAN,STREET_PARKING
0,0.0,0,0,3,SEDAN,PETROL,20185.14,1540,2,0,44,19,9500,PERSONAL,EXCELLENT,0,0,COMPREHENSIVE,250,35,511.57,SUBURBAN,PRIVATE_DRIVEWAY
0,0.0,0,0,16,SEDAN,CNG,6131.25,860,5,1,42,22,18000,PERSONAL,POOR,1,1,ZERO_DEP_PREMIUM,500,0,250.0,RURAL,STREET_PARKING
0,0.0,0,0,15,SUV,CNG,7099.02,800,2,1,58,33,10100,COMMUTE,FAIR,0,0,THIRD_PARTY,250,20,250.0,RURAL,PRIVATE_DRIVEWAY
0,0.0,0,0,0,SUV,DIESEL,33010.86,920,3,0,46,18,6200,PERSONAL,FAIR,0,0,COMPREHENSIVE,2000,0,980.4,URBAN,PRIVATE_DRIVEWAY
0,0.0,0,0,13,SEDAN,DIESEL,4889.33,2280,4,1,54,18,18600,PERSONAL,EXCELLENT,2,0,COMPREHENSIVE,500,50,250.0,METROPOLITAN,LOCKED_GARAGE
0,0.0,0,0,1,SUV,DIESEL,35324.03,2020,3,1,39,14,10600,COMMERCIAL,EXCELLENT,1,1,THIRD_PARTY,1000,0,761.95,METROPOLITAN,PRIVATE_DRIVEWAY
0,0.0,0,0,14,SUV,DIESEL,7401.61,3200,2,0,65,45,17300,PERSONAL,EXCELLENT,0,1,THIRD_PARTY,500,0,250.0,METROPOLITAN,PRIVATE_DRIVEWAY
0,0.0,0,0,15,SEDAN,DIESEL,5180.1,1180,2,0,36,15,5400,RIDESHARE,EXCELLENT,0,0,THIRD_PARTY,500,20,250.0,URBAN,STREET_PARKING
0,0.0,0,0,2,COMMERCIAL_VAN,DIESEL,22318.97,2460,3,1,30,8,15600,PERSONAL,EXCELLENT,1,1,ZERO_DEP_PREMIUM,500,35,988.08,METROPOLITAN,STREET_PARKING
0,0.0,0,0,8,HATCHBACK,HYBRID,7805.88,1920,5,0,61,27,14000,PERSONAL,FAIR,0,3,THIRD_PARTY,500,25,250.0,SUBURBAN,STREET_PARKING
0,0.0,0,0,2,SUV,DIESEL,27563.22,1240,5,1,33,6,19300,PERSONAL,FAIR,2,0,THIRD_PARTY,1000,0,414.95,SUBURBAN,LOCKED_GARAGE
0,0.0,0,0,10,HATCHBACK,PETROL,7677.96,1500,4,1,27,5,2700,PERSONAL,EXCELLENT,3,1,COMPREHENSIVE,250,0,272.86,RURAL,LOCKED_GARAGE
0,0.0,0,0,17,SUV,CNG,8824.87,1240,5,1,26,6,5600,COMMUTE,GOOD,0,0,COMPREHENSIVE,1000,35,263.28,URBAN,PRIVATE_DRIVEWAY
0,0.0,0,0,1,TRUCK,PETROL,33692.27,2470,5,1,35,16,21900,COMMUTE,EXCELLENT,1,0,COMPREHENSIVE,250,25,1020.71,URBAN,PRIVATE_DRIVEWAY
0,0.0,0,0,7,HATCHBACK,PETROL,6888.45,2240,5,0,38,16,13400,PERSONAL,FAIR,2,0,COMPREHENSIVE,250,0,250.0,RURAL,LOCKED_GARAGE
0,0.0,0,0,18,SUV,CNG,5807.68,1360,5,0,48,13,6500,PERSONAL,GOOD,2,1,ZERO_DEP_PREMIUM,2000,20,250.0,RURAL,PRIVATE_DRIVEWAY
0,0.0,0,0,5,COMMERCIAL_VAN,PETROL,19071.48,2150,5,0,53,21,16600,COMMUTE,GOOD,0,1,ZERO_DEP_PREMIUM,2000,0,775.0,SUBURBAN,STREET_PARKING
0,0.0,0,0,2,TRUCK,PETROL,28417.39,3130,5,1,42,21,10700,PERSONAL,FAIR,0,0,THIRD_PARTY,500,45,344.45,URBAN,PRIVATE_DRIVEWAY
0,0.0,0,0,9,TRUCK,DIESEL,19992.79,3270,5,0,55,33,9400,PERSONAL,GOOD,1,0,ZERO_DEP_PREMIUM,1000,50,805.87,METROPOLITAN,STREET_PARKING
0,0.0,0,0,9,SEDAN,HYBRID,10916.76,840,3,1,53,16,24800,PERSONAL,GOOD,1,0,THIRD_PARTY,1000,0,250.0,SUBURBAN,LOCKED_GARAGE
0,0.0,0,0,12,SEDAN,PETROL,7495.55,1570,3,0,29,6,11000,PERSONAL,EXCELLENT,1,0,THIRD_PARTY,500,0,250.0,METROPOLITAN,STREET_PARKING
0,0.0,0,0,5,HATCHBACK,DIESEL,8994.21,2060,5,0,28,6,2000,PERSONAL,FAIR,1,0,COMPREHENSIVE,250,45,250.0,SUBURBAN,STREET_PARKING
0,0.0,0,0,18,SUV,PETROL,8145.95,890,4,1,36,17,11800,PERSONAL,FAIR,0,1,COMPREHENSIVE,2000,0,328.46,METROPOLITAN,LOCKED_GARAGE
0,0.0,0,0,9,HATCHBACK,PETROL,5864.93,800,4,0,18,0,8800,PERSONAL,EXCELLENT,1,0,COMPREHENSIVE,500,35,250.0,SUBURBAN,STREET_PARKING
1,5296.7,0,10,5,HATCHBACK,PETROL,10042.45,1580,3,0,43,13,2000,COMMUTE,FAIR,1,1,COMPREHENSIVE,500,25,352.33,URBAN,STREET_PARKING
0,0.0,0,0,18,SUV,PETROL,8797.04,1330,5,1,39,16,18300,PERSONAL,EXCELLENT,0,0,COMPREHENSIVE,500,35,250.0,URBAN,LOCKED_GARAGE
0,0.0,0,0,17,SUV,CNG,7649.18,1490,4,0,65,39,22100,PERSONAL,FAIR,1,0,ZERO_DEP_PREMIUM,1000,50,250.0,SUBURBAN,PRIVATE_DRIVEWAY
1,6057.49,0,26,9,SUV,DIESEL,17020.31,1290,4,0,57,24,16200,PERSONAL,EXCELLENT,0,0,ZERO_DEP_PREMIUM,500,50,598.42,URBAN,LOCKED_GARAGE
0,0.0,0,0,0,SEDAN,HYBRID,16781.08,3000,3,0,38,19,12800,COMMUTE,FAIR,1,0,COMPREHENSIVE,250,45,542.28,METROPOLITAN,PRIVATE_DRIVEWAY
0,0.0,0,0,11,HATCHBACK,CNG,4164.92,1300,1,0,56,34,10900,COMMUTE,GOOD,1,0,COMPREHENSIVE,500,45,250.0,URBAN,LOCKED_GARAGE
0,0.0,0,0,10,HATCHBACK,CNG,6547.41,1980,3,0,40,17,12600,PERSONAL,FAIR,3,1,THIRD_PARTY,250,20,250.0,RURAL,LOCKED_GARAGE
0,0.0,0,0,2,SUV,ELECTRIC,32058.29,1940,3,0,49,19,19500,PERSONAL,GOOD,0,0,ZERO_DEP_PREMIUM,250,35,1230.61,URBAN,LOCKED_GARAGE
0,0.0,0,0,12,HATCHBACK,PETROL,4623.92,800,2,0,18,0,2000,RIDESHARE,EXCELLENT,0,0,COMPREHENSIVE,500,50,250.0,SUBURBAN,LOCKED_GARAGE
0,0.0,0,0,15,HATCHBACK,HYBRID,4400.99,2550,2,1,34,7,13700,COMMUTE,POOR,1,0,THIRD_PARTY,500,45,250.0,URBAN,LOCKED_GARAGE
0,0.0,0,0,2,HATCHBACK,DIESEL,10301.83,2010,4,0,44,23,20700,PERSONAL,FAIR,1,1,COMPREHENSIVE,2000,0,418.52,METROPOLITAN,PRIVATE_DRIVEWAY
1,3994.15,0,23,13,SEDAN,PETROL,5758.38,1700,2,0,38,19,5200,COMMUTE,GOOD,0,0,THIRD_PARTY,1000,25,250.0,RURAL,PRIVATE_DRIVEWAY
0,0.0,0,0,2,HATCHBACK,PETROL,12669.47,2290,5,0,60,20,19800,COMMUTE,EXCELLENT,1,0,ZERO_DEP_PREMIUM,500,0,498.42,RURAL,LOCKED_GARAGE
0,0.0,0,0,14,HATCHBACK,PETROL,4000.0,1570,1,0,47,13,24300,RIDESHARE,GOOD,1,0,THIRD_PARTY,250,35,250.0,SUBURBAN,LOCKED_GARAGE
0,0.0,0,0,7,SEDAN,DIESEL,12581.98,2170,5,0,51,27,10100,PERSONAL,EXCELLENT,0,0,THIRD_PARTY,250,25,250.0,SUBURBAN,PRIVATE_DRIVEWAY
1,7788.0,0,17,0,HATCHBACK,ELECTRIC,12220.43,800,3,0,45,20,5100,COMMUTE,FAIR,0,0,ZERO_DEP_PREMIUM,500,0,549.99,SUBURBAN,STREET_PARKING
0,0.0,0,0,18,TRUCK,DIESEL,10207.1,2830,5,0,42,15,9800,COMMUTE,GOOD,1,0,COMPREHENSIVE,500,25,279.78,SUBURBAN,STREET_PARKING
0,0.0,0,0,3,SEDAN,PETROL,18663.72,1720,3,1,55,22,16200,PERSONAL,GOOD,0,1,COMPREHENSIVE,1000,25,626.9,METROPOLITAN,LOCKED_GARAGE
0,0.0,0,0,11,HATCHBACK,PETROL,5301.31,1730,5,1,67,27,30100,COMMERCIAL,EXCELLENT,1,0,THIRD_PARTY,250,20,250.0,METROPOLITAN,LOCKED_GARAGE
0,0.0,0,0,3,LUXURY_COUPE,HYBRID,57523.78,1950,4,0,18,0,8900,PERSONAL,FAIR,3,0,THIRD_PARTY,1000,25,1017.67,METROPOLITAN,PRIVATE_DRIVEWAY
0,0.0,0,0,17,TRUCK,PETROL,9344.56,2160,4,0,28,5,9200,PERSONAL,FAIR,1,2,COMPREHENSIVE,500,25,250.0,SUBURBAN,STREET_PARKING
0,0.0,0,0,14,SUV,PETROL,7865.85,1440,5,1,43,15,13200,COMMUTE,FAIR,4,0,COMPREHENSIVE,1000,0,407.72,METROPOLITAN,STREET_PARKING
0,0.0,0,0,15,HATCHBACK,ELECTRIC,4000.0,860,2,0,61,30,14800,PERSONAL,FAIR,0,0,COMPREHENSIVE,500,25,250.0,SUBURBAN,STREET_PARKING
0,0.0,0,0,8,LUXURY_COUPE,HYBRID,32813.62,2730,3,1,53,35,13800,RIDESHARE,EXCELLENT,0,1,ZERO_DEP_PREMIUM,500,20,1818.92,URBAN,LOCKED_GARAGE
0,0.0,0,0,8,HATCHBACK,DIESEL,6971.88,2620,3,1,31,5,3100,COMMERCIAL,GOOD,2,0,COMPREHENSIVE,2000,50,264.42,METROPOLITAN,LOCKED_GARAGE
0,0.0,0,0,12,SEDAN,DIESEL,7008.13,800,2,0,37,16,6000,COMMUTE,GOOD,0,2,THIRD_PARTY,2000,20,250.0,URBAN,STREET_PARKING
0,0.0,0,0,14,SEDAN,PETROL,5521.17,1920,3,0,53,16,19200,COMMERCIAL,GOOD,1,0,THIRD_PARTY,500,25,250.0,METROPOLITAN,LOCKED_GARAGE
0,0.0,0,0,16,TRUCK,CNG,7366.75,2030,1,1,34,12,22300,PERSONAL,FAIR,1,0,THIRD_PARTY,2000,45,250.0,METROPOLITAN,STREET_PARKING
0,0.0,0,0,0,SUV,DIESEL,35627.82,1250,2,1,46,14,5300,RIDESHARE,GOOD,1,2,COMPREHENSIVE,250,35,1549.68,SUBURBAN,PRIVATE_DRIVEWAY
0,0.0,0,0,12,SEDAN,DIESEL,7496.55,1650,5,1,32,6,21900,PERSONAL,POOR,3,1,ZERO_DEP_PREMIUM,500,0,371.62,RURAL,LOCKED_GARAGE
0,0.0,0,0,2,SUV,PETROL,24839.95,1660,5,1,49,15,2000,PERSONAL,EXCELLENT,1,0,COMPREHENSIVE,2000,25,709.03,METROPOLITAN,STREET_PARKING
0,0.0,0,0,5,HATCHBACK,DIESEL,12119.01,1720,3,1,51,18,15700,RIDESHARE,POOR,1,0,COMPREHENSIVE,500,0,683.7,SUBURBAN,PRIVATE_DRIVEWAY
1,8040.12,0,12,15,SUV,PETROL,8040.12,860,2,1,18,0,11800,COMMERCIAL,POOR,1,1,THIRD_PARTY,1000,0,250.0,URBAN,PRIVATE_DRIVEWAY
0,0.0,0,0,4,TRUCK,DIESEL,24891.14,3010,2,0,67,25,16300,PERSONAL,EXCELLENT,0,2,COMPREHENSIVE,250,25,558.06,RURAL,PRIVATE_DRIVEWAY
0,0.0,0,0,15,HATCHBACK,DIESEL,4160.12,1650,3,1,69,30,5100,PERSONAL,GOOD,2,0,COMPREHENSIVE,500,35,250.0,URBAN,LOCKED_GARAGE
0,0.0,0,0,8,LUXURY_COUPE,ELECTRIC,42318.06,2890,4,1,18,0,19200,PERSONAL,GOOD,0,1,COMPREHENSIVE,500,50,940.07,SUBURBAN,LOCKED_GARAGE
0,0.0,0,0,4,COMMERCIAL_VAN,PETROL,20848.14,2390,5,0,39,20,11900,PERSONAL,GOOD,2,2,COMPREHENSIVE,500,0,891.44,URBAN,PRIVATE_DRIVEWAY
0,0.0,0,0,6,SEDAN,HYBRID,14168.71,800,2,0,19,1,8900,PERSONAL,EXCELLENT,0,1,COMPREHENSIVE,500,20,458.33,SUBURBAN,LOCKED_GARAGE
1,5954.06,0,12,10,HATCHBACK,PETROL,5954.06,2010,4,0,18,0,10900,COMMUTE,FAIR,2,0,THIRD_PARTY,500,0,250.0,METROPOLITAN,STREET_PARKING
0,0.0,0,0,14,SEDAN,DIESEL,4252.95,1490,1,1,53,28,18700,COMMUTE,FAIR,2,0,COMPREHENSIVE,250,20,250.0,URBAN,PRIVATE_DRIVEWAY
0,0.0,0,0,11,LUXURY_COUPE,PETROL,26675.36,3160,1,0,67,32,13500,PERSONAL,GOOD,1,0,THIRD_PARTY,500,35,300.78,RURAL,LOCKED_GARAGE
0,0.0,0,0,17,SEDAN,PETROL,6057.8,1080,2,0,42,16,16000,PERSONAL,GOOD,2,0,COMPREHENSIVE,250,50,250.0,SUBURBAN,PRIVATE_DRIVEWAY
0,0.0,0,0,16,HATCHBACK,HYBRID,4000.0,2210,5,0,64,28,18400,PERSONAL,EXCELLENT,0,0,COMPREHENSIVE,250,50,250.0,SUBURBAN,LOCKED_GARAGE
0,0.0,0,0,14,TRUCK,PETROL,9537.34,1610,3,1,33,12,9200,COMMUTE,FAIR,4,0,COMPREHENSIVE,250,25,492.75,METROPOLITAN,PRIVATE_DRIVEWAY
0,0.0,0,0,11,SEDAN,CNG,9672.48,1860,3,0,22,2,9800,PERSONAL,EXCELLENT,1,0,ZERO_DEP_PREMIUM,250,20,493.34,METROPOLITAN,LOCKED_GARAGE
0,0.0,0,0,5,TRUCK,PETROL,23796.55,2480,3,1,37,12,30700,COMMUTE,EXCELLENT,1,0,THIRD_PARTY,250,50,250.0,RURAL,PRIVATE_DRIVEWAY
0,0.0,0,0,7,SEDAN,DIESEL,16482.16,1500,5,1,31,11,5200,PERSONAL,EXCELLENT,1,0,ZERO_DEP_PREMIUM,1000,20,530.22,RURAL,PRIVATE_DRIVEWAY
0,0.0,0,0,2,SUV,PETROL,25841.33,930,5,1,48,30,2000,PERSONAL,GOOD,2,1,ZERO_DEP_PREMIUM,1000,0,1473.55,URBAN,PRIVATE_DRIVEWAY
0,0.0,0,0,7,SUV,DIESEL,18118.96,1360,3,1,57,19,8800,PERSONAL,EXCELLENT,0,0,COMPREHENSIVE,500,0,539.16,SUBURBAN,PRIVATE_DRIVEWAY
1,5482.47,0,20,17,SUV,CNG,7447.79,2200,1,0,26,5,11800,PERSONAL,GOOD,1,0,ZERO_DEP_PREMIUM,500,20,256.11,SUBURBAN,PRIVATE_DRIVEWAY
1,5564.79,0,36,8,HATCHBACK,DIESEL,7230.22,2570,5,0,23,3,18700,PERSONAL,GOOD,1,0,COMPREHENSIVE,250,20,250.0,SUBURBAN,PRIVATE_DRIVEWAY
0,0.0,0,0,2,COMMERCIAL_VAN,PETROL,26082.51,2870,5,1,54,26,9600,COMMUTE,EXCELLENT,2,0,ZERO_DEP_PREMIUM,2000,0,1279.1,URBAN,STREET_PARKING
0,0.0,0,0,12,SUV,ELECTRIC,10577.83,1940,3,1,37,13,18900,COMMERCIAL,FAIR,2,0,COMPREHENSIVE,500,50,347.32,SUBURBAN,LOCKED_GARAGE
0,0.0,0,0,18,HATCHBACK,DIESEL,4000.0,1760,2,0,53,31,10700,COMMUTE,EXCELLENT,0,0,ZERO_DEP_PREMIUM,1000,45,250.0,RURAL,LOCKED_GARAGE
0,0.0,0,0,16,COMMERCIAL_VAN,PETROL,6763.17,1890,4,0,30,9,17200,COMMUTE,GOOD,1,0,COMPREHENSIVE,250,35,250.0,SUBURBAN,PRIVATE_DRIVEWAY
0,0.0,0,0,5,HATCHBACK,DIESEL,10352.92,2850,4,1,33,13,21100,COMMERCIAL,POOR,0,2,ZERO_DEP_PREMIUM,500,45,572.38,METROPOLITAN,LOCKED_GARAGE
0,0.0,0,0,8,SEDAN,DIESEL,10707.91,1940,5,1,56,32,9800,RIDESHARE,FAIR,1,3,COMPREHENSIVE,500,20,476.09,SUBURBAN,PRIVATE_DRIVEWAY
0,0.0,0,0,10,COMMERCIAL_VAN,ELECTRIC,14686.61,1660,5,1,53,34,19400,RIDESHARE,EXCELLENT,0,1,COMPREHENSIVE,250,20,722.05,URBAN,PRIVATE_DRIVEWAY
0,0.0,0,0,4,SEDAN,PETROL,18642.77,1420,4,0,61,36,6300,RIDESHARE,FAIR,1,0,THIRD_PARTY,500,25,417.77,URBAN,PRIVATE_DRIVEWAY
0,0.0,0,0,5,HATCHBACK,PETROL,10142.95,1500,5,1,39,10,14300,PERSONAL,GOOD,1,0,COMPREHENSIVE,250,0,350.08,SUBURBAN,PRIVATE_DRIVEWAY
0,0.0,0,0,4,HATCHBACK,CNG,10068.64,1850,5,0,60,34,15100,COMMERCIAL,GOOD,0,0,THIRD_PARTY,250,25,250.0,RURAL,LOCKED_GARAGE
0,0.0,0,0,18,TRUCK,DIESEL,9854.69,1810,5,1,48,13,14700,COMMUTE,FAIR,1,0,COMPREHENSIVE,500,45,250.0,RURAL,STREET_PARKING
0,0.0,0,0,14,SEDAN,DIESEL,4914.15,1190,3,0,48,15,15500,COMMUTE,POOR,1,1,COMPREHENSIVE,2000,35,250.0,METROPOLITAN,LOCKED_GARAGE
1,2182.89,1,32,15,SEDAN,CNG,5522.8,1560,2,1,30,12,15200,COMMERCIAL,FAIR,2,2,ZERO_DEP_PREMIUM,500,25,303.56,URBAN,STREET_PARKING
0,0.0,0,0,15,HATCHBACK,PETROL,4000.0,1310,4,1,51,32,2000,PERSONAL,GOOD,1,2,THIRD_PARTY,2000,35,250.0,URBAN,PRIVATE_DRIVEWAY
0,0.0,0,0,18,SEDAN,PETROL,7235.74,1990,4,1,38,9,15000,PERSONAL,EXCELLENT,3,0,COMPREHENSIVE,250,45,250.0,RURAL,STREET_PARKING
0,0.0,0,0,2,SUV,ELECTRIC,24286.43,2040,2,0,68,32,3000,PERSONAL,GOOD,0,0,THIRD_PARTY,500,35,362.95,METROPOLITAN,PRIVATE_DRIVEWAY
0,0.0,0,0,16,HATCHBACK,DIESEL,4000.0,1770,4,0,42,24,10000,COMMUTE,FAIR,0,0,COMPREHENSIVE,500,50,250.0,URBAN,LOCKED_GARAGE
0,0.0,0,0,1,HATCHBACK,CNG,12217.78,1920,4,1,39,9,19100,PERSONAL,GOOD,1,0,COMPREHENSIVE,2000,0,416.85,URBAN,PRIVATE_DRIVEWAY
0,0.0,0,0,9,SEDAN,DIESEL,8822.85,1680,5,0,60,40,17100,PERSONAL,GOOD,0,0,COMPREHENSIVE,500,0,289.21,URBAN,LOCKED_GARAGE
0,0.0,0,0,11,SUV,PETROL,11537.75,800,5,0,43,25,23400,RIDESHARE,FAIR,2,0,THIRD_PARTY,500,35,250.0,RURAL,PRIVATE_DRIVEWAY
1,3769.12,1,25,6,LUXURY_COUPE,PETROL,36768.72,1930,5,0,30,11,16400,PERSONAL,POOR,1,0,COMPREHENSIVE,1000,35,849.45,RURAL,PRIVATE_DRIVEWAY
0,0.0,0,0,2,SUV,PETROL,25388.78,2060,5,0,21,3,8700,COMMERCIAL,GOOD,4,0,THIRD_PARTY,1000,25,628.59,METROPOLITAN,STREET_PARKING
1,16022.51,0,28,3,SEDAN,CNG,16022.51,1050,5,1,29,8,5300,COMMUTE,FAIR,1,1,COMPREHENSIVE,1000,20,474.81,URBAN,STREET_PARKING
1,6135.55,0,29,15,SEDAN,PETROL,6135.55,2160,2,1,18,0,21500,COMMUTE,GOOD,1,0,COMPREHENSIVE,250,25,250.0,SUBURBAN,STREET_PARKING
0,0.0,0,0,6,SUV,DIESEL,21315.14,2190,2,1,41,11,6800,COMMERCIAL,EXCELLENT,4,0,COMPREHENSIVE,1000,25,1276.69,METROPOLITAN,PRIVATE_DRIVEWAY
0,0.0,0,0,5,LUXURY_COUPE,PETROL,53206.69,2330,5,1,54,17,6100,COMMUTE,EXCELLENT,1,0,THIRD_PARTY,500,35,786.83,URBAN,PRIVATE_DRIVEWAY
0,0.0,0,0,17,SUV,PETROL,8038.86,1220,5,0,34,13,14100,COMMUTE,EXCELLENT,0,0,THIRD_PARTY,250,35,250.0,METROPOLITAN,PRIVATE_DRIVEWAY
0,0.0,0,0,2,SEDAN,PETROL,21761.81,1610,5,0,77,24,21500,PERSONAL,EXCELLENT,0,0,ZERO_DEP_PREMIUM,250,20,660.58,RURAL,LOCKED_GARAGE
1,4000.0,0,31,17,HATCHBACK,DIESEL,4000.0,1570,3,0,22,3,14200,RIDESHARE,GOOD,1,0,COMPREHENSIVE,500,0,250.0,RURAL,PRIVATE_DRIVEWAY
0,0.0,0,0,17,SEDAN,PETROL,6552.4,2010,1,0,49,24,11700,RIDESHARE,EXCELLENT,1,0,THIRD_PARTY,1000,25,250.0,URBAN,PRIVATE_DRIVEWAY
0,0.0,0,0,11,SEDAN,CNG,9181.13,800,1,0,48,23,8900,PERSONAL,FAIR,1,0,COMPREHENSIVE,2000,20,291.0,URBAN,PRIVATE_DRIVEWAY
0,0.0,0,0,3,LUXURY_COUPE,CNG,49196.03,2020,5,1,36,9,16200,PERSONAL,EXCELLENT,1,1,COMPREHENSIVE,500,25,1019.53,RURAL,PRIVATE_DRIVEWAY
0,0.0,0,0,2,HATCHBACK,PETROL,13385.75,940,3,0,40,21,2100,COMMERCIAL,POOR,1,1,COMPREHENSIVE,1000,0,689.35,URBAN,LOCKED_GARAGE
0,0.0,0,0,5,SEDAN,HYBRID,16001.87,800,2,1,65,40,4500,COMMUTE,GOOD,0,0,COMPREHENSIVE,250,35,411.73,URBAN,STREET_PARKING
0,0.0,0,0,10,SUV,PETROL,14050.07,1280,5,0,57,22,8500,PERSONAL,GOOD,0,0,COMPREHENSIVE,250,20,508.89,METROPOLITAN,PRIVATE_DRIVEWAY
0,0.0,0,0,2,SEDAN,PETROL,19805.61,800,5,1,55,28,8700,COMMUTE,EXCELLENT,0,0,ZERO_DEP_PREMIUM,1000,20,908.66,METROPOLITAN,LOCKED_GARAGE
0,0.0,0,0,8,SEDAN,PETROL,13430.65,1350,5,1,29,7,9900,PERSONAL,GOOD,2,0,THIRD_PARTY,1000,45,250.0,URBAN,LOCKED_GARAGE
1,799.08,0,17,2,HATCHBACK,ELECTRIC,9293.9,1280,5,1,49,27,20000,RIDESHARE,GOOD,0,0,COMPREHENSIVE,500,20,454.56,URBAN,PRIVATE_DRIVEWAY
0,0.0,0,0,10,HATCHBACK,DIESEL,6034.69,1890,5,0,53,24,22200,PERSONAL,GOOD,1,1,ZERO_DEP_PREMIUM,250,0,356.71,METROPOLITAN,PRIVATE_DRIVEWAY
0,0.0,0,0,0,HATCHBACK,PETROL,15146.89,1440,2,1,54,21,7700,COMMUTE,POOR,1,0,COMPREHENSIVE,250,35,563.02,METROPOLITAN,PRIVATE_DRIVEWAY
0,0.0,0,0,13,COMMERCIAL_VAN,DIESEL,8804.68,800,5,1,22,4,12000,RIDESHARE,EXCELLENT,2,0,COMPREHENSIVE,500,45,368.32,URBAN,PRIVATE_DRIVEWAY
0,0.0,0,0,1,SEDAN,DIESEL,17979.9,1830,4,1,47,19,8700,COMMUTE,EXCELLENT,4,0,COMPREHENSIVE,250,35,473.2,SUBURBAN,LOCKED_GARAGE
0,0.0,0,0,3,COMMERCIAL_VAN,ELECTRIC,17932.51,3170,2,1,47,29,9900,COMMUTE,POOR,0,1,ZERO_DEP_PREMIUM,500,0,873.71,URBAN,LOCKED_GARAGE
0,0.0,0,0,3,HATCHBACK,DIESEL,14076.06,2300,5,0,58,25,17200,PERSONAL,EXCELLENT,0,0,ZERO_DEP_PREMIUM,250,25,475.91,SUBURBAN,PRIVATE_DRIVEWAY
0,0.0,0,0,15,SEDAN,HYBRID,5376.53,2040,2,1,38,15,21100,PERSONAL,GOOD,2,0,COMPREHENSIVE,1000,45,250.0,METROPOLITAN,PRIVATE_DRIVEWAY
0,0.0,0,0,1,TRUCK,DIESEL,42434.34,2170,3,0,26,5,21800,PERSONAL,POOR,1,2,ZERO_DEP_PREMIUM,250,20,1876.92,SUBURBAN,PRIVATE_DRIVEWAY
0,0.0,0,0,8,SEDAN,PETROL,13495.27,1280,5,1,29,8,14000,COMMUTE,GOOD,1,0,THIRD_PARTY,2000,20,250.0,SUBURBAN,PRIVATE_DRIVEWAY
0,0.0,0,0,11,HATCHBACK,HYBRID,5003.36,1240,2,0,47,29,2000,PERSONAL,FAIR,0,1,COMPREHENSIVE,500,50,250.0,METROPOLITAN,LOCKED_GARAGE
0,0.0,0,0,9,HATCHBACK,PETROL,4947.78,1760,5,1,58,19,4900,COMMUTE,GOOD,1,0,COMPREHENSIVE,1000,25,250.0,URBAN,LOCKED_GARAGE
0,0.0,0,0,12,SEDAN,DIESEL,7065.17,860,3,0,37,17,2600,COMMUTE,EXCELLENT,0,0,ZERO_DEP_PREMIUM,250,35,297.02,URBAN,LOCKED_GARAGE
1,3758.28,0,21,15,TRUCK,DIESEL,9457.54,2440,1,0,46,26,20400,COMMERCIAL,GOOD,2,2,COMPREHENSIVE,500,0,509.9,SUBURBAN,PRIVATE_DRIVEWAY
0,0.0,0,0,7,SEDAN,PETROL,14261.69,1170,3,0,18,0,9600,PERSONAL,GOOD,2,1,THIRD_PARTY,500,50,250.0,RURAL,STREET_PARKING
1,5851.17,0,23,15,TRUCK,PETROL,8233.6,1190,3,1,18,0,14600,PERSONAL,GOOD,2,0,COMPREHENSIVE,250,0,340.52,URBAN,STREET_PARKING
1,2249.77,0,27,6,SEDAN,DIESEL,15054.86,1160,5,1,49,22,23600,COMMERCIAL,GOOD,1,0,THIRD_PARTY,2000,0,350.35,METROPOLITAN,PRIVATE_DRIVEWAY
0,0.0,0,0,18,SEDAN,HYBRID,5617.24,2410,5,0,48,24,6800,PERSONAL,EXCELLENT,1,0,THIRD_PARTY,250,20,250.0,URBAN,STREET_PARKING
0,0.0,0,0,9,SUV,HYBRID,18071.96,1690,5,1,52,33,11800,COMMUTE,EXCELLENT,0,0,COMPREHENSIVE,1000,25,391.95,SUBURBAN,PRIVATE_DRIVEWAY
0,0.0,0,0,13,TRUCK,DIESEL,10431.27,800,5,1,18,0,14200,COMMUTE,GOOD,4,0,COMPREHENSIVE,500,0,513.95,METROPOLITAN,STREET_PARKING
0,0.0,0,0,16,SEDAN,PETROL,5792.22,1160,4,0,62,42,4300,COMMUTE,EXCELLENT,2,0,THIRD_PARTY,500,20,250.0,URBAN,STREET_PARKING
0,0.0,0,0,15,COMMERCIAL_VAN,PETROL,7759.59,2190,3,0,34,9,19000,COMMUTE,POOR,0,1,COMPREHENSIVE,250,35,260.63,URBAN,PRIVATE_DRIVEWAY
0,0.0,0,0,16,SEDAN,ELECTRIC,6077.89,1410,1,0,34,11,21600,RIDESHARE,EXCELLENT,0,0,THIRD_PARTY,1000,20,250.0,RURAL,LOCKED_GARAGE
0,0.0,0,0,10,SUV,PETROL,12983.19,1940,2,1,51,22,18200,PERSONAL,EXCELLENT,2,0,COMPREHENSIVE,500,20,346.28,RURAL,LOCKED_GARAGE
0,0.0,0,0,0,SUV,ELECTRIC,20207.91,1340,5,1,43,13,18300,PERSONAL,POOR,0,0,COMPREHENSIVE,2000,0,780.56,METROPOLITAN,LOCKED_GARAGE
1,2375.84,0,19,9,SEDAN,PETROL,10794.21,1720,2,1,66,25,14400,PERSONAL,GOOD,0,1,COMPREHENSIVE,250,0,467.85,METROPOLITAN,LOCKED_GARAGE
0,0.0,0,0,3,COMMERCIAL_VAN,PETROL,24355.72,1620,2,0,52,31,16100,COMMUTE,GOOD,0,0,THIRD_PARTY,2000,0,262.12,RURAL,LOCKED_GARAGE
0,0.0,0,0,16,SUV,DIESEL,6888.78,1180,3,0,64,46,21600,COMMERCIAL,GOOD,1,2,THIRD_PARTY,1000,45,250.0,URBAN,PRIVATE_DRIVEWAY
1,4398.98,0,26,4,HATCHBACK,DIESEL,8943.84,1970,5,1,36,17,20900,PERSONAL,FAIR,0,0,COMPREHENSIVE,1000,0,373.38,URBAN,LOCKED_GARAGE
0,0.0,0,0,4,HATCHBACK,DIESEL,10166.91,2600,5,0,59,22,16500,PERSONAL,GOOD,0,0,COMPREHENSIVE,250,50,265.69,URBAN,LOCKED_GARAGE
0,0.0,0,0,4,HATCHBACK,PETROL,10769.46,1850,4,1,18,0,8300,COMMUTE,EXCELLENT,1,0,COMPREHENSIVE,250,0,490.37,URBAN,LOCKED_GARAGE
0,0.0,0,0,12,HATCHBACK,HYBRID,4814.51,1670,4,0,41,11,2000,COMMUTE,EXCELLENT,0,0,THIRD_PARTY,250,45,250.0,URBAN,LOCKED_GARAGE
0,0.0,0,0,10,COMMERCIAL_VAN,DIESEL,9797.81,1050,3,0,23,4,22600,RIDESHARE,EXCELLENT,0,0,COMPREHENSIVE,1000,0,666.12,METROPOLITAN,LOCKED_GARAGE
0,0.0,0,0,18,HATCHBACK,ELECTRIC,4000.0,2210,2,0,44,10,24800,PERSONAL,POOR,1,1,COMPREHENSIVE,1000,45,250.0,SUBURBAN,STREET_PARKING
0,0.0,0,0,7,HATCHBACK,DIESEL,9777.06,1270,5,1,45,22,10000,PERSONAL,POOR,1,0,COMPREHENSIVE,2000,20,250.0,RURAL,PRIVATE_DRIVEWAY
0,0.0,0,0,5,HATCHBACK,PETROL,9919.06,1960,5,1,55,21,21300,COMMUTE,EXCELLENT,1,0,COMPREHENSIVE,250,0,489.33,METROPOLITAN,LOCKED_GARAGE
0,0.0,0,0,0,HATCHBACK,DIESEL,13995.91,2100,5,1,46,23,2000,COMMUTE,GOOD,1,1,THIRD_PARTY,1000,0,250.0,SUBURBAN,LOCKED_GARAGE
0,0.0,0,0,0,SUV,DIESEL,26880.29,2240,5,0,32,7,18500,PERSONAL,GOOD,1,0,THIRD_PARTY,500,0,457.58,URBAN,PRIVATE_DRIVEWAY
0,0.0,0,0,7,HATCHBACK,DIESEL,8605.45,2250,5,1,36,17,16500,PERSONAL,FAIR,1,0,COMPREHENSIVE,500,45,250.0,SUBURBAN,PRIVATE_DRIVEWAY
0,0.0,0,0,17,SUV,DIESEL,7639.36,2230,3,0,45,13,9700,COMMUTE,EXCELLENT,0,0,THIRD_PARTY,500,25,250.0,METROPOLITAN,PRIVATE_DRIVEWAY
0,0.0,0,0,9,HATCHBACK,PETROL,6545.24,800,4,1,33,6,26700,PERSONAL,POOR,0,2,ZERO_DEP_PREMIUM,500,35,263.61,METROPOLITAN,STREET_PARKING
0,0.0,0,0,16,LUXURY_COUPE,CNG,13399.42,1940,4,1,59,19,12300,COMMERCIAL,EXCELLENT,2,1,COMPREHENSIVE,500,20,543.5,SUBURBAN,STREET_PARKING
0,0.0,0,0,1,LUXURY_COUPE,PETROL,55023.38,1610,5,0,37,10,20000,COMMUTE,GOOD,0,1,COMPREHENSIVE,500,20,1369.98,SUBURBAN,STREET_PARKING
0,0.0,0,0,1,TRUCK,PETROL,44407.82,1360,3,1,56,31,26100,RIDESHARE,FAIR,0,0,COMPREHENSIVE,1000,25,2210.11,URBAN,PRIVATE_DRIVEWAY
0,0.0,0,0,15,HATCHBACK,ELECTRIC,4000.0,2590,5,0,33,10,13200,RIDESHARE,FAIR,1,0,THIRD_PARTY,250,45,250.0,METROPOLITAN,LOCKED_GARAGE
0,0.0,0,0,2,HATCHBACK,PETROL,13640.64,960,5,1,51,22,19700,PERSONAL,POOR,3,0,ZERO_DEP_PREMIUM,1000,20,713.35,URBAN,LOCKED_GARAGE
0,0.0,0,0,0,SEDAN,CNG,21481.51,870,5,1,39,16,13700,COMMUTE,EXCELLENT,5,0,COMPREHENSIVE,250,25,975.71,METROPOLITAN,LOCKED_GARAGE
0,0.0,0,0,7,SUV,PETROL,18942.91,1560,3,1,58,32,16100,RIDESHARE,GOOD,1,0,COMPREHENSIVE,2000,0,789.17,SUBURBAN,LOCKED_GARAGE
0,0.0,0,0,17,SEDAN,PETROL,5080.24,1120,1,0,69,42,7700,PERSONAL,FAIR,0,0,COMPREHENSIVE,500,25,250.0,SUBURBAN,PRIVATE_DRIVEWAY
0,0.0,0,0,13,SEDAN,PETROL,7282.45,3070,1,1,45,18,14800,PERSONAL,FAIR,1,0,THIRD_PARTY,1000,20,250.0,RURAL,LOCKED_GARAGE
0,0.0,0,0,1,LUXURY_COUPE,PETROL,64174.91,2320,4,0,69,24,15100,COMMERCIAL,GOOD,1,0,ZERO_DEP_PREMIUM,500,20,4120.85,METROPOLITAN,LOCKED_GARAGE
0,0.0,0,0,15,TRUCK,PETROL,8599.85,2590,1,0,40,10,14700,COMMUTE,GOOD,2,0,ZERO_DEP_PREMIUM,500,0,422.68,SUBURBAN,LOCKED_GARAGE
0,0.0,0,0,16,HATCHBACK,PETROL,4000.0,1090,1,0,45,15,21500,PERSONAL,POOR,1,0,THIRD_PARTY,250,35,250.0,METROPOLITAN,LOCKED_GARAGE
0,0.0,0,0,15,SEDAN,PETROL,6210.1,800,1,0,41,12,15800,COMMUTE,FAIR,0,0,THIRD_PARTY,500,0,250.0,URBAN,PRIVATE_DRIVEWAY
1,3504.17,0,37,17,HATCHBACK,PETROL,4000.0,1130,4,0,28,6,7300,RIDESHARE,POOR,2,1,THIRD_PARTY,500,25,250.0,URBAN,PRIVATE_DRIVEWAY
0,0.0,0,0,4,SUV,PETROL,25890.02,1130,5,1,63,45,17500,PERSONAL,POOR,0,2,COMPREHENSIVE,500,50,591.02,SUBURBAN,PRIVATE_DRIVEWAY
0,0.0,0,0,18,TRUCK,PETROL,10112.87,1830,4,1,44,15,10100,COMMERCIAL,FAIR,1,2,THIRD_PARTY,2000,50,250.0,SUBURBAN,LOCKED_GARAGE
0,0.0,0,0,6,LUXURY_COUPE,PETROL,39631.83,1460,3,1,36,17,15200,PERSONAL,EXCELLENT,3,0,COMPREHENSIVE,250,25,1146.17,RURAL,LOCKED_GARAGE
0,0.0,0,0,15,SUV,PETROL,8148.41,1690,3,0,32,11,14800,RIDESHARE,EXCELLENT,0,0,ZERO_DEP_PREMIUM,500,25,402.5,RURAL,PRIVATE_DRIVEWAY
1,3321.77,0,10,11,SEDAN,PETROL,9213.81,1380,2,1,69,22,18600,PERSONAL,POOR,1,0,THIRD_PARTY,2000,35,250.0,URBAN,LOCKED_GARAGE
0,0.0,0,0,14,SEDAN,PETROL,4687.44,800,5,1,40,19,15300,PERSONAL,FAIR,1,0,COMPREHENSIVE,250,25,250.0,URBAN,STREET_PARKING
0,0.0,0,0,11,SEDAN,PETROL,9567.97,1670,5,0,40,18,17900,COMMERCIAL,POOR,0,1,THIRD_PARTY,500,0,250.0,URBAN,PRIVATE_DRIVEWAY
0,0.0,0,0,12,SUV,PETROL,11268.21,2100,4,0,56,31,14900,COMMUTE,GOOD,0,1,COMPREHENSIVE,250,0,431.44,URBAN,PRIVATE_DRIVEWAY
0,0.0,0,0,11,SEDAN,CNG,8530.48,2380,1,1,64,22,28900,COMMERCIAL,FAIR,1,0,THIRD_PARTY,250,25,250.0,SUBURBAN,LOCKED_GARAGE
0,0.0,0,0,14,SEDAN,PETROL,5569.25,800,4,1,35,7,11800,COMMUTE,FAIR,0,0,COMPREHENSIVE,500,20,250.0,URBAN,LOCKED_GARAGE
0,0.0,0,0,14,SEDAN,PETROL,5966.75,1120,4,0,51,30,10500,COMMUTE,GOOD,0,1,COMPREHENSIVE,250,45,250.0,METROPOLITAN,LOCKED_GARAGE
0,0.0,0,0,2,SEDAN,DIESEL,25021.95,800,3,1,51,28,18000,COMMUTE,GOOD,0,0,ZERO_DEP_PREMIUM,250,0,1197.83,URBAN,PRIVATE_DRIVEWAY
0,0.0,0,0,15,HATCHBACK,DIESEL,4000.0,1180,1,1,40,16,11200,COMMERCIAL,GOOD,0,1,THIRD_PARTY,500,0,250.0,URBAN,PRIVATE_DRIVEWAY
0,0.0,0,0,10,SEDAN,PETROL,10862.97,2500,5,0,37,16,19200,COMMERCIAL,GOOD,0,2,COMPREHENSIVE,250,45,433.66,METROPOLITAN,LOCKED_GARAGE
0,0.0,0,0,6,TRUCK,ELECTRIC,26051.26,1830,5,1,33,11,6100,COMMERCIAL,EXCELLENT,1,0,COMPREHENSIVE,1000,20,1280.02,METROPOLITAN,STREET_PARKING
0,0.0,0,0,9,SEDAN,DIESEL,13645.28,1290,2,0,57,29,15100,COMMUTE,GOOD,2,1,COMPREHENSIVE,1000,20,456.59,SUBURBAN,LOCKED_GARAGE
0,0.0,0,0,18,SEDAN,CNG,4532.44,1060,1,0,46,27,17100,PERSONAL,GOOD,2,0,THIRD_PARTY,500,20,250.0,SUBURBAN,STREET_PARKING
1,4353.31,0,14,16,SEDAN,CNG,4353.31,2660,1,0,43,12,6900,COMMERCIAL,POOR,0,0,COMPREHENSIVE,500,25,250.0,METROPOLITAN,LOCKED_GARAGE
1,4000.0,0,11,15,HATCHBACK,DIESEL,4000.0,800,4,0,32,8,16600,RIDESHARE,POOR,1,1,ZERO_DEP_PREMIUM,500,0,335.01,URBAN,LOCKED_GARAGE
1,2700.54,0,18,8,SEDAN,DIESEL,13295.95,1240,4,0,57,18,2000,PERSONAL,FAIR,1,0,THIRD_PARTY,250,0,250.0,RURAL,PRIVATE_DRIVEWAY
0,0.0,0,0,14,HATCHBACK,PETROL,4000.0,1040,1,0,46,15,14300,COMMUTE,EXCELLENT,2,0,THIRD_PARTY,250,35,250.0,SUBURBAN,LOCKED_GARAGE
0,0.0,0,0,7,SEDAN,HYBRID,13524.42,800,4,0,30,11,21800,PERSONAL,EXCELLENT,0,0,THIRD_PARTY,500,20,250.0,SUBURBAN,LOCKED_GARAGE
0,0.0,0,0,13,LUXURY_COUPE,DIESEL,18123.77,3220,1,0,37,16,8500,COMMERCIAL,GOOD,0,1,COMPREHENSIVE,250,35,635.44,SUBURBAN,PRIVATE_DRIVEWAY
0,0.0,0,0,12,SEDAN,PETROL,8147.96,800,2,0,53,26,13600,COMMERCIAL,EXCELLENT,0,0,ZERO_DEP_PREMIUM,250,25,588.39,METROPOLITAN,STREET_PARKING
0,0.0,0,0,4,SUV,PETROL,26244.15,1300,5,0,18,0,8600,COMMERCIAL,GOOD,0,1,COMPREHENSIVE,1000,50,796.7,SUBURBAN,LOCKED_GARAGE
0,0.0,0,0,5,TRUCK,DIESEL,21572.02,2250,5,1,42,17,18600,PERSONAL,GOOD,2,1,COMPREHENSIVE,2000,45,499.86,SUBURBAN,PRIVATE_DRIVEWAY
0,0.0,0,0,1,SEDAN,DIESEL,18095.47,1110,4,1,54,26,19300,PERSONAL,EXCELLENT,0,0,THIRD_PARTY,250,0,258.71,SUBURBAN,PRIVATE_DRIVEWAY
0,0.0,0,0,2,SEDAN,HYBRID,17684.37,800,4,0,45,13,17600,PERSONAL,EXCELLENT,0,1,COMPREHENSIVE,500,20,584.67,METROPOLITAN,LOCKED_GARAGE
0,0.0,0,0,8,TRUCK,PETROL,23166.97,2190,2,1,52,15,19000,RIDESHARE,FAIR,1,0,COMPREHENSIVE,500,20,1140.12,URBAN,STREET_PARKING
0,0.0,0,0,9,SEDAN,HYBRID,11609.48,1100,5,1,18,0,9700,PERSONAL,EXCELLENT,2,0,THIRD_PARTY,250,25,250.0,URBAN,LOCKED_GARAGE
0,0.0,0,0,3,SEDAN,PETROL,17001.67,2130,3,1,24,5,13400,PERSONAL,GOOD,0,0,ZERO_DEP_PREMIUM,500,0,840.98,URBAN,LOCKED_GARAGE
0,0.0,0,0,7,SUV,DIESEL,20021.36,1940,2,0,55,27,6500,PERSONAL,EXCELLENT,0,0,COMPREHENSIVE,1000,20,506.55,RURAL,STREET_PARKING
0,0.0,0,0,11,SEDAN,PETROL,7586.71,2860,2,0,48,24,8100,PERSONAL,EXCELLENT,1,0,COMPREHENSIVE,250,0,264.05,SUBURBAN,STREET_PARKING
0,0.0,0,0,4,COMMERCIAL_VAN,PETROL,29155.39,1670,4,0,38,9,12800,PERSONAL,GOOD,0,0,ZERO_DEP_PREMIUM,500,25,1017.99,SUBURBAN,LOCKED_GARAGE
0,0.0,0,0,6,HATCHBACK,PETROL,10026.5,1980,2,1,46,16,21800,PERSONAL,POOR,2,0,COMPREHENSIVE,2000,0,386.72,URBAN,PRIVATE_DRIVEWAY
0,0.0,0,0,6,HATCHBACK,PETROL,10264.92,1370,4,1,50,17,8500,PERSONAL,EXCELLENT,1,0,COMPREHENSIVE,250,0,323.98,RURAL,STREET_PARKING
0,0.0,0,0,9,SEDAN,PETROL,12945.56,2710,4,1,35,15,16100,PERSONAL,GOOD,1,0,THIRD_PARTY,2000,45,250.0,METROPOLITAN,PRIVATE_DRIVEWAY
0,0.0,0,0,6,HATCHBACK,ELECTRIC,10523.88,1610,3,1,32,7,8400,RIDESHARE,POOR,1,0,COMPREHENSIVE,500,0,493.71,SUBURBAN,PRIVATE_DRIVEWAY
1,4000.0,0,21,14,HATCHBACK,PETROL,4000.0,1530,5,1,23,3,6300,PERSONAL,POOR,2,1,ZERO_DEP_PREMIUM,500,0,250.0,SUBURBAN,STREET_PARKING
0,0.0,0,0,6,SEDAN,ELECTRIC,14412.83,1950,3,1,62,36,23000,COMMUTE,EXCELLENT,0,0,COMPREHENSIVE,250,25,540.68,METROPOLITAN,STREET_PARKING
0,0.0,0,0,8,COMMERCIAL_VAN,DIESEL,19397.18,1180,5,1,43,20,21500,PERSONAL,FAIR,0,1,COMPREHENSIVE,1000,35,598.28,METROPOLITAN,STREET_PARKING
0,0.0,0,0,7,HATCHBACK,PETROL,8637.42,1280,5,1,63,42,9000,COMMERCIAL,EXCELLENT,0,0,COMPREHENSIVE,250,0,366.3,SUBURBAN,STREET_PARKING
0,0.0,0,0,3,TRUCK,HYBRID,28878.04,2650,5,1,23,5,11900,COMMUTE,EXCELLENT,0,1,ZERO_DEP_PREMIUM,2000,45,826.85,SUBURBAN,PRIVATE_DRIVEWAY
1,3934.73,0,16,13,SEDAN,ELECTRIC,7749.69,2080,2,1,44,23,15200,PERSONAL,FAIR,1,1,ZERO_DEP_PREMIUM,2000,35,250.0,RURAL,STREET_PARKING
0,0.0,0,0,4,SEDAN,ELECTRIC,15232.74,1990,5,0,25,6,7500,COMMUTE,FAIR,2,1,COMPREHENSIVE,1000,20,505.53,URBAN,PRIVATE_DRIVEWAY
1,2351.38,0,12,5,HATCHBACK,ELECTRIC,8037.13,1550,2,1,67,24,17300,PERSONAL,POOR,1,0,THIRD_PARTY,500,20,250.0,RURAL,STREET_PARKING
0,0.0,0,0,15,TRUCK,DIESEL,10631.77,2480,5,1,80,44,3700,PERSONAL,EXCELLENT,0,0,ZERO_DEP_PREMIUM,1000,0,441.7,SUBURBAN,LOCKED_GARAGE
0,0.0,0,0,18,SUV,CNG,7298.0,2220,3,1,60,20,10600,PERSONAL,GOOD,0,0,ZERO_DEP_PREMIUM,500,20,291.05,METROPOLITAN,LOCKED_GARAGE
0,0.0,0,0,12,SEDAN,PETROL,7870.54,890,3,1,26,6,11700,COMMUTE,GOOD,1,0,COMPREHENSIVE,250,25,250.0,SUBURBAN,PRIVATE_DRIVEWAY
0,0.0,0,0,17,TRUCK,PETROL,11571.62,2300,5,0,26,7,17000,PERSONAL,GOOD,1,1,THIRD_PARTY,500,20,250.0,URBAN,PRIVATE_DRIVEWAY
1,3346.52,0,21,16,SEDAN,DIESEL,4592.6,800,1,0,41,16,22200,RIDESHARE,FAIR,1,0,COMPREHENSIVE,250,0,250.0,RURAL,PRIVATE_DRIVEWAY
0,0.0,0,0,9,SUV,PETROL,16080.66,2080,2,0,44,16,7200,RIDESHARE,FAIR,1,1,COMPREHENSIVE,1000,20,895.17,METROPOLITAN,STREET_PARKING
0,0.0,0,0,14,HATCHBACK,DIESEL,4123.03,1090,1,0,49,31,13000,COMMERCIAL,POOR,0,0,THIRD_PARTY,2000,35,250.0,SUBURBAN,STREET_PARKING
0,0.0,0,0,6,SEDAN,PETROL,15946.12,1110,2,1,49,18,17700,COMMUTE,FAIR,2,0,COMPREHENSIVE,250,20,547.11,SUBURBAN,STREET_PARKING
0,0.0,0,0,8,SEDAN,PETROL,12054.15,1520,5,0,42,12,13400,PERSONAL,GOOD,1,1,THIRD_PARTY,1000,50,250.0,METROPOLITAN,PRIVATE_DRIVEWAY
0,0.0,0,0,10,SEDAN,HYBRID,12738.58,2000,5,1,39,15,12600,COMMERCIAL,FAIR,1,0,ZERO_DEP_PREMIUM,500,0,886.1,URBAN,PRIVATE_DRIVEWAY
0,0.0,0,0,18,COMMERCIAL_VAN,PETROL,7414.21,3150,1,0,31,9,19100,COMMUTE,POOR,2,0,COMPREHENSIVE,250,0,251.74,RURAL,PRIVATE_DRIVEWAY
0,0.0,0,0,16,SUV,PETROL,8381.0,800,4,0,51,20,2000,COMMUTE,EXCELLENT,1,0,COMPREHENSIVE,500,0,261.47,RURAL,PRIVATE_DRIVEWAY
1,8469.31,0,33,9,HATCHBACK,DIESEL,8469.31,1050,3,0,18,0,12400,RIDESHARE,GOOD,1,1,THIRD_PARTY,500,35,250.0,METROPOLITAN,PRIVATE_DRIVEWAY
0,0.0,0,0,12,LUXURY_COUPE,ELECTRIC,24701.25,2650,4,0,43,25,14200,PERSONAL,GOOD,1,0,ZERO_DEP_PREMIUM,250,25,1245.32,METROPOLITAN,STREET_PARKING
0,0.0,0,0,3,HATCHBACK,HYBRID,13544.11,1130,3,1,45,17,13700,PERSONAL,GOOD,2,0,COMPREHENSIVE,500,20,440.59,SUBURBAN,STREET_PARKING
0,0.0,0,0,15,HATCHBACK,PETROL,4000.0,2140,1,1,39,15,8700,PERSONAL,EXCELLENT,0,0,COMPREHENSIVE,250,45,250.0,METROPOLITAN,PRIVATE_DRIVEWAY
0,0.0,0,0,10,HATCHBACK,HYBRID,7228.5,1490,5,0,53,16,19600,PERSONAL,GOOD,0,0,COMPREHENSIVE,500,0,250.0,SUBURBAN,LOCKED_GARAGE
0,0.0,0,0,10,SUV,DIESEL,14693.06,2180,2,1,56,26,15700,COMMERCIAL,GOOD,0,1,COMPREHENSIVE,500,35,465.17,SUBURBAN,STREET_PARKING
0,0.0,0,0,14,HATCHBACK,HYBRID,4000.0,1440,4,1,45,19,2000,COMMERCIAL,POOR,0,2,COMPREHENSIVE,2000,45,250.0,METROPOLITAN,STREET_PARKING
0,0.0,0,0,12,LUXURY_COUPE,PETROL,22688.6,2850,4,0,74,34,17800,COMMERCIAL,GOOD,0,0,COMPREHENSIVE,500,35,801.82,URBAN,PRIVATE_DRIVEWAY
0,0.0,0,0,1,TRUCK,PETROL,36729.81,1680,2,1,32,6,12900,RIDESHARE,POOR,0,1,COMPREHENSIVE,1000,35,1712.07,METROPOLITAN,PRIVATE_DRIVEWAY
0,0.0,0,0,5,SUV,DIESEL,28400.76,2860,2,1,36,13,19600,PERSONAL,GOOD,1,0,THIRD_PARTY,500,20,577.74,METROPOLITAN,LOCKED_GARAGE
1,3093.83,1,29,3,SUV,DIESEL,27942.59,800,3,1,36,8,22600,PERSONAL,EXCELLENT,1,0,ZERO_DEP_PREMIUM,500,25,1121.78,URBAN,PRIVATE_DRIVEWAY
0,0.0,0,0,13,COMMERCIAL_VAN,PETROL,7748.89,1140,5,0,58,21,14400,COMMUTE,GOOD,0,0,THIRD_PARTY,500,35,250.0,RURAL,PRIVATE_DRIVEWAY
0,0.0,0,0,0,SEDAN,DIESEL,19329.83,800,5,1,47,28,8900,COMMERCIAL,GOOD,3,0,COMPREHENSIVE,500,45,921.63,URBAN,LOCKED_GARAGE
0,0.0,0,0,3,TRUCK,DIESEL,31549.53,2820,5,1,18,0,19800,RIDESHARE,GOOD,3,0,COMPREHENSIVE,500,0,1774.16,SUBURBAN,PRIVATE_DRIVEWAY
0,0.0,0,0,11,SEDAN,PETROL,7286.01,1950,1,0,37,12,23600,RIDESHARE,GOOD,2,0,THIRD_PARTY,250,50,250.0,SUBURBAN,PRIVATE_DRIVEWAY
0,0.0,0,0,13,HATCHBACK,DIESEL,4000.0,810,5,1,34,11,16100,RIDESHARE,EXCELLENT,0,0,THIRD_PARTY,250,25,250.0,RURAL,LOCKED_GARAGE
0,0.0,0,0,9,TRUCK,PETROL,18627.68,2950,2,0,66,44,13600,COMMUTE,GOOD,0,0,COMPREHENSIVE,250,50,417.19,RURAL,PRIVATE_DRIVEWAY
0,0.0,0,0,16,SUV,HYBRID,7594.99,1150,1,1,31,7,20100,COMMUTE,EXCELLENT,4,1,COMPREHENSIVE,1000,50,250.0,URBAN,LOCKED_GARAGE
0,0.0,0,0,17,SEDAN,DIESEL,5979.76,1850,4,0,42,23,8400,PERSONAL,FAIR,0,0,COMPREHENSIVE,2000,35,250.0,METROPOLITAN,STREET_PARKING
0,0.0,0,0,2,TRUCK,DIESEL,30825.6,2700,5,1,20,2,14600,PERSONAL,GOOD,1,0,ZERO_DEP_PREMIUM,1000,35,1418.7,URBAN,STREET_PARKING
0,0.0,0,0,18,SUV,CNG,5628.82,1440,1,1,44,12,11100,COMMUTE,EXCELLENT,0,0,THIRD_PARTY,250,0,250.0,URBAN,STREET_PARKING
0,0.0,0,0,11,SUV,DIESEL,10083.02,2190,1,1,68,43,17700,PERSONAL,EXCELLENT,0,0,ZERO_DEP_PREMIUM,2000,45,250.0,SUBURBAN,PRIVATE_DRIVEWAY
0,0.0,0,0,12,HATCHBACK,PETROL,4749.82,1510,3,1,30,10,12700,COMMERCIAL,FAIR,0,0,COMPREHENSIVE,500,0,250.0,URBAN,LOCKED_GARAGE
0,0.0,0,0,1,SUV,DIESEL,28110.61,1820,3,0,55,29,12900,COMMERCIAL,FAIR,2,2,THIRD_PARTY,500,50,498.45,URBAN,PRIVATE_DRIVEWAY
0,0.0,0,0,11,HATCHBACK,CNG,4709.34,1420,1,0,39,13,17700,COMMUTE,FAIR,1,0,ZERO_DEP_PREMIUM,500,0,250.0,URBAN,PRIVATE_DRIVEWAY
0,0.0,0,0,13,SEDAN,PETROL,7743.54,800,1,0,42,21,23000,COMMUTE,EXCELLENT,1,0,THIRD_PARTY,250,35,250.0,METROPOLITAN,LOCKED_GARAGE
0,0.0,0,0,11,SUV,DIESEL,13897.05,1520,4,0,51,30,18200,COMMERCIAL,FAIR,0,0,COMPREHENSIVE,1000,0,620.96,URBAN,PRIVATE_DRIVEWAY
1,15225.59,0,23,1,COMMERCIAL_VAN,PETROL,28151.23,1030,4,0,24,3,19300,PERSONAL,POOR,1,0,COMPREHENSIVE,250,0,1137.23,URBAN,STREET_PARKING
0,0.0,0,0,9,SEDAN,HYBRID,11421.03,2500,5,1,31,8,20800,COMMERCIAL,GOOD,1,0,COMPREHENSIVE,1000,45,363.1,URBAN,LOCKED_GARAGE
0,0.0,0,0,17,SUV,DIESEL,7745.46,800,3,0,29,8,12000,COMMUTE,FAIR,2,1,COMPREHENSIVE,500,20,338.94,METROPOLITAN,LOCKED_GARAGE
0,0.0,0,0,13,HATCHBACK,CNG,4000.0,2400,5,1,66,47,15300,PERSONAL,EXCELLENT,0,1,ZERO_DEP_PREMIUM,250,45,250.0,URBAN,STREET_PARKING
0,0.0,0,0,2,COMMERCIAL_VAN,DIESEL,30002.43,1480,5,1,57,27,13300,COMMERCIAL,EXCELLENT,2,0,THIRD_PARTY,500,35,445.43,SUBURBAN,LOCKED_GARAGE
0,0.0,0,0,18,HATCHBACK,PETROL,4000.0,1860,4,1,56,23,14100,COMMUTE,EXCELLENT,0,1,COMPREHENSIVE,2000,45,250.0,SUBURBAN,PRIVATE_DRIVEWAY
0,0.0,0,0,18,TRUCK,DIESEL,7245.84,1400,5,0,56,17,11700,PERSONAL,FAIR,1,0,COMPREHENSIVE,500,20,250.0,URBAN,PRIVATE_DRIVEWAY
0,0.0,0,0,3,SEDAN,CNG,18869.15,1400,5,0,53,27,13000,PERSONAL,FAIR,1,1,ZERO_DEP_PREMIUM,250,35,580.61,RURAL,STREET_PARKING
1,3025.28,0,12,15,SUV,PETROL,8323.36,1170,2,0,19,1,12200,PERSONAL,EXCELLENT,0,0,THIRD_PARTY,1000,0,250.0,SUBURBAN,PRIVATE_DRIVEWAY
0,0.0,0,0,7,COMMERCIAL_VAN,PETROL,17737.69,2970,2,0,34,16,9300,PERSONAL,GOOD,0,0,THIRD_PARTY,250,0,383.45,METROPOLITAN,PRIVATE_DRIVEWAY
0,0.0,0,0,11,COMMERCIAL_VAN,DIESEL,14832.31,1150,4,0,39,16,2000,PERSONAL,GOOD,1,0,COMPREHENSIVE,500,35,465.25,METROPOLITAN,LOCKED_GARAGE
1,1112.63,0,13,8,HATCHBACK,DIESEL,9711.01,2350,3,1,44,20,14200,RIDESHARE,EXCELLENT,1,0,THIRD_PARTY,500,35,250.0,RURAL,PRIVATE_DRIVEWAY
0,0.0,0,0,14,SUV,PETROL,7637.59,2360,3,0,28,7,24100,PERSONAL,FAIR,2,1,THIRD_PARTY,1000,0,250.0,URBAN,PRIVATE_DRIVEWAY
0,0.0,0,0,18,SUV,PETROL,7786.09,2340,2,1,23,4,17400,PERSONAL,GOOD,0,0,THIRD_PARTY,250,25,250.0,METROPOLITAN,PRIVATE_DRIVEWAY
0,0.0,0,0,15,SEDAN,PETROL,5275.42,1210,5,1,27,6,13000,COMMUTE,GOOD,2,0,COMPREHENSIVE,1000,45,250.0,URBAN,PRIVATE_DRIVEWAY
0,0.0,0,0,17,COMMERCIAL_VAN,DIESEL,6949.8,2770,2,0,31,7,5400,COMMUTE,FAIR,1,0,COMPREHENSIVE,250,45,250.0,URBAN,LOCKED_GARAGE
0,0.0,0,0,17,TRUCK,DIESEL,8450.33,3610,3,0,37,12,8300,PERSONAL,FAIR,0,1,COMPREHENSIVE,250,25,301.83,METROPOLITAN,PRIVATE_DRIVEWAY
0,0.0,0,0,1,SUV,DIESEL,32079.28,1840,4,1,48,25,2100,PERSONAL,EXCELLENT,0,0,ZERO_DEP_PREMIUM,1000,35,1366.63,METROPOLITAN,PRIVATE_DRIVEWAY
0,0.0,0,0,4,SEDAN,ELECTRIC,21199.0,1300,5,0,40,20,16600,COMMUTE,GOOD,0,0,COMPREHENSIVE,1000,20,836.52,METROPOLITAN,LOCKED_GARAGE
0,0.0,0,0,13,SUV,PETROL,10816.41,1040,1,0,59,32,8800,COMMUTE,GOOD,1,0,ZERO_DEP_PREMIUM,250,45,431.57,METROPOLITAN,PRIVATE_DRIVEWAY
0,0.0,0,0,11,SEDAN,DIESEL,9512.95,1910,5,1,51,28,21200,PERSONAL,GOOD,1,0,ZERO_DEP_PREMIUM,2000,20,260.99,RURAL,STREET_PARKING
0,0.0,0,0,0,HATCHBACK,PETROL,9956.05,1640,5,0,38,8,2000,COMMUTE,EXCELLENT,1,1,COMPREHENSIVE,500,0,370.17,URBAN,PRIVATE_DRIVEWAY
0,0.0,0,0,1,HATCHBACK,PETROL,10269.84,1720,5,1,48,29,10500,RIDESHARE,EXCELLENT,1,1,COMPREHENSIVE,250,0,499.47,SUBURBAN,LOCKED_GARAGE
0,0.0,0,0,9,SEDAN,DIESEL,12528.74,800,3,0,41,12,20400,PERSONAL,EXCELLENT,2,0,THIRD_PARTY,250,0,250.04,URBAN,PRIVATE_DRIVEWAY
0,0.0,0,0,11,HATCHBACK,DIESEL,6604.62,1620,5,1,34,9,5400,RIDESHARE,EXCELLENT,1,0,ZERO_DEP_PREMIUM,500,35,311.03,RURAL,STREET_PARKING
0,0.0,0,0,3,LUXURY_COUPE,CNG,57881.47,3240,2,0,43,14,5400,COMMUTE,EXCELLENT,2,1,COMPREHENSIVE,250,0,2087.64,RURAL,LOCKED_GARAGE
0,0.0,0,0,3,SEDAN,PETROL,17696.38,2130,3,0,48,17,10000,RIDESHARE,FAIR,0,1,ZERO_DEP_PREMIUM,2000,0,1500.47,METROPOLITAN,PRIVATE_DRIVEWAY
0,0.0,0,0,2,SUV,PETROL,33101.62,1330,5,0,56,19,6400,COMMERCIAL,FAIR,0,1,THIRD_PARTY,250,20,525.68,SUBURBAN,PRIVATE_DRIVEWAY
0,0.0,0,0,10,SUV,PETROL,15702.21,1530,5,0,73,23,11100,COMMERCIAL,GOOD,0,1,COMPREHENSIVE,500,0,695.06,SUBURBAN,STREET_PARKING
0,0.0,0,0,0,SEDAN,DIESEL,25002.86,800,5,0,60,41,2000,PERSONAL,GOOD,1,0,COMPREHENSIVE,250,20,1046.13,METROPOLITAN,STREET_PARKING
0,0.0,0,0,10,HATCHBACK,PETROL,4896.43,1170,3,0,28,6,21400,RIDESHARE,POOR,0,0,THIRD_PARTY,250,50,250.0,URBAN,PRIVATE_DRIVEWAY
1,7361.29,0,13,9,HATCHBACK,HYBRID,7361.29,1380,4,0,20,1,18900,PERSONAL,GOOD,0,1,ZERO_DEP_PREMIUM,500,45,293.07,URBAN,PRIVATE_DRIVEWAY
0,0.0,0,0,8,SEDAN,ELECTRIC,14943.53,2010,3,1,60,28,10100,PERSONAL,POOR,2,0,THIRD_PARTY,250,25,250.0,RURAL,LOCKED_GARAGE
1,2968.3,0,9,12,SEDAN,DIESEL,7953.44,1140,4,1,40,16,2000,PERSONAL,POOR,2,1,THIRD_PARTY,2000,20,250.0,RURAL,LOCKED_GARAGE
0,0.0,0,0,9,TRUCK,DIESEL,21373.62,1630,5,1,32,12,7800,PERSONAL,EXCELLENT,2,0,THIRD_PARTY,500,45,250.0,SUBURBAN,PRIVATE_DRIVEWAY
0,0.0,0,0,13,SUV,PETROL,9159.81,2090,1,1,65,33,18400,PERSONAL,POOR,2,0,COMPREHENSIVE,2000,20,328.62,METROPOLITAN,LOCKED_GARAGE
0,0.0,0,0,14,HATCHBACK,DIESEL,4000.0,1330,3,0,39,17,18700,RIDESHARE,EXCELLENT,1,0,COMPREHENSIVE,2000,20,250.0,METROPOLITAN,STREET_PARKING
0,0.0,0,0,17,HATCHBACK,DIESEL,4089.06,1050,1,0,40,11,9500,PERSONAL,GOOD,0,0,ZERO_DEP_PREMIUM,500,25,250.0,METROPOLITAN,PRIVATE_DRIVEWAY
0,0.0,0,0,15,TRUCK,HYBRID,8736.44,2830,5,1,33,14,16600,PERSONAL,POOR,2,0,COMPREHENSIVE,500,20,328.09,METROPOLITAN,PRIVATE_DRIVEWAY
1,6418.73,0,24,9,HATCHBACK,DIESEL,6418.73,1900,3,1,18,0,3600,PERSONAL,GOOD,2,1,THIRD_PARTY,250,20,250.0,METROPOLITAN,PRIVATE_DRIVEWAY
0,0.0,0,0,9,TRUCK,PETROL,18088.77,2170,5,1,29,5,13000,COMMUTE,GOOD,4,1,THIRD_PARTY,500,0,268.92,SUBURBAN,PRIVATE_DRIVEWAY
0,0.0,0,0,4,HATCHBACK,PETROL,10950.72,1370,5,0,33,9,5200,PERSONAL,GOOD,0,1,ZERO_DEP_PREMIUM,500,45,302.62,RURAL,PRIVATE_DRIVEWAY
0,0.0,0,0,11,SUV,PETROL,10197.82,1850,2,0,19,1,15900,PERSONAL,GOOD,2,0,THIRD_PARTY,1000,20,250.0,URBAN,PRIVATE_DRIVEWAY
1,6205.12,0,11,2,SUV,CNG,30978.47,1950,5,1,43,14,10700,PERSONAL,GOOD,1,1,THIRD_PARTY,250,45,386.03,URBAN,PRIVATE_DRIVEWAY
0,0.0,0,0,17,SUV,ELECTRIC,7842.32,1740,3,0,46,13,11800,PERSONAL,EXCELLENT,1,0,THIRD_PARTY,1000,35,250.0,METROPOLITAN,STREET_PARKING
0,0.0,0,0,16,SUV,HYBRID,8819.54,1680,3,0,55,16,13500,COMMERCIAL,FAIR,1,0,THIRD_PARTY,500,25,250.0,RURAL,PRIVATE_DRIVEWAY
0,0.0,0,0,2,SEDAN,HYBRID,14601.03,1210,2,1,31,7,2000,PERSONAL,GOOD,3,0,COMPREHENSIVE,250,20,539.41,URBAN,LOCKED_GARAGE
0,0.0,0,0,14,SUV,PETROL,8823.22,1240,5,1,18,0,13800,PERSONAL,POOR,0,1,COMPREHENSIVE,1000,50,250.0,URBAN,PRIVATE_DRIVEWAY
0,0.0,0,0,2,SUV,DIESEL,33048.97,1490,2,0,37,16,21100,COMMUTE,GOOD,0,0,THIRD_PARTY,250,25,348.81,RURAL,LOCKED_GARAGE
1,2125.97,0,28,13,SEDAN,DIESEL,6599.96,980,1,0,24,2,14400,COMMERCIAL,EXCELLENT,0,0,COMPREHENSIVE,1000,20,250.0,RURAL,LOCKED_GARAGE
0,0.0,0,0,1,SEDAN,PETROL,20864.89,900,5,1,42,18,20600,PERSONAL,FAIR,3,0,ZERO_DEP_PREMIUM,1000,45,700.24,SUBURBAN,STREET_PARKING
0,0.0,0,0,9,HATCHBACK,DIESEL,7804.04,1540,3,1,54,34,11200,PERSONAL,GOOD,1,1,THIRD_PARTY,250,45,250.0,SUBURBAN,PRIVATE_DRIVEWAY
1,1799.18,0,12,12,HATCHBACK,DIESEL,5486.24,2240,1,1,35,16,15400,COMMERCIAL,FAIR,2,0,COMPREHENSIVE,500,35,250.0,RURAL,STREET_PARKING
1,11509.6,0,31,13,TRUCK,HYBRID,11509.6,950,1,0,41,18,16200,PERSONAL,POOR,0,0,ZERO_DEP_PREMIUM,1000,25,508.46,METROPOLITAN,PRIVATE_DRIVEWAY
0,0.0,0,0,7,HATCHBACK,PETROL,9227.48,1350,5,1,18,0,18000,PERSONAL,GOOD,2,0,THIRD_PARTY,2000,0,250.0,RURAL,PRIVATE_DRIVEWAY
0,0.0,0,0,17,TRUCK,HYBRID,11388.91,2480,4,0,37,11,20000,PERSONAL,FAIR,0,1,COMPREHENSIVE,1000,35,364.6,METROPOLITAN,PRIVATE_DRIVEWAY
0,0.0,0,0,14,TRUCK,CNG,10367.72,3000,4,0,64,33,4900,PERSONAL,EXCELLENT,0,1,COMPREHENSIVE,1000,0,339.38,SUBURBAN,STREET_PARKING
0,0.0,0,0,3,SEDAN,CNG,16605.91,2770,5,1,50,29,8900,PERSONAL,POOR,0,0,COMPREHENSIVE,250,45,472.33,URBAN,LOCKED_GARAGE
0,0.0,0,0,12,LUXURY_COUPE,PETROL,25459.13,2330,3,0,31,7,17100,PERSONAL,GOOD,1,0,THIRD_PARTY,500,0,555.4,METROPOLITAN,LOCKED_GARAGE
0,0.0,0,0,13,SEDAN,PETROL,6176.91,2880,1,0,26,4,16400,COMMUTE,EXCELLENT,0,0,COMPREHENSIVE,1000,0,250.0,METROPOLITAN,LOCKED_GARAGE
0,0.0,0,0,6,HATCHBACK,DIESEL,9417.46,1900,4,1,42,12,13800,PERSONAL,FAIR,1,0,COMPREHENSIVE,1000,35,258.53,URBAN,LOCKED_GARAGE
0,0.0,0,0,14,TRUCK,PETROL,9621.84,2830,1,0,49,22,31000,COMMUTE,GOOD,1,0,COMPREHENSIVE,1000,45,291.71,METROPOLITAN,LOCKED_GARAGE
0,0.0,0,0,17,SUV,PETROL,8930.11,910,1,1,31,8,14600,PERSONAL,FAIR,1,0,COMPREHENSIVE,1000,35,277.25,METROPOLITAN,LOCKED_GARAGE
0,0.0,0,0,15,HATCHBACK,ELECTRIC,4234.52,1890,1,0,39,20,15900,COMMUTE,GOOD,2,0,COMPREHENSIVE,500,0,250.0,URBAN,STREET_PARKING
0,0.0,0,0,14,SUV,PETROL,8023.44,2190,1,0,18,0,5200,PERSONAL,GOOD,2,2,COMPREHENSIVE,500,35,250.0,URBAN,LOCKED_GARAGE
0,0.0,0,0,12,SEDAN,PETROL,9033.98,1150,4,0,53,28,20100,COMMUTE,GOOD,1,0,THIRD_PARTY,2000,35,250.0,METROPOLITAN,STREET_PARKING
1,2083.28,0,20,5,SEDAN,CNG,16265.02,800,4,0,30,11,14600,COMMERCIAL,FAIR,1,0,COMPREHENSIVE,500,45,431.1,RURAL,LOCKED_GARAGE
0,0.0,0,0,15,SEDAN,PETROL,6425.43,1700,4,0,51,30,14400,RIDESHARE,EXCELLENT,2,0,ZERO_DEP_PREMIUM,2000,20,495.0,METROPOLITAN,STREET_PARKING
0,0.0,0,0,6,SEDAN,CNG,15090.99,1460,2,1,47,15,26300,PERSONAL,GOOD,0,0,THIRD_PARTY,500,45,250.0,SUBURBAN,PRIVATE_DRIVEWAY
1,5927.73,0,9,10,HATCHBACK,PETROL,5927.73,2470,3,1,48,25,12900,PERSONAL,GOOD,0,0,COMPREHENSIVE,250,0,250.0,URBAN,PRIVATE_DRIVEWAY
1,4023.8,0,13,5,HATCHBACK,PETROL,12491.12,1250,2,1,38,16,21300,COMMERCIAL,POOR,2,1,COMPREHENSIVE,500,45,503.19,URBAN,LOCKED_GARAGE
0,0.0,0,0,5,SUV,PETROL,21563.33,1140,2,1,65,32,21200,PERSONAL,POOR,1,0,ZERO_DEP_PREMIUM,500,20,796.43,SUBURBAN,LOCKED_GARAGE
0,0.0,0,0,2,HATCHBACK,PETROL,11480.93,840,3,0,33,13,12700,PERSONAL,GOOD,0,0,COMPREHENSIVE,1000,20,377.8,URBAN,STREET_PARKING
0,0.0,0,0,18,SEDAN,PETROL,4671.01,1190,1,1,65,29,4700,PERSONAL,GOOD,0,4,COMPREHENSIVE,250,0,250.0,METROPOLITAN,LOCKED_GARAGE
0,0.0,0,0,2,SEDAN,HYBRID,22557.57,3330,3,1,46,12,9900,COMMUTE,FAIR,1,0,COMPREHENSIVE,250,0,1206.44,METROPOLITAN,PRIVATE_DRIVEWAY
0,0.0,0,0,1,HATCHBACK,CNG,15616.87,800,5,0,44,11,21200,PERSONAL,EXCELLENT,0,0,COMPREHENSIVE,250,35,525.16,METROPOLITAN,LOCKED_GARAGE
1,7835.82,0,29,17,COMMERCIAL_VAN,PETROL,7835.82,800,3,1,39,16,11500,COMMUTE,EXCELLENT,1,0,THIRD_PARTY,1000,0,250.0,METROPOLITAN,LOCKED_GARAGE
1,12699.87,0,13,10,SUV,PETROL,12699.87,1560,3,0,44,18,5900,PERSONAL,GOOD,2,0,ZERO_DEP_PREMIUM,250,50,545.22,METROPOLITAN,LOCKED_GARAGE
0,0.0,0,0,8,SEDAN,DIESEL,12309.98,2880,3,1,42,21,14900,RIDESHARE,EXCELLENT,1,0,COMPREHENSIVE,1000,25,669.77,METROPOLITAN,LOCKED_GARAGE
0,0.0,0,0,14,TRUCK,DIESEL,9155.01,2780,3,1,66,45,7000,PERSONAL,EXCELLENT,1,2,THIRD_PARTY,1000,20,250.0,METROPOLITAN,LOCKED_GARAGE
0,0.0,0,0,7,COMMERCIAL_VAN,PETROL,16168.54,2610,5,1,25,5,7900,PERSONAL,GOOD,1,0,ZERO_DEP_PREMIUM,500,45,562.55,URBAN,PRIVATE_DRIVEWAY
1,9372.82,0,13,2,SUV,PETROL,26809.16,1350,4,1,39,15,7400,PERSONAL,POOR,1,0,COMPREHENSIVE,500,20,889.94,URBAN,LOCKED_GARAGE
1,6650.52,0,19,13,SEDAN,PETROL,6650.52,800,4,0,29,6,20400,COMMERCIAL,EXCELLENT,3,1,COMPREHENSIVE,1000,0,336.34,SUBURBAN,PRIVATE_DRIVEWAY
0,0.0,0,0,3,SEDAN,DIESEL,17035.97,1310,3,1,34,12,22200,COMMUTE,FAIR,1,0,COMPREHENSIVE,500,20,611.5,METROPOLITAN,PRIVATE_DRIVEWAY
0,0.0,0,0,10,HATCHBACK,PETROL,6520.55,1520,5,0,42,17,5100,RIDESHARE,EXCELLENT,0,0,COMPREHENSIVE,500,45,281.99,METROPOLITAN,LOCKED_GARAGE
0,0.0,0,0,18,COMMERCIAL_VAN,ELECTRIC,5901.31,1610,1,0,63,34,15300,PERSONAL,FAIR,0,0,COMPREHENSIVE,500,25,250.0,METROPOLITAN,LOCKED_GARAGE
0,0.0,0,0,17,HATCHBACK,PETROL,4205.26,1460,1,0,49,22,17300,COMMUTE,EXCELLENT,1,2,ZERO_DEP_PREMIUM,1000,25,250.0,URBAN,LOCKED_GARAGE
0,0.0,0,0,6,SUV,PETROL,20432.98,1980,2,1,29,8,9500,PERSONAL,FAIR,1,2,THIRD_PARTY,500,0,414.18,METROPOLITAN,PRIVATE_DRIVEWAY
0,0.0,0,0,14,HATCHBACK,DIESEL,4000.0,1140,4,0,38,17,8700,RIDESHARE,EXCELLENT,1,0,COMPREHENSIVE,500,0,250.0,URBAN,LOCKED_GARAGE
0,0.0,0,0,11,TRUCK,PETROL,15349.86,1700,4,0,58,37,24700,COMMERCIAL,POOR,0,1,COMPREHENSIVE,1000,0,701.79,SUBURBAN,LOCKED_GARAGE
0,0.0,0,0,9,SUV,HYBRID,16940.52,820,5,1,34,11,5800,COMMUTE,GOOD,0,2,ZERO_DEP_PREMIUM,250,0,1121.86,METROPOLITAN,LOCKED_GARAGE
0,0.0,0,0,2,TRUCK,DIESEL,29225.95,2430,5,1,44,24,17900,COMMUTE,EXCELLENT,2,0,THIRD_PARTY,250,0,551.29,URBAN,LOCKED_GARAGE
0,0.0,0,0,7,SUV,HYBRID,17883.86,1670,4,0,48,23,16900,RIDESHARE,EXCELLENT,0,0,THIRD_PARTY,250,0,519.14,METROPOLITAN,LOCKED_GARAGE
0,0.0,0,0,12,SUV,DIESEL,9916.66,2310,4,1,39,13,29500,PERSONAL,EXCELLENT,0,0,ZERO_DEP_PREMIUM,250,50,462.73,METROPOLITAN,PRIVATE_DRIVEWAY
0,0.0,0,0,18,HATCHBACK,PETROL,4000.0,2610,4,0,29,7,21300,PERSONAL,GOOD,0,1,COMPREHENSIVE,250,20,250.0,METROPOLITAN,STREET_PARKING
0,0.0,0,0,0,SUV,PETROL,37092.44,820,3,1,46,24,3800,PERSONAL,EXCELLENT,1,0,COMPREHENSIVE,250,45,1019.73,URBAN,LOCKED_GARAGE
0,0.0,0,0,13,LUXURY_COUPE,DIESEL,19488.13,2520,1,1,74,39,6000,PERSONAL,FAIR,0,1,COMPREHENSIVE,2000,20,442.91,RURAL,STREET_PARKING
0,0.0,0,0,16,HATCHBACK,DIESEL,4000.0,1470,5,0,35,15,9500,PERSONAL,GOOD,0,1,COMPREHENSIVE,1000,0,250.0,RURAL,LOCKED_GARAGE
0,0.0,0,0,18,SUV,PETROL,8083.84,800,4,0,35,13,14500,COMMUTE,GOOD,3,0,COMPREHENSIVE,1000,0,253.86,RURAL,PRIVATE_DRIVEWAY
0,0.0,0,0,8,SUV,PETROL,17746.61,1260,5,1,52,14,2600,PERSONAL,GOOD,0,1,COMPREHENSIVE,500,50,530.81,METROPOLITAN,LOCKED_GARAGE
0,0.0,0,0,2,HATCHBACK,PETROL,11935.39,2620,4,0,75,39,16300,PERSONAL,FAIR,0,1,COMPREHENSIVE,500,35,261.86,SUBURBAN,PRIVATE_DRIVEWAY
0,0.0,0,0,5,SUV,PETROL,23157.08,1190,5,1,30,8,15700,PERSONAL,GOOD,0,0,THIRD_PARTY,500,45,264.8,SUBURBAN,PRIVATE_DRIVEWAY
0,0.0,0,0,16,HATCHBACK,PETROL,4000.0,1080,1,0,25,6,11100,COMMERCIAL,GOOD,2,1,COMPREHENSIVE,250,0,250.0,URBAN,LOCKED_GARAGE
1,1930.9,0,23,16,SUV,DIESEL,7308.87,1570,2,1,53,31,21500,PERSONAL,FAIR,1,1,THIRD_PARTY,250,20,250.0,RURAL,LOCKED_GARAGE
0,0.0,0,0,12,SUV,CNG,10428.4,2190,1,0,53,17,17800,PERSONAL,FAIR,0,0,THIRD_PARTY,500,45,250.0,METROPOLITAN,STREET_PARKING
0,0.0,0,0,2,HATCHBACK,PETROL,13928.47,1400,3,0,28,8,21700,PERSONAL,EXCELLENT,1,0,COMPREHENSIVE,2000,0,377.44,RURAL,PRIVATE_DRIVEWAY
0,0.0,0,0,2,SEDAN,PETROL,20681.87,1680,2,1,38,16,31000,RIDESHARE,EXCELLENT,3,0,ZERO_DEP_PREMIUM,1000,20,1462.35,SUBURBAN,STREET_PARKING
0,0.0,0,0,9,HATCHBACK,PETROL,8155.2,800,5,1,26,7,8100,COMMERCIAL,EXCELLENT,1,0,ZERO_DEP_PREMIUM,1000,45,316.16,SUBURBAN,LOCKED_GARAGE
0,0.0,0,0,11,HATCHBACK,PETROL,6482.83,1970,2,1,37,13,17300,PERSONAL,FAIR,2,1,ZERO_DEP_PREMIUM,500,35,266.6,SUBURBAN,STREET_PARKING
0,0.0,0,0,0,SUV,DIESEL,26775.52,1740,5,0,38,8,10200,PERSONAL,EXCELLENT,1,0,COMPREHENSIVE,250,25,830.64,URBAN,LOCKED_GARAGE
0,0.0,0,0,13,HATCHBACK,PETROL,4128.04,2180,4,1,55,17,18600,COMMUTE,EXCELLENT,1,0,THIRD_PARTY,1000,0,250.0,URBAN,PRIVATE_DRIVEWAY
0,0.0,0,0,10,HATCHBACK,CNG,5915.98,800,4,0,59,27,11400,COMMUTE,EXCELLENT,3,1,ZERO_DEP_PREMIUM,500,0,282.8,SUBURBAN,STREET_PARKING
0,0.0,0,0,0,TRUCK,HYBRID,32533.84,2100,3,1,41,19,11600,PERSONAL,GOOD,2,0,THIRD_PARTY,2000,25,319.19,RURAL,PRIVATE_DRIVEWAY
0,0.0,0,0,1,SUV,DIESEL,27376.18,2230,3,0,63,44,7200,RIDESHARE,GOOD,0,0,COMPREHENSIVE,250,0,1587.25,URBAN,PRIVATE_DRIVEWAY
0,0.0,0,0,8,SUV,CNG,17273.23,1240,4,0,55,23,17400,COMMERCIAL,EXCELLENT,1,0,ZERO_DEP_PREMIUM,1000,50,763.01,METROPOLITAN,STREET_PARKING
0,0.0,0,0,13,HATCHBACK,DIESEL,4000.0,1630,4,0,24,5,25100,RIDESHARE,GOOD,1,0,THIRD_PARTY,500,0,250.0,SUBURBAN,LOCKED_GARAGE
0,0.0,0,0,15,HATCHBACK,CNG,4000.0,1330,4,0,58,33,7300,PERSONAL,FAIR,2,0,COMPREHENSIVE,1000,0,250.0,SUBURBAN,PRIVATE_DRIVEWAY
0,0.0,0,0,8,HATCHBACK,PETROL,7827.17,1350,4,0,53,16,2000,PERSONAL,GOOD,0,0,COMPREHENSIVE,1000,0,302.66,URBAN,PRIVATE_DRIVEWAY
0,0.0,0,0,5,HATCHBACK,CNG,13130.02,2360,4,1,69,36,18500,COMMUTE,EXCELLENT,0,0,THIRD_PARTY,2000,25,250.0,URBAN,PRIVATE_DRIVEWAY
0,0.0,0,0,18,HATCHBACK,PETROL,4000.0,800,3,0,46,13,22400,PERSONAL,FAIR,2,1,THIRD_PARTY,500,50,250.0,URBAN,PRIVATE_DRIVEWAY
0,0.0,0,0,8,SEDAN,PETROL,14001.2,1570,2,0,67,33,30800,PERSONAL,GOOD,1,0,THIRD_PARTY,250,45,250.0,SUBURBAN,LOCKED_GARAGE
0,0.0,0,0,5,HATCHBACK,CNG,10127.62,1760,5,0,18,0,13200,PERSONAL,POOR,1,0,ZERO_DEP_PREMIUM,250,35,472.35,METROPOLITAN,PRIVATE_DRIVEWAY
0,0.0,0,0,8,SEDAN,PETROL,11672.64,2210,5,1,36,16,13200,PERSONAL,POOR,0,0,THIRD_PARTY,1000,20,250.0,SUBURBAN,PRIVATE_DRIVEWAY
0,0.0,0,0,0,SUV,PETROL,24250.07,1520,5,1,18,0,17900,COMMUTE,FAIR,0,0,ZERO_DEP_PREMIUM,500,25,863.68,RURAL,PRIVATE_DRIVEWAY
0,0.0,0,0,5,HATCHBACK,PETROL,11079.05,2230,2,1,38,19,8300,COMMERCIAL,GOOD,1,0,COMPREHENSIVE,500,0,703.21,METROPOLITAN,PRIVATE_DRIVEWAY
1,3290.08,0,24,9,SUV,PETROL,13365.68,1560,5,1,44,15,9300,PERSONAL,POOR,0,0,COMPREHENSIVE,500,20,485.58,METROPOLITAN,STREET_PARKING
0,0.0,0,0,17,SUV,PETROL,8794.78,1680,2,0,42,16,19900,RIDESHARE,GOOD,3,0,THIRD_PARTY,500,35,250.0,SUBURBAN,STREET_PARKING
0,0.0,0,0,14,COMMERCIAL_VAN,PETROL,9067.2,1650,1,0,55,21,5100,PERSONAL,GOOD,0,1,ZERO_DEP_PREMIUM,1000,0,471.21,URBAN,STREET_PARKING
0,0.0,0,0,14,HATCHBACK,DIESEL,4000.0,2030,4,0,77,35,7500,PERSONAL,GOOD,0,1,THIRD_PARTY,500,25,250.0,RURAL,PRIVATE_DRIVEWAY
0,0.0,0,0,10,HATCHBACK,HYBRID,7183.28,1950,2,1,37,15,4400,COMMUTE,FAIR,1,0,ZERO_DEP_PREMIUM,500,25,250.0,RURAL,LOCKED_GARAGE
0,0.0,0,0,2,LUXURY_COUPE,PETROL,58026.6,1780,4,0,60,34,9300,PERSONAL,POOR,1,0,THIRD_PARTY,1000,0,758.26,RURAL,LOCKED_GARAGE
0,0.0,0,0,7,SUV,HYBRID,14734.33,1740,4,0,52,16,11700,COMMUTE,GOOD,1,1,THIRD_PARTY,500,20,250.0,METROPOLITAN,PRIVATE_DRIVEWAY
0,0.0,0,0,18,TRUCK,DIESEL,8126.51,2650,3,0,47,26,12300,COMMERCIAL,GOOD,0,0,COMPREHENSIVE,500,35,307.4,SUBURBAN,STREET_PARKING
0,0.0,0,0,0,SEDAN,ELECTRIC,22470.52,2550,5,1,54,20,12500,PERSONAL,FAIR,0,1,THIRD_PARTY,500,20,312.12,SUBURBAN,LOCKED_GARAGE
0,0.0,0,0,16,SUV,ELECTRIC,8385.14,940,3,0,37,10,18900,PERSONAL,FAIR,2,0,THIRD_PARTY,1000,35,250.0,URBAN,PRIVATE_DRIVEWAY
0,0.0,0,0,13,SUV,CNG,7390.09,1950,5,0,57,24,12900,PERSONAL,FAIR,1,1,ZERO_DEP_PREMIUM,1000,25,308.03,URBAN,PRIVATE_DRIVEWAY
0,0.0,0,0,5,SEDAN,PETROL,16010.68,1370,5,0,22,3,8700,PERSONAL,GOOD,2,0,COMPREHENSIVE,1000,25,403.42,RURAL,PRIVATE_DRIVEWAY
0,0.0,0,0,14,HATCHBACK,DIESEL,4000.0,1720,4,1,44,21,6300,PERSONAL,GOOD,0,0,COMPREHENSIVE,250,25,250.0,URBAN,STREET_PARKING
1,2244.3,0,14,15,SEDAN,CNG,6159.06,900,5,0,38,16,11600,PERSONAL,GOOD,2,2,THIRD_PARTY,500,35,250.0,SUBURBAN,STREET_PARKING
0,0.0,0,0,0,HATCHBACK,DIESEL,13306.44,1590,4,1,77,48,26500,RIDESHARE,FAIR,0,0,COMPREHENSIVE,500,35,492.17,SUBURBAN,STREET_PARKING
1,7660.45,0,17,2,SEDAN,PETROL,20610.23,1810,4,1,27,6,15700,PERSONAL,POOR,1,1,ZERO_DEP_PREMIUM,500,35,645.28,RURAL,STREET_PARKING
0,0.0,0,0,12,SEDAN,DIESEL,8442.62,970,3,0,49,17,25100,PERSONAL,EXCELLENT,0,0,COMPREHENSIVE,2000,0,250.0,METROPOLITAN,LOCKED_GARAGE
0,0.0,0,0,18,LUXURY_COUPE,ELECTRIC,17912.29,3440,5,0,60,23,2000,COMMERCIAL,FAIR,0,0,ZERO_DEP_PREMIUM,2000,0,1036.55,URBAN,STREET_PARKING
0,0.0,0,0,0,HATCHBACK,PETROL,15497.61,800,3,1,34,16,7900,PERSONAL,GOOD,0,1,ZERO_DEP_PREMIUM,500,20,686.82,URBAN,LOCKED_GARAGE
0,0.0,0,0,12,COMMERCIAL_VAN,DIESEL,10338.93,1950,5,0,43,13,2100,COMMUTE,GOOD,2,1,ZERO_DEP_PREMIUM,250,0,678.41,URBAN,LOCKED_GARAGE
0,0.0,0,0,2,SUV,HYBRID,28156.98,800,5,1,35,11,13100,COMMERCIAL,EXCELLENT,0,1,COMPREHENSIVE,1000,25,1060.37,SUBURBAN,PRIVATE_DRIVEWAY
1,6024.94,0,20,12,SEDAN,DIESEL,7724.25,1430,1,1,36,16,17000,PERSONAL,POOR,5,0,COMPREHENSIVE,250,0,425.66,METROPOLITAN,STREET_PARKING
0,0.0,0,0,11,HATCHBACK,PETROL,5023.16,1910,1,1,66,34,20000,COMMERCIAL,EXCELLENT,2,0,THIRD_PARTY,250,35,250.0,URBAN,LOCKED_GARAGE
0,0.0,0,0,1,HATCHBACK,DIESEL,14995.56,2060,4,1,18,0,18800,COMMUTE,EXCELLENT,1,2,THIRD_PARTY,2000,0,250.0,SUBURBAN,LOCKED_GARAGE
0,0.0,0,0,12,SEDAN,DIESEL,6106.31,1530,4,0,46,27,20200,RIDESHARE,FAIR,0,0,COMPREHENSIVE,500,25,276.84,SUBURBAN,STREET_PARKING
1,8713.22,0,12,17,TRUCK,PETROL,8925.09,2140,1,0,18,0,12500,RIDESHARE,FAIR,1,1,ZERO_DEP_PREMIUM,2000,0,537.44,SUBURBAN,PRIVATE_DRIVEWAY
0,0.0,0,0,16,HATCHBACK,DIESEL,4000.0,1970,1,0,55,24,10400,COMMUTE,EXCELLENT,2,1,COMPREHENSIVE,2000,25,250.0,URBAN,PRIVATE_DRIVEWAY
0,0.0,0,0,0,HATCHBACK,PETROL,14789.06,2220,3,0,37,17,7900,COMMERCIAL,GOOD,2,0,ZERO_DEP_PREMIUM,500,50,1053.4,METROPOLITAN,STREET_PARKING
0,0.0,0,0,4,SUV,HYBRID,26929.43,2500,5,1,18,0,24100,PERSONAL,EXCELLENT,3,0,THIRD_PARTY,1000,45,302.64,SUBURBAN,LOCKED_GARAGE
0,0.0,0,0,4,HATCHBACK,ELECTRIC,12871.17,800,5,0,40,20,19100,PERSONAL,GOOD,1,1,THIRD_PARTY,500,0,250.0,URBAN,PRIVATE_DRIVEWAY
0,0.0,0,0,8,SEDAN,ELECTRIC,12434.95,1470,5,0,25,4,11500,PERSONAL,FAIR,2,0,COMPREHENSIVE,1000,25,466.49,METROPOLITAN,PRIVATE_DRIVEWAY
0,0.0,0,0,2,LUXURY_COUPE,DIESEL,52865.74,1070,2,1,56,17,14300,PERSONAL,GOOD,2,0,COMPREHENSIVE,250,20,2406.62,METROPOLITAN,STREET_PARKING
0,0.0,0,0,16,SUV,PETROL,7860.76,800,1,0,57,29,20700,PERSONAL,FAIR,0,0,THIRD_PARTY,500,0,250.0,METROPOLITAN,PRIVATE_DRIVEWAY
0,0.0,0,0,14,SEDAN,DIESEL,5289.2,1140,3,0,26,5,9400,RIDESHARE,FAIR,1,0,THIRD_PARTY,500,45,250.0,SUBURBAN,LOCKED_GARAGE
1,5113.03,0,19,15,SEDAN,PETROL,5843.16,2160,3,0,50,24,15700,PERSONAL,POOR,0,1,ZERO_DEP_PREMIUM,2000,20,250.0,URBAN,STREET_PARKING
0,0.0,0,0,3,HATCHBACK,DIESEL,10193.21,1290,4,0,33,14,12800,PERSONAL,EXCELLENT,3,0,COMPREHENSIVE,500,25,322.22,SUBURBAN,PRIVATE_DRIVEWAY
0,0.0,0,0,0,LUXURY_COUPE,PETROL,63631.65,2310,5,1,38,18,22300,PERSONAL,POOR,0,0,THIRD_PARTY,500,25,1055.25,METROPOLITAN,STREET_PARKING
0,0.0,0,0,17,COMMERCIAL_VAN,DIESEL,8960.4,1800,5,1,70,23,12000,PERSONAL,POOR,1,1,COMPREHENSIVE,2000,45,250.0,RURAL,LOCKED_GARAGE
0,0.0,0,0,5,HATCHBACK,DIESEL,10369.06,1160,5,1,37,9,18500,COMMERCIAL,POOR,1,0,THIRD_PARTY,250,20,250.0,SUBURBAN,PRIVATE_DRIVEWAY
0,0.0,0,0,12,LUXURY_COUPE,PETROL,19307.62,1200,4,1,63,37,7600,PERSONAL,GOOD,2,0,THIRD_PARTY,1000,20,250.0,RURAL,PRIVATE_DRIVEWAY
0,0.0,0,0,17,HATCHBACK,PETROL,4000.0,1120,2,0,67,35,6900,COMMUTE,GOOD,0,0,THIRD_PARTY,1000,50,250.0,URBAN,STREET_PARKING
1,6417.86,0,14,0,SUV,PETROL,23425.34,1520,5,1,38,10,6000,PERSONAL,EXCELLENT,3,0,COMPREHENSIVE,250,25,942.63,METROPOLITAN,PRIVATE_DRIVEWAY
0,0.0,0,0,0,HATCHBACK,PETROL,13901.12,1900,2,0,46,12,20400,COMMUTE,POOR,0,0,COMPREHENSIVE,250,20,453.38,URBAN,STREET_PARKING
0,0.0,0,0,0,SEDAN,PETROL,26349.88,1470,5,1,36,10,18200,RIDESHARE,FAIR,1,1,COMPREHENSIVE,500,35,1315.65,METROPOLITAN,LOCKED_GARAGE
0,0.0,0,0,2,SEDAN,HYBRID,16791.96,1890,4,0,42,13,22700,PERSONAL,FAIR,1,0,THIRD_PARTY,500,45,250.0,URBAN,PRIVATE_DRIVEWAY
0,0.0,0,0,0,SUV,HYBRID,26408.78,2200,2,1,51,15,18100,COMMERCIAL,EXCELLENT,0,0,ZERO_DEP_PREMIUM,1000,20,1515.13,URBAN,PRIVATE_DRIVEWAY
0,0.0,0,0,15,SEDAN,CNG,5068.85,2330,4,1,41,23,14900,COMMERCIAL,POOR,1,0,COMPREHENSIVE,2000,35,250.0,URBAN,LOCKED_GARAGE
0,0.0,0,0,11,LUXURY_COUPE,PETROL,28513.58,2610,2,1,48,29,12200,COMMUTE,GOOD,1,0,COMPREHENSIVE,1000,0,859.39,RURAL,STREET_PARKING
0,0.0,0,0,18,LUXURY_COUPE,PETROL,19574.04,1760,5,0,32,7,20700,COMMERCIAL,POOR,2,1,COMPREHENSIVE,500,25,856.35,URBAN,PRIVATE_DRIVEWAY
1,8430.28,0,34,15,SUV,DIESEL,8430.28,800,4,0,30,10,18100,PERSONAL,FAIR,2,0,COMPREHENSIVE,500,50,250.0,SUBURBAN,PRIVATE_DRIVEWAY
0,0.0,0,0,18,HATCHBACK,DIESEL,4000.0,850,1,1,37,16,8800,COMMERCIAL,GOOD,1,0,ZERO_DEP_PREMIUM,250,25,268.11,URBAN,STREET_PARKING
0,0.0,0,0,4,SUV,DIESEL,24893.43,900,5,1,44,18,10300,COMMUTE,FAIR,1,0,COMPREHENSIVE,500,35,730.39,URBAN,LOCKED_GARAGE
1,812.73,0,14,5,SEDAN,ELECTRIC,19374.96,1660,3,0,60,30,15100,PERSONAL,EXCELLENT,0,0,THIRD_PARTY,1000,0,312.22,URBAN,PRIVATE_DRIVEWAY
0,0.0,0,0,16,SUV,DIESEL,7701.54,2830,3,0,40,13,14100,PERSONAL,FAIR,1,0,COMPREHENSIVE,2000,25,262.77,METROPOLITAN,LOCKED_GARAGE
0,0.0,0,0,4,SEDAN,DIESEL,17449.26,1740,5,1,48,25,19200,COMMERCIAL,GOOD,1,0,THIRD_PARTY,250,0,399.71,SUBURBAN,LOCKED_GARAGE
0,0.0,0,0,1,SUV,CNG,31112.94,1550,5,0,29,4,18400,COMMERCIAL,POOR,0,0,COMPREHENSIVE,2000,25,1178.31,URBAN,LOCKED_GARAGE
1,5402.75,0,19,12,SEDAN,PETROL,6092.43,2230,3,0,54,26,9000,COMMUTE,GOOD,0,1,COMPREHENSIVE,250,0,250.0,RURAL,PRIVATE_DRIVEWAY
0,0.0,0,0,15,SEDAN,ELECTRIC,6158.64,1060,3,1,37,12,7000,COMMUTE,EXCELLENT,1,0,THIRD_PARTY,500,50,250.0,METROPOLITAN,STREET_PARKING
0,0.0,0,0,18,SEDAN,DIESEL,6063.48,2280,1,0,39,19,3300,PERSONAL,GOOD,1,0,COMPREHENSIVE,1000,45,250.0,METROPOLITAN,PRIVATE_DRIVEWAY
0,0.0,0,0,17,COMMERCIAL_VAN,PETROL,5705.81,2230,4,1,43,23,14000,COMMUTE,EXCELLENT,1,1,COMPREHENSIVE,250,0,250.0,RURAL,LOCKED_GARAGE
0,0.0,0,0,2,SEDAN,CNG,16453.5,1640,4,1,35,13,25800,PERSONAL,GOOD,1,1,COMPREHENSIVE,500,35,435.61,SUBURBAN,PRIVATE_DRIVEWAY
0,0.0,0,0,14,SUV,HYBRID,7069.09,2960,3,1,27,5,12600,COMMERCIAL,EXCELLENT,2,0,THIRD_PARTY,1000,25,250.0,METROPOLITAN,PRIVATE_DRIVEWAY
0,0.0,0,0,16,HATCHBACK,ELECTRIC,4000.0,2320,5,0,49,23,13900,PERSONAL,FAIR,1,1,COMPREHENSIVE,250,0,250.0,URBAN,PRIVATE_DRIVEWAY
0,0.0,0,0,13,SUV,PETROL,8297.98,1630,1,1,55,28,15700,PERSONAL,EXCELLENT,0,1,ZERO_DEP_PREMIUM,250,25,380.57,METROPOLITAN,PRIVATE_DRIVEWAY
0,0.0,0,0,15,HATCHBACK,PETROL,4000.0,1510,4,1,24,4,14100,COMMUTE,EXCELLENT,4,1,THIRD_PARTY,250,45,250.0,SUBURBAN,PRIVATE_DRIVEWAY
0,0.0,0,0,15,SEDAN,DIESEL,5380.03,1320,3,0,46,19,6100,COMMUTE,GOOD,0,0,COMPREHENSIVE,1000,20,250.0,METROPOLITAN,PRIVATE_DRIVEWAY
0,0.0,0,0,8,HATCHBACK,PETROL,7906.96,1520,3,1,46,14,9500,COMMUTE,GOOD,0,0,COMPREHENSIVE,500,45,250.0,RURAL,PRIVATE_DRIVEWAY
1,4516.6,0,12,0,HATCHBACK,PETROL,14833.17,1530,2,1,37,14,12400,COMMUTE,FAIR,0,2,COMPREHENSIVE,500,0,644.81,METROPOLITAN,PRIVATE_DRIVEWAY
0,0.0,0,0,8,HATCHBACK,PETROL,8096.21,1390,5,0,37,12,24200,PERSONAL,EXCELLENT,0,0,COMPREHENSIVE,1000,0,269.82,URBAN,PRIVATE_DRIVEWAY
0,0.0,0,0,3,HATCHBACK,PETROL,11663.39,1460,4,1,57,27,21800,PERSONAL,GOOD,1,0,COMPREHENSIVE,1000,35,393.03,URBAN,LOCKED_GARAGE
0,0.0,0,0,2,SUV,DIESEL,29597.83,820,5,1,73,47,6600,PERSONAL,FAIR,1,1,ZERO_DEP_PREMIUM,250,0,1672.45,URBAN,STREET_PARKING
0,0.0,0,0,2,SUV,DIESEL,29221.52,1230,4,0,60,33,22700,PERSONAL,EXCELLENT,2,1,COMPREHENSIVE,250,20,1235.04,METROPOLITAN,LOCKED_GARAGE
1,4447.24,0,17,13,SEDAN,PETROL,6112.25,800,1,0,50,29,25300,COMMUTE,POOR,3,0,COMPREHENSIVE,500,0,250.0,URBAN,PRIVATE_DRIVEWAY
0,0.0,0,0,9,HATCHBACK,DIESEL,6704.14,1870,4,0,59,24,16900,COMMUTE,POOR,1,0,ZERO_DEP_PREMIUM,250,35,250.0,RURAL,PRIVATE_DRIVEWAY
0,0.0,0,0,10,SEDAN,PETROL,12133.97,1650,2,1,49,19,10100,RIDESHARE,EXCELLENT,1,0,ZERO_DEP_PREMIUM,1000,0,969.37,METROPOLITAN,STREET_PARKING
1,7575.0,0,20,14,SUV,PETROL,7575.0,1520,2,0,33,9,14400,COMMUTE,EXCELLENT,1,0,THIRD_PARTY,500,20,250.0,SUBURBAN,STREET_PARKING
1,5330.71,0,16,10,HATCHBACK,DIESEL,7333.45,2180,5,1,47,14,24200,COMMUTE,GOOD,3,0,THIRD_PARTY,1000,0,250.0,METROPOLITAN,STREET_PARKING
0,0.0,0,0,11,SEDAN,DIESEL,7975.55,1040,1,0,23,2,6700,COMMUTE,GOOD,1,0,COMPREHENSIVE,1000,20,339.0,METROPOLITAN,PRIVATE_DRIVEWAY
0,0.0,0,0,1,SEDAN,PETROL,22811.22,1140,3,1,32,13,11300,COMMUTE,GOOD,0,0,COMPREHENSIVE,2000,0,819.85,METROPOLITAN,PRIVATE_DRIVEWAY
0,0.0,0,0,16,HATCHBACK,DIESEL,4249.18,800,5,1,55,35,16600,COMMUTE,POOR,1,0,COMPREHENSIVE,500,35,250.0,RURAL,LOCKED_GARAGE
0,0.0,0,0,8,SUV,PETROL,17194.23,2260,3,1,39,10,11700,PERSONAL,EXCELLENT,2,0,COMPREHENSIVE,250,25,624.67,METROPOLITAN,STREET_PARKING
0,0.0,0,0,2,TRUCK,DIESEL,31111.46,2690,4,1,31,6,3000,PERSONAL,GOOD,1,1,ZERO_DEP_PREMIUM,500,50,812.24,RURAL,STREET_PARKING
0,0.0,0,0,15,COMMERCIAL_VAN,PETROL,7113.69,2460,1,0,34,9,6500,PERSONAL,EXCELLENT,2,0,COMPREHENSIVE,500,0,250.0,RURAL,LOCKED_GARAGE
0,0.0,0,0,13,LUXURY_COUPE,DIESEL,18481.95,3530,2,0,25,6,5100,COMMUTE,FAIR,0,1,COMPREHENSIVE,2000,0,609.67,SUBURBAN,PRIVATE_DRIVEWAY
0,0.0,0,0,1,SUV,DIESEL,31408.01,1320,5,0,47,24,11100,PERSONAL,FAIR,1,1,THIRD_PARTY,1000,35,469.88,METROPOLITAN,PRIVATE_DRIVEWAY
0,0.0,0,0,3,SEDAN,PETROL,18281.83,1140,4,1,36,18,25700,PERSONAL,EXCELLENT,1,1,COMPREHENSIVE,2000,0,612.54,URBAN,PRIVATE_DRIVEWAY
0,0.0,0,0,0,HATCHBACK,DIESEL,13294.43,800,3,1,39,21,23000,RIDESHARE,FAIR,2,0,COMPREHENSIVE,250,45,802.32,METROPOLITAN,STREET_PARKING
1,11750.2,1,25,5,HATCHBACK,ELECTRIC,12530.63,890,4,0,48,18,14200,PERSONAL,FAIR,1,2,COMPREHENSIVE,500,25,277.92,RURAL,PRIVATE_DRIVEWAY
0,0.0,0,0,1,HATCHBACK,PETROL,12911.78,1390,5,1,47,16,18200,COMMUTE,EXCELLENT,1,0,THIRD_PARTY,500,20,271.16,METROPOLITAN,LOCKED_GARAGE
1,7104.39,0,21,13,SUV,DIESEL,8441.36,800,5,1,25,3,15100,PERSONAL,EXCELLENT,2,0,COMPREHENSIVE,1000,25,291.16,METROPOLITAN,LOCKED_GARAGE
1,2046.18,0,14,9,SEDAN,ELECTRIC,12217.24,900,5,0,26,6,12800,COMMUTE,FAIR,1,0,THIRD_PARTY,250,0,250.0,SUBURBAN,PRIVATE_DRIVEWAY
0,0.0,0,0,18,SEDAN,PETROL,6058.65,1550,4,0,41,21,14200,PERSONAL,FAIR,2,0,COMPREHENSIVE,1000,35,250.0,SUBURBAN,STREET_PARKING
0,0.0,0,0,14,SEDAN,CNG,6432.24,2180,3,0,51,28,11900,PERSONAL,FAIR,0,0,COMPREHENSIVE,500,20,250.0,URBAN,PRIVATE_DRIVEWAY
0,0.0,0,0,11,SEDAN,PETROL,10700.38,1130,4,0,33,8,5700,COMMERCIAL,GOOD,0,0,THIRD_PARTY,500,0,274.82,METROPOLITAN,LOCKED_GARAGE
0,0.0,0,0,9,COMMERCIAL_VAN,ELECTRIC,15779.52,1680,5,0,35,11,14200,PERSONAL,GOOD,0,0,COMPREHENSIVE,500,25,628.96,METROPOLITAN,PRIVATE_DRIVEWAY
0,0.0,0,0,1,SEDAN,HYBRID,20070.86,2810,4,1,44,23,8800,PERSONAL,GOOD,1,0,THIRD_PARTY,1000,0,330.43,URBAN,STREET_PARKING
0,0.0,0,0,1,HATCHBACK,CNG,10210.01,800,5,1,44,16,10600,COMMUTE,FAIR,0,0,THIRD_PARTY,250,20,250.0,METROPOLITAN,PRIVATE_DRIVEWAY
0,0.0,0,0,11,COMMERCIAL_VAN,DIESEL,10516.38,2310,2,0,41,14,17000,RIDESHARE,GOOD,0,1,COMPREHENSIVE,1000,50,290.71,SUBURBAN,STREET_PARKING
0,0.0,0,0,0,SUV,DIESEL,32800.88,1850,5,0,47,25,3600,PERSONAL,EXCELLENT,1,1,COMPREHENSIVE,500,0,990.62,RURAL,STREET_PARKING
0,0.0,0,0,0,HATCHBACK,PETROL,12016.02,2420,2,1,29,7,6800,PERSONAL,EXCELLENT,1,0,ZERO_DEP_PREMIUM,1000,20,516.42,URBAN,LOCKED_GARAGE
0,0.0,0,0,4,HATCHBACK,PETROL,8842.86,2230,3,1,63,18,13900,COMMUTE,EXCELLENT,0,0,THIRD_PARTY,500,35,250.0,URBAN,LOCKED_GARAGE
0,0.0,0,0,16,SUV,HYBRID,8063.19,1170,5,1,38,18,6300,COMMUTE,EXCELLENT,2,0,THIRD_PARTY,2000,20,250.0,METROPOLITAN,PRIVATE_DRIVEWAY
0,0.0,0,0,8,SUV,PETROL,19590.34,1600,3,0,66,45,9800,PERSONAL,EXCELLENT,1,0,COMPREHENSIVE,500,50,530.5,SUBURBAN,LOCKED_GARAGE
1,5443.95,0,14,13,TRUCK,HYBRID,10509.68,1350,3,0,18,0,19500,RIDESHARE,GOOD,2,0,COMPREHENSIVE,250,25,518.91,URBAN,PRIVATE_DRIVEWAY
1,1649.23,0,23,7,HATCHBACK,PETROL,9536.56,1260,4,0,18,0,12200,RIDESHARE,FAIR,3,2,THIRD_PARTY,250,25,250.0,SUBURBAN,STREET_PARKING
0,0.0,0,0,3,TRUCK,PETROL,34077.7,2320,5,1,41,20,9100,PERSONAL,GOOD,1,0,THIRD_PARTY,1000,0,526.03,SUBURBAN,LOCKED_GARAGE
0,0.0,0,0,7,LUXURY_COUPE,PETROL,45487.87,2700,5,1,56,32,19100,PERSONAL,GOOD,0,0,COMPREHENSIVE,500,25,1418.98,URBAN,PRIVATE_DRIVEWAY
0,0.0,0,0,1,SUV,DIESEL,38126.97,2110,2,1,45,18,2700,COMMUTE,EXCELLENT,0,0,COMPREHENSIVE,250,20,1313.28,URBAN,LOCKED_GARAGE
0,0.0,0,0,14,HATCHBACK,PETROL,4597.89,2630,5,1,40,13,4500,PERSONAL,GOOD,1,0,COMPREHENSIVE,500,0,250.0,URBAN,PRIVATE_DRIVEWAY
0,0.0,0,0,3,HATCHBACK,PETROL,12716.39,1320,3,0,46,27,5000,PERSONAL,GOOD,0,0,ZERO_DEP_PREMIUM,1000,35,489.74,METROPOLITAN,LOCKED_GARAGE
0,0.0,0,0,7,HATCHBACK,CNG,8134.88,2340,4,1,42,16,9600,COMMERCIAL,GOOD,1,0,ZERO_DEP_PREMIUM,1000,25,635.16,METROPOLITAN,LOCKED_GARAGE
0,0.0,0,0,18,HATCHBACK,ELECTRIC,4000.0,1770,1,0,69,25,3800,PERSONAL,FAIR,0,1,COMPREHENSIVE,2000,0,250.0,SUBURBAN,LOCKED_GARAGE
0,0.0,0,0,11,HATCHBACK,ELECTRIC,6574.01,800,3,0,35,8,26000,COMMUTE,GOOD,0,0,COMPREHENSIVE,500,20,250.0,METROPOLITAN,PRIVATE_DRIVEWAY
0,0.0,0,0,8,COMMERCIAL_VAN,PETROL,14999.26,1500,4,0,60,26,2000,COMMUTE,FAIR,0,1,ZERO_DEP_PREMIUM,2000,0,608.32,SUBURBAN,PRIVATE_DRIVEWAY
0,0.0,0,0,10,SUV,PETROL,16901.56,1680,2,0,32,9,16700,RIDESHARE,EXCELLENT,1,1,COMPREHENSIVE,500,35,800.03,URBAN,PRIVATE_DRIVEWAY
0,0.0,0,0,14,HATCHBACK,DIESEL,4000.0,1060,2,1,38,10,11300,RIDESHARE,EXCELLENT,1,0,COMPREHENSIVE,250,35,250.0,METROPOLITAN,STREET_PARKING
0,0.0,0,0,4,SUV,PETROL,25640.29,920,4,1,28,7,14400,PERSONAL,GOOD,1,0,ZERO_DEP_PREMIUM,250,0,1141.99,URBAN,LOCKED_GARAGE
0,0.0,0,0,12,HATCHBACK,PETROL,4298.65,900,1,0,54,19,10300,COMMERCIAL,FAIR,0,0,COMPREHENSIVE,500,45,250.0,SUBURBAN,STREET_PARKING
0,0.0,0,0,16,HATCHBACK,CNG,4000.0,1250,1,1,59,39,12500,COMMUTE,GOOD,0,0,COMPREHENSIVE,1000,45,250.0,RURAL,PRIVATE_DRIVEWAY
0,0.0,0,0,10,TRUCK,PETROL,16527.83,1740,5,0,40,17,7500,COMMERCIAL,GOOD,1,0,THIRD_PARTY,250,20,353.96,URBAN,STREET_PARKING
0,0.0,0,0,8,SUV,CNG,20722.0,2400,5,1,50,21,21700,PERSONAL,FAIR,0,0,COMPREHENSIVE,250,20,619.34,URBAN,STREET_PARKING
0,0.0,0,0,2,HATCHBACK,PETROL,11410.43,800,2,1,44,21,5400,COMMERCIAL,GOOD,0,2,COMPREHENSIVE,500,0,666.92,METROPOLITAN,PRIVATE_DRIVEWAY
0,0.0,0,0,4,SUV,PETROL,29789.82,1670,2,0,50,30,12900,PERSONAL,GOOD,0,1,COMPREHENSIVE,2000,50,694.76,METROPOLITAN,STREET_PARKING
1,5121.9,0,15,17,SEDAN,PETROL,5121.9,1940,3,0,59,17,29500,PERSONAL,GOOD,3,1,COMPREHENSIVE,250,35,250.0,METROPOLITAN,LOCKED_GARAGE
0,0.0,0,0,10,SEDAN,CNG,8630.95,970,5,0,26,7,19100,COMMUTE,GOOD,3,0,COMPREHENSIVE,1000,45,314.15,METROPOLITAN,LOCKED_GARAGE
1,4755.33,0,18,5,COMMERCIAL_VAN,DIESEL,22411.99,1450,2,1,27,6,5900,PERSONAL,GOOD,1,2,COMPREHENSIVE,2000,35,584.65,URBAN,PRIVATE_DRIVEWAY
0,0.0,0,0,7,SUV,ELECTRIC,21283.7,1380,5,1,34,12,22300,COMMUTE,POOR,1,0,COMPREHENSIVE,1000,20,724.83,URBAN,PRIVATE_DRIVEWAY
1,10710.41,0,12,10,LUXURY_COUPE,PETROL,29910.19,2450,5,0,36,14,16000,PERSONAL,GOOD,0,0,ZERO_DEP_PREMIUM,250,50,973.67,URBAN,PRIVATE_DRIVEWAY
0,0.0,0,0,10,SEDAN,HYBRID,10079.33,2030,3,1,45,12,11000,PERSONAL,FAIR,3,0,COMPREHENSIVE,250,0,351.75,RURAL,PRIVATE_DRIVEWAY
0,0.0,0,0,13,HATCHBACK,DIESEL,4757.5,1970,5,1,42,19,19200,COMMERCIAL,GOOD,1,0,ZERO_DEP_PREMIUM,250,25,357.53,METROPOLITAN,PRIVATE_DRIVEWAY
0,0.0,0,0,4,HATCHBACK,DIESEL,11044.38,1210,5,1,39,11,22600,COMMERCIAL,EXCELLENT,0,0,THIRD_PARTY,2000,45,250.0,URBAN,PRIVATE_DRIVEWAY
0,0.0,0,0,12,HATCHBACK,ELECTRIC,4491.3,800,5,0,41,20,9200,RIDESHARE,GOOD,0,0,ZERO_DEP_PREMIUM,2000,0,250.0,SUBURBAN,PRIVATE_DRIVEWAY
0,0.0,0,0,8,HATCHBACK,ELECTRIC,6774.1,1710,2,0,45,14,11000,PERSONAL,GOOD,0,1,ZERO_DEP_PREMIUM,1000,50,276.81,METROPOLITAN,PRIVATE_DRIVEWAY
0,0.0,0,0,17,HATCHBACK,DIESEL,4034.93,1170,5,0,31,8,10700,PERSONAL,FAIR,1,0,ZERO_DEP_PREMIUM,250,20,250.0,SUBURBAN,STREET_PARKING
0,0.0,0,0,3,COMMERCIAL_VAN,PETROL,23770.41,1260,2,0,18,0,17600,PERSONAL,POOR,3,0,ZERO_DEP_PREMIUM,250,35,1093.27,URBAN,LOCKED_GARAGE
0,0.0,0,0,2,HATCHBACK,HYBRID,11969.42,1750,5,1,29,6,19700,RIDESHARE,GOOD,1,0,THIRD_PARTY,250,0,413.9,METROPOLITAN,PRIVATE_DRIVEWAY
0,0.0,0,0,8,SEDAN,PETROL,13875.1,1320,2,1,58,31,18100,PERSONAL,GOOD,0,0,COMPREHENSIVE,1000,20,388.3,SUBURBAN,LOCKED_GARAGE
0,0.0,0,0,9,SEDAN,CNG,13848.59,1800,5,0,18,0,7700,PERSONAL,EXCELLENT,3,1,COMPREHENSIVE,2000,0,391.06,RURAL,STREET_PARKING
0,0.0,0,0,13,HATCHBACK,PETROL,4110.34,3230,3,1,58,18,26300,COMMUTE,POOR,1,0,ZERO_DEP_PREMIUM,250,35,250.0,SUBURBAN,STREET_PARKING
0,0.0,0,0,7,SUV,PETROL,19356.46,2050,5,0,34,15,8600,PERSONAL,GOOD,0,0,THIRD_PARTY,500,0,294.57,URBAN,LOCKED_GARAGE
0,0.0,0,0,17,HATCHBACK,PETROL,4000.0,2470,4,1,54,16,15700,RIDESHARE,FAIR,0,1,ZERO_DEP_PREMIUM,500,0,250.0,SUBURBAN,LOCKED_GARAGE
0,0.0,0,0,9,HATCHBACK,DIESEL,6683.52,1930,5,1,28,5,12800,PERSONAL,GOOD,0,1,COMPREHENSIVE,1000,35,250.0,SUBURBAN,PRIVATE_DRIVEWAY
0,0.0,0,0,2,SUV,PETROL,27263.86,1650,5,1,18,0,7100,COMMUTE,EXCELLENT,2,0,ZERO_DEP_PREMIUM,1000,0,1079.65,RURAL,PRIVATE_DRIVEWAY
0,0.0,0,0,2,HATCHBACK,HYBRID,11935.95,1940,4,1,30,9,15600,COMMUTE,FAIR,2,0,THIRD_PARTY,1000,20,250.0,RURAL,PRIVATE_DRIVEWAY
1,4000.0,0,25,18,HATCHBACK,DIESEL,4000.0,1910,3,0,40,12,14500,PERSONAL,FAIR,2,0,COMPREHENSIVE,1000,0,250.0,METROPOLITAN,STREET_PARKING
0,0.0,0,0,2,HATCHBACK,PETROL,12328.17,2160,3,1,47,16,18600,PERSONAL,GOOD,2,0,COMPREHENSIVE,500,45,335.4,METROPOLITAN,LOCKED_GARAGE
1,4070.91,0,11,18,HATCHBACK,DIESEL,4070.91,1640,1,1,22,2,13800,COMMERCIAL,FAIR,3,0,THIRD_PARTY,250,25,250.0,URBAN,LOCKED_GARAGE
0,0.0,0,0,5,COMMERCIAL_VAN,ELECTRIC,21446.52,800,5,0,47,17,15500,PERSONAL,POOR,2,0,THIRD_PARTY,250,0,378.14,SUBURBAN,PRIVATE_DRIVEWAY
0,0.0,0,0,1,HATCHBACK,HYBRID,12647.3,800,5,0,42,14,25700,PERSONAL,FAIR,2,2,THIRD_PARTY,500,20,250.0,METROPOLITAN,STREET_PARKING
0,0.0,0,0,5,LUXURY_COUPE,PETROL,54351.38,2800,4,0,33,10,12800,COMMUTE,EXCELLENT,1,0,COMPREHENSIVE,500,35,1609.94,URBAN,STREET_PARKING
0,0.0,0,0,11,SEDAN,CNG,8712.47,870,3,0,44,17,3300,COMMUTE,GOOD,0,0,THIRD_PARTY,500,0,250.0,URBAN,PRIVATE_DRIVEWAY
0,0.0,0,0,8,HATCHBACK,PETROL,7721.05,2050,4,1,43,22,20100,COMMUTE,GOOD,0,0,ZERO_DEP_PREMIUM,250,25,271.05,SUBURBAN,LOCKED_GARAGE
1,1149.63,0,17,14,HATCHBACK,DIESEL,4000.0,2470,4,0,49,28,19600,COMMUTE,POOR,1,0,THIRD_PARTY,500,25,250.0,METROPOLITAN,STREET_PARKING
0,0.0,0,0,11,SUV,ELECTRIC,14864.61,1460,4,0,45,19,4900,PERSONAL,POOR,0,1,COMPREHENSIVE,1000,45,320.19,SUBURBAN,LOCKED_GARAGE
0,0.0,0,0,7,SUV,PETROL,20402.83,2390,3,1,43,10,6000,COMMUTE,POOR,4,0,COMPREHENSIVE,250,25,728.03,SUBURBAN,PRIVATE_DRIVEWAY
0,0.0,0,0,12,HATCHBACK,PETROL,5473.71,1770,5,1,70,39,10700,PERSONAL,GOOD,0,0,COMPREHENSIVE,1000,20,250.0,URBAN,LOCKED_GARAGE
0,0.0,0,0,18,SUV,DIESEL,7774.76,1620,5,0,18,0,8000,COMMERCIAL,EXCELLENT,2,2,THIRD_PARTY,1000,25,250.0,METROPOLITAN,STREET_PARKING
1,3999.94,0,10,7,COMMERCIAL_VAN,PETROL,20861.94,1650,3,1,24,3,11700,PERSONAL,GOOD,3,1,THIRD_PARTY,250,35,250.0,SUBURBAN,PRIVATE_DRIVEWAY
0,0.0,0,0,2,SUV,PETROL,29292.31,1060,4,0,57,27,12000,COMMERCIAL,EXCELLENT,0,0,COMPREHENSIVE,1000,0,1022.8,RURAL,STREET_PARKING
0,0.0,0,0,7,SEDAN,PETROL,14962.95,980,3,1,21,3,13400,COMMERCIAL,GOOD,3,0,ZERO_DEP_PREMIUM,2000,25,712.66,SUBURBAN,PRIVATE_DRIVEWAY
0,0.0,0,0,15,HATCHBACK,ELECTRIC,4000.0,800,2,0,55,22,22300,PERSONAL,GOOD,0,0,THIRD_PARTY,250,20,250.0,URBAN,PRIVATE_DRIVEWAY
0,0.0,0,0,4,SUV,PETROL,22139.66,1120,5,1,46,13,27600,COMMERCIAL,GOOD,0,1,COMPREHENSIVE,250,0,1115.98,SUBURBAN,STREET_PARKING
1,3630.89,0,40,18,SEDAN,DIESEL,5547.49,2990,3,0,24,3,5800,RIDESHARE,GOOD,3,2,ZERO_DEP_PREMIUM,250,0,527.05,METROPOLITAN,PRIVATE_DRIVEWAY
1,6165.2,0,15,11,HATCHBACK,CNG,6165.2,800,3,0,56,23,14700,COMMERCIAL,FAIR,0,0,COMPREHENSIVE,250,20,320.41,METROPOLITAN,STREET_PARKING
0,0.0,0,0,11,HATCHBACK,ELECTRIC,6270.9,840,5,1,59,30,21100,COMMUTE,GOOD,1,0,COMPREHENSIVE,1000,0,250.0,SUBURBAN,PRIVATE_DRIVEWAY
0,0.0,0,0,6,SEDAN,DIESEL,16957.07,1080,5,1,42,11,22000,COMMUTE,FAIR,1,0,THIRD_PARTY,250,0,250.0,URBAN,LOCKED_GARAGE
0,0.0,0,0,17,HATCHBACK,DIESEL,4000.0,1110,1,0,41,20,4600,PERSONAL,EXCELLENT,0,0,ZERO_DEP_PREMIUM,500,0,250.0,URBAN,PRIVATE_DRIVEWAY
0,0.0,0,0,0,HATCHBACK,PETROL,16587.55,1780,3,1,60,40,14000,COMMUTE,GOOD,1,0,ZERO_DEP_PREMIUM,500,0,1060.88,METROPOLITAN,PRIVATE_DRIVEWAY
0,0.0,0,0,5,HATCHBACK,PETROL,9349.52,1200,2,0,18,0,20000,COMMUTE,GOOD,1,0,THIRD_PARTY,1000,20,250.0,METROPOLITAN,PRIVATE_DRIVEWAY
0,0.0,0,0,7,SUV,PETROL,16149.96,1470,3,0,52,25,8600,COMMUTE,GOOD,0,0,COMPREHENSIVE,500,35,557.99,URBAN,STREET_PARKING
0,0.0,0,0,9,SEDAN,PETROL,10739.89,1050,2,1,22,2,10000,PERSONAL,FAIR,1,0,ZERO_DEP_PREMIUM,500,0,386.91,RURAL,STREET_PARKING
0,0.0,0,0,9,LUXURY_COUPE,PETROL,37535.42,2190,4,1,50,29,20100,RIDESHARE,GOOD,0,0,THIRD_PARTY,1000,35,560.75,SUBURBAN,PRIVATE_DRIVEWAY
0,0.0,0,0,2,HATCHBACK,DIESEL,10835.9,1560,5,1,40,20,10900,PERSONAL,GOOD,0,1,COMPREHENSIVE,1000,20,342.22,METROPOLITAN,STREET_PARKING
0,0.0,0,0,4,SEDAN,PETROL,14133.27,1510,3,1,42,14,17900,PERSONAL,GOOD,2,0,THIRD_PARTY,500,50,250.0,SUBURBAN,PRIVATE_DRIVEWAY
0,0.0,0,0,1,TRUCK,PETROL,28495.98,3590,5,0,65,35,25100,COMMERCIAL,EXCELLENT,0,0,ZERO_DEP_PREMIUM,1000,35,1119.44,RURAL,LOCKED_GARAGE
1,10774.3,0,25,10,SEDAN,HYBRID,10774.3,1580,2,1,20,1,15400,PERSONAL,POOR,3,0,ZERO_DEP_PREMIUM,250,25,477.65,URBAN,PRIVATE_DRIVEWAY
0,0.0,0,0,6,TRUCK,PETROL,21037.28,2160,3,0,52,28,11800,PERSONAL,GOOD,3,0,COMPREHENSIVE,250,0,835.5,URBAN,LOCKED_GARAGE
1,3725.41,0,6,10,HATCHBACK,DIESEL,6715.07,800,4,0,41,20,18300,COMMERCIAL,FAIR,1,0,COMPREHENSIVE,250,45,320.75,METROPOLITAN,PRIVATE_DRIVEWAY
0,0.0,0,0,11,LUXURY_COUPE,PETROL,24664.17,2660,2,0,43,15,16800,PERSONAL,EXCELLENT,3,0,THIRD_PARTY,250,20,306.59,RURAL,PRIVATE_DRIVEWAY
0,0.0,0,0,13,LUXURY_COUPE,DIESEL,16811.96,1220,3,0,54,15,10800,PERSONAL,GOOD,0,1,COMPREHENSIVE,250,50,363.04,SUBURBAN,LOCKED_GARAGE
0,0.0,0,0,10,SEDAN,PETROL,8713.52,1960,3,0,53,22,14600,COMMUTE,EXCELLENT,2,0,ZERO_DEP_PREMIUM,500,0,504.08,URBAN,PRIVATE_DRIVEWAY
0,0.0,0,0,12,HATCHBACK,PETROL,4877.83,1690,3,0,51,18,19100,COMMUTE,GOOD,1,1,THIRD_PARTY,2000,25,250.0,RURAL,LOCKED_GARAGE
1,929.12,0,17,11,SUV,HYBRID,11496.09,2120,4,1,30,8,15700,PERSONAL,EXCELLENT,2,0,COMPREHENSIVE,1000,20,363.79,URBAN,PRIVATE_DRIVEWAY
0,0.0,0,0,12,HATCHBACK,DIESEL,4757.16,1190,5,1,51,33,8300,RIDESHARE,GOOD,1,0,COMPREHENSIVE,500,20,250.0,URBAN,STREET_PARKING
0,0.0,0,0,11,HATCHBACK,PETROL,5796.37,1620,5,0,53,15,19300,COMMUTE,FAIR,1,1,THIRD_PARTY,250,0,250.0,RURAL,LOCKED_GARAGE
0,0.0,0,0,6,SEDAN,PETROL,15823.68,2040,2,0,49,19,12700,PERSONAL,EXCELLENT,3,1,COMPREHENSIVE,250,45,326.03,RURAL,PRIVATE_DRIVEWAY
0,0.0,0,0,4,SEDAN,DIESEL,19083.95,1000,5,0,51,23,12000,PERSONAL,POOR,0,1,COMPREHENSIVE,500,20,753.95,METROPOLITAN,STREET_PARKING
0,0.0,0,0,14,SEDAN,PETROL,5608.72,2000,3,0,43,17,3400,RIDESHARE,GOOD,1,0,COMPREHENSIVE,500,35,250.0,SUBURBAN,PRIVATE_DRIVEWAY
1,1166.66,0,24,6,SEDAN,DIESEL,12882.6,1970,5,0,26,4,22800,PERSONAL,EXCELLENT,1,0,COMPREHENSIVE,250,45,392.91,URBAN,STREET_PARKING
0,0.0,0,0,10,SEDAN,DIESEL,10453.28,1510,5,0,36,16,17600,PERSONAL,EXCELLENT,1,0,COMPREHENSIVE,250,25,372.04,METROPOLITAN,LOCKED_GARAGE
0,0.0,0,0,3,COMMERCIAL_VAN,DIESEL,27022.55,2630,4,1,35,10,11500,COMMUTE,GOOD,1,0,THIRD_PARTY,1000,25,386.44,URBAN,PRIVATE_DRIVEWAY
0,0.0,0,0,8,HATCHBACK,HYBRID,7669.19,1940,2,0,42,12,18100,COMMUTE,GOOD,0,0,COMPREHENSIVE,500,45,250.0,METROPOLITAN,PRIVATE_DRIVEWAY
0,0.0,0,0,10,TRUCK,PETROL,16509.22,1210,2,1,36,16,21300,PERSONAL,EXCELLENT,1,0,COMPREHENSIVE,250,50,355.45,SUBURBAN,STREET_PARKING
0,0.0,0,0,11,TRUCK,HYBRID,19468.29,2940,3,0,67,43,19800,PERSONAL,GOOD,0,0,COMPREHENSIVE,500,35,637.34,METROPOLITAN,LOCKED_GARAGE
0,0.0,0,0,10,HATCHBACK,DIESEL,5322.45,1170,5,1,48,22,11800,COMMUTE,POOR,0,0,THIRD_PARTY,250,0,250.0,METROPOLITAN,STREET_PARKING
1,17774.82,0,35,6,SUV,DIESEL,22710.13,2120,5,1,41,12,7800,RIDESHARE,EXCELLENT,2,1,COMPREHENSIVE,500,0,1596.43,METROPOLITAN,PRIVATE_DRIVEWAY
0,0.0,0,0,18,TRUCK,DIESEL,10692.48,2490,1,0,46,27,10400,COMMUTE,FAIR,1,0,THIRD_PARTY,1000,20,250.0,RURAL,STREET_PARKING
0,0.0,0,0,9,HATCHBACK,DIESEL,6780.47,800,3,1,48,17,16300,COMMERCIAL,POOR,1,0,ZERO_DEP_PREMIUM,1000,25,481.03,METROPOLITAN,STREET_PARKING
0,0.0,0,0,15,HATCHBACK,PETROL,4000.0,1990,4,0,72,37,5600,COMMUTE,POOR,2,0,COMPREHENSIVE,1000,0,250.0,METROPOLITAN,PRIVATE_DRIVEWAY
0,0.0,0,0,13,COMMERCIAL_VAN,CNG,8138.1,1460,1,1,48,28,25700,PERSONAL,POOR,1,1,THIRD_PARTY,1000,0,250.0,URBAN,LOCKED_GARAGE
0,0.0,0,0,10,HATCHBACK,CNG,6300.17,1300,3,1,36,15,16100,PERSONAL,GOOD,1,1,THIRD_PARTY,250,20,250.0,URBAN,STREET_PARKING
1,1200.1,0,17,16,HATCHBACK,PETROL,4000.0,1330,1,0,28,7,21000,PERSONAL,GOOD,3,1,COMPREHENSIVE,250,50,250.0,URBAN,PRIVATE_DRIVEWAY
0,0.0,0,0,2,COMMERCIAL_VAN,DIESEL,26064.94,2110,5,1,45,18,8200,COMMUTE,GOOD,1,1,COMPREHENSIVE,2000,20,927.4,URBAN,STREET_PARKING
0,0.0,0,0,17,SUV,ELECTRIC,10986.17,1000,4,0,71,30,15000,RIDESHARE,GOOD,0,0,COMPREHENSIVE,500,50,478.72,METROPOLITAN,STREET_PARKING
0,0.0,0,0,16,TRUCK,CNG,8983.88,3020,3,0,40,19,10200,PERSONAL,GOOD,0,0,THIRD_PARTY,500,25,250.0,METROPOLITAN,PRIVATE_DRIVEWAY
0,0.0,0,0,9,SEDAN,DIESEL,12946.5,800,2,0,29,11,2300,RIDESHARE,GOOD,4,0,ZERO_DEP_PREMIUM,250,0,1529.17,METROPOLITAN,PRIVATE_DRIVEWAY
0,0.0,0,0,13,SEDAN,PETROL,6679.25,1790,1,1,56,35,17900,COMMUTE,POOR,0,0,COMPREHENSIVE,500,25,250.0,METROPOLITAN,PRIVATE_DRIVEWAY
0,0.0,0,0,9,HATCHBACK,DIESEL,7162.03,2100,4,1,44,17,22200,RIDESHARE,EXCELLENT,4,1,THIRD_PARTY,250,0,250.0,SUBURBAN,PRIVATE_DRIVEWAY
0,0.0,0,0,5,SEDAN,PETROL,18765.04,2090,3,1,19,1,29500,PERSONAL,POOR,1,0,COMPREHENSIVE,500,25,540.14,URBAN,LOCKED_GARAGE
0,0.0,0,0,15,LUXURY_COUPE,DIESEL,13129.85,2620,3,0,45,11,15900,PERSONAL,EXCELLENT,1,2,COMPREHENSIVE,1000,0,576.91,METROPOLITAN,STREET_PARKING
0,0.0,0,0,4,SEDAN,DIESEL,18035.53,1470,5,0,58,24,11300,PERSONAL,EXCELLENT,1,0,COMPREHENSIVE,1000,50,543.57,METROPOLITAN,PRIVATE_DRIVEWAY
0,0.0,0,0,5,HATCHBACK,DIESEL,9277.45,1240,4,0,18,0,19900,RIDESHARE,FAIR,1,0,THIRD_PARTY,2000,20,250.0,URBAN,LOCKED_GARAGE
0,0.0,0,0,9,SEDAN,PETROL,10528.74,810,2,1,52,33,9400,COMMUTE,GOOD,0,0,COMPREHENSIVE,250,50,293.25,URBAN,PRIVATE_DRIVEWAY
0,0.0,0,0,15,LUXURY_COUPE,DIESEL,15308.15,2050,5,1,24,6,10200,PERSONAL,GOOD,2,3,ZERO_DEP_PREMIUM,500,45,560.8,URBAN,STREET_PARKING
0,0.0,0,0,7,SUV,DIESEL,17403.83,980,5,1,39,15,13500,COMMERCIAL,EXCELLENT,0,0,THIRD_PARTY,250,45,329.88,METROPOLITAN,PRIVATE_DRIVEWAY
0,0.0,0,0,9,SEDAN,PETROL,8906.78,870,5,1,35,17,8000,RIDESHARE,GOOD,1,1,ZERO_DEP_PREMIUM,1000,45,491.18,SUBURBAN,PRIVATE_DRIVEWAY
0,0.0,0,0,0,SEDAN,PETROL,23026.39,2770,4,1,58,31,8300,PERSONAL,GOOD,3,0,THIRD_PARTY,500,25,364.52,SUBURBAN,STREET_PARKING
1,1173.7,0,22,2,HATCHBACK,PETROL,12361.51,800,4,1,56,32,23900,PERSONAL,FAIR,0,0,ZERO_DEP_PREMIUM,1000,20,633.09,METROPOLITAN,LOCKED_GARAGE
1,17789.42,0,4,1,LUXURY_COUPE,HYBRID,59209.34,3230,2,0,23,4,8300,PERSONAL,EXCELLENT,0,2,THIRD_PARTY,250,0,817.31,RURAL,LOCKED_GARAGE
0,0.0,0,0,1,LUXURY_COUPE,DIESEL,67020.88,1700,5,1,18,0,17700,COMMERCIAL,GOOD,2,0,COMPREHENSIVE,250,20,2843.94,RURAL,LOCKED_GARAGE
0,0.0,0,0,16,SUV,DIESEL,8433.86,940,2,0,21,2,8600,PERSONAL,GOOD,2,1,ZERO_DEP_PREMIUM,1000,50,277.5,URBAN,LOCKED_GARAGE
0,0.0,0,0,15,SUV,DIESEL,7743.84,920,3,0,48,24,13000,COMMUTE,FAIR,0,0,THIRD_PARTY,500,35,250.0,METROPOLITAN,PRIVATE_DRIVEWAY
0,0.0,0,0,15,SEDAN,HYBRID,7513.61,880,5,0,18,0,16300,COMMERCIAL,GOOD,0,0,COMPREHENSIVE,250,35,251.13,SUBURBAN,LOCKED_GARAGE
0,0.0,0,0,1,HATCHBACK,DIESEL,14846.16,2200,2,1,33,12,14800,COMMUTE,GOOD,2,3,THIRD_PARTY,250,0,250.0,SUBURBAN,STREET_PARKING
0,0.0,0,0,1,HATCHBACK,PETROL,17111.37,1980,5,1,55,28,8600,COMMERCIAL,EXCELLENT,0,1,THIRD_PARTY,500,20,303.27,SUBURBAN,PRIVATE_DRIVEWAY
0,0.0,0,0,5,SEDAN,PETROL,15155.78,1450,2,1,50,21,19800,COMMUTE,GOOD,1,0,THIRD_PARTY,500,35,250.0,RURAL,LOCKED_GARAGE
1,1473.04,0,7,10,HATCHBACK,PETROL,6488.77,3360,5,0,18,0,14800,PERSONAL,FAIR,1,3,COMPREHENSIVE,500,0,250.0,SUBURBAN,LOCKED_GARAGE
0,0.0,0,0,6,COMMERCIAL_VAN,HYBRID,17113.29,1590,5,1,45,26,2900,PERSONAL,EXCELLENT,0,1,THIRD_PARTY,1000,35,250.0,METROPOLITAN,PRIVATE_DRIVEWAY
0,0.0,0,0,9,SEDAN,DIESEL,10669.41,1640,5,0,29,5,19900,PERSONAL,FAIR,0,0,COMPREHENSIVE,2000,0,343.39,METROPOLITAN,STREET_PARKING
0,0.0,0,0,3,SEDAN,ELECTRIC,17082.72,1150,2,0,33,11,14500,COMMUTE,GOOD,2,0,COMPREHENSIVE,250,45,394.22,RURAL,PRIVATE_DRIVEWAY
0,0.0,0,0,13,SEDAN,DIESEL,8523.82,1080,1,1,34,8,13000,PERSONAL,EXCELLENT,0,1,THIRD_PARTY,500,50,250.0,URBAN,LOCKED_GARAGE
0,0.0,0,0,5,SEDAN,HYBRID,14624.6,1250,4,0,36,13,15700,PERSONAL,POOR,0,0,COMPREHENSIVE,1000,0,562.27,URBAN,STREET_PARKING
0,0.0,0,0,1,SEDAN,CNG,20206.13,2150,5,1,41,14,3100,COMMERCIAL,EXCELLENT,2,0,ZERO_DEP_PREMIUM,2000,45,935.46,URBAN,LOCKED_GARAGE
0,0.0,0,0,14,HATCHBACK,DIESEL,4000.0,1970,5,0,32,6,8700,COMMUTE,GOOD,0,0,COMPREHENSIVE,500,50,250.0,METROPOLITAN,PRIVATE_DRIVEWAY
0,0.0,0,0,17,SEDAN,PETROL,5852.26,2440,3,0,32,6,15200,RIDESHARE,POOR,1,0,ZERO_DEP_PREMIUM,500,0,332.27,RURAL,PRIVATE_DRIVEWAY
0,0.0,0,0,0,HATCHBACK,PETROL,12487.62,1130,3,1,54,32,7500,PERSONAL,POOR,1,1,COMPREHENSIVE,1000,0,466.67,URBAN,PRIVATE_DRIVEWAY
0,0.0,0,0,8,COMMERCIAL_VAN,DIESEL,18651.79,1980,5,1,42,10,18500,PERSONAL,FAIR,1,0,COMPREHENSIVE,500,0,560.94,RURAL,LOCKED_GARAGE
1,1856.88,0,1,15,COMMERCIAL_VAN,ELECTRIC,5890.51,1800,5,0,27,9,5700,PERSONAL,GOOD,2,1,THIRD_PARTY,250,0,250.0,METROPOLITAN,PRIVATE_DRIVEWAY
1,1730.43,0,24,13,HATCHBACK,DIESEL,4000.0,1880,2,1,43,15,13000,COMMUTE,EXCELLENT,2,0,COMPREHENSIVE,500,20,250.0,URBAN,PRIVATE_DRIVEWAY
1,1153.09,0,26,16,SEDAN,PETROL,4281.77,1040,2,0,21,3,22900,PERSONAL,FAIR,1,0,ZERO_DEP_PREMIUM,1000,35,250.0,METROPOLITAN,STREET_PARKING
0,0.0,0,0,7,SEDAN,DIESEL,12733.6,920,4,0,44,17,8400,PERSONAL,FAIR,0,1,COMPREHENSIVE,250,25,429.76,URBAN,LOCKED_GARAGE
0,0.0,0,0,7,SEDAN,PETROL,13063.68,1950,3,1,50,28,14100,PERSONAL,POOR,3,0,ZERO_DEP_PREMIUM,500,0,574.15,SUBURBAN,PRIVATE_DRIVEWAY
1,7271.83,0,15,13,LUXURY_COUPE,PETROL,17193.35,3070,3,0,53,18,8000,COMMUTE,GOOD,1,2,COMPREHENSIVE,2000,45,474.39,URBAN,STREET_PARKING
0,0.0,0,0,2,LUXURY_COUPE,HYBRID,54377.5,2100,3,0,48,16,4000,COMMERCIAL,GOOD,1,0,COMPREHENSIVE,500,25,1949.88,RURAL,STREET_PARKING
0,0.0,0,0,4,SUV,DIESEL,27868.84,2000,5,1,27,7,18000,PERSONAL,POOR,0,0,COMPREHENSIVE,500,20,992.92,URBAN,PRIVATE_DRIVEWAY
0,0.0,0,0,11,SUV,PETROL,15938.21,2380,1,0,34,15,13700,RIDESHARE,GOOD,0,1,ZERO_DEP_PREMIUM,1000,25,772.69,RURAL,LOCKED_GARAGE
0,0.0,0,0,12,HATCHBACK,PETROL,4953.81,1360,2,1,58,38,14500,COMMUTE,FAIR,0,1,COMPREHENSIVE,1000,0,250.0,URBAN,STREET_PARKING
1,4629.53,0,18,2,SUV,DIESEL,25540.72,800,2,0,38,17,15900,COMMUTE,GOOD,1,0,COMPREHENSIVE,250,20,1078.86,METROPOLITAN,STREET_PARKING
1,3531.18,0,19,9,LUXURY_COUPE,PETROL,33077.4,1650,5,1,41,20,8600,PERSONAL,FAIR,1,0,COMPREHENSIVE,1000,0,1012.12,URBAN,LOCKED_GARAGE
0,0.0,0,0,6,SEDAN,PETROL,14113.37,1160,4,0,51,33,6100,PERSONAL,EXCELLENT,1,1,COMPREHENSIVE,500,45,365.31,URBAN,STREET_PARKING
0,0.0,0,0,9,SUV,DIESEL,17884.71,1310,5,0,63,39,15200,COMMERCIAL,EXCELLENT,0,1,COMPREHENSIVE,250,20,920.51,METROPOLITAN,PRIVATE_DRIVEWAY
0,0.0,0,0,18,SUV,DIESEL,8276.35,1580,3,1,41,14,23600,PERSONAL,GOOD,0,0,COMPREHENSIVE,1000,0,281.53,URBAN,LOCKED_GARAGE
0,0.0,0,0,1,SEDAN,PETROL,16853.72,1590,4,1,37,11,16100,RIDESHARE,FAIR,2,0,ZERO_DEP_PREMIUM,1000,25,932.41,SUBURBAN,PRIVATE_DRIVEWAY
0,0.0,0,0,18,SUV,DIESEL,9054.02,1420,3,1,69,36,4800,COMMUTE,GOOD,1,3,COMPREHENSIVE,500,0,369.46,URBAN,PRIVATE_DRIVEWAY
0,0.0,0,0,8,TRUCK,DIESEL,23748.92,2740,2,0,70,50,33100,COMMUTE,EXCELLENT,2,0,THIRD_PARTY,500,35,333.56,URBAN,LOCKED_GARAGE
0,0.0,0,0,14,SEDAN,PETROL,6486.72,1110,2,1,43,10,6000,RIDESHARE,GOOD,4,0,COMPREHENSIVE,500,0,355.47,URBAN,PRIVATE_DRIVEWAY
0,0.0,0,0,8,HATCHBACK,PETROL,7354.13,2420,2,1,42,23,2100,COMMUTE,GOOD,2,0,ZERO_DEP_PREMIUM,1000,20,400.55,METROPOLITAN,PRIVATE_DRIVEWAY
0,0.0,0,0,5,SUV,PETROL,24037.91,2210,4,0,55,35,25400,COMMUTE,GOOD,2,0,COMPREHENSIVE,250,0,1068.61,URBAN,LOCKED_GARAGE
1,4718.05,0,12,14,SEDAN,PETROL,4718.05,2160,2,0,48,14,8700,PERSONAL,FAIR,1,0,THIRD_PARTY,500,0,250.0,METROPOLITAN,PRIVATE_DRIVEWAY
0,0.0,0,0,13,SEDAN,HYBRID,6231.44,1170,4,1,42,10,10800,COMMUTE,GOOD,1,0,ZERO_DEP_PREMIUM,250,25,296.19,METROPOLITAN,STREET_PARKING
0,0.0,0,0,2,SEDAN,DIESEL,20512.76,1520,4,1,52,26,21500,PERSONAL,GOOD,0,0,COMPREHENSIVE,500,25,573.83,METROPOLITAN,LOCKED_GARAGE
0,0.0,0,0,13,SEDAN,CNG,5791.43,2070,3,0,33,7,24800,PERSONAL,GOOD,0,1,COMPREHENSIVE,2000,20,250.0,METROPOLITAN,PRIVATE_DRIVEWAY
1,8328.65,0,19,14,SUV,PETROL,8328.65,1470,2,1,58,34,12800,RIDESHARE,POOR,2,1,COMPREHENSIVE,500,25,429.72,METROPOLITAN,PRIVATE_DRIVEWAY
0,0.0,0,0,7,TRUCK,DIESEL,23841.14,1850,4,1,51,20,18800,RIDESHARE,FAIR,0,0,ZERO_DEP_PREMIUM,500,45,972.63,RURAL,LOCKED_GARAGE
1,3540.13,0,11,17,HATCHBACK,DIESEL,4000.0,1120,4,0,48,17,25800,COMMUTE,FAIR,1,0,THIRD_PARTY,500,50,250.0,SUBURBAN,LOCKED_GARAGE
0,0.0,0,0,12,COMMERCIAL_VAN,ELECTRIC,11910.51,1150,1,1,40,12,6300,PERSONAL,GOOD,0,1,COMPREHENSIVE,1000,45,264.8,SUBURBAN,PRIVATE_DRIVEWAY
0,0.0,0,0,6,SUV,HYBRID,20836.83,850,3,0,33,14,15900,COMMUTE,GOOD,0,0,COMPREHENSIVE,500,0,801.67,SUBURBAN,STREET_PARKING
0,0.0,0,0,0,HATCHBACK,DIESEL,14223.19,3470,5,1,18,0,11500,PERSONAL,POOR,0,0,THIRD_PARTY,500,0,250.0,URBAN,PRIVATE_DRIVEWAY
0,0.0,0,0,12,HATCHBACK,DIESEL,4000.0,800,4,0,18,0,6100,PERSONAL,GOOD,1,1,ZERO_DEP_PREMIUM,250,0,250.0,URBAN,LOCKED_GARAGE
1,5801.3,0,19,3,SEDAN,CNG,19514.5,960,4,1,19,0,20000,COMMERCIAL,GOOD,3,0,COMPREHENSIVE,1000,35,1002.36,METROPOLITAN,PRIVATE_DRIVEWAY
0,0.0,0,0,14,SUV,CNG,7542.18,1990,1,1,59,34,21800,PERSONAL,GOOD,1,0,ZERO_DEP_PREMIUM,500,35,250.0,RURAL,LOCKED_GARAGE
0,0.0,0,0,9,HATCHBACK,CNG,7882.1,1160,2,1,33,14,18200,PERSONAL,FAIR,1,0,ZERO_DEP_PREMIUM,250,35,349.67,URBAN,PRIVATE_DRIVEWAY
0,0.0,0,0,8,TRUCK,PETROL,17931.86,2070,5,0,25,7,17700,COMMUTE,FAIR,0,0,COMPREHENSIVE,1000,35,578.54,URBAN,STREET_PARKING
0,0.0,0,0,3,SUV,PETROL,28100.99,1860,4,1,41,21,12200,PERSONAL,EXCELLENT,3,0,COMPREHENSIVE,1000,0,1067.41,SUBURBAN,STREET_PARKING
0,0.0,0,0,13,SEDAN,PETROL,4628.22,2270,5,1,29,7,16100,COMMUTE,EXCELLENT,2,0,COMPREHENSIVE,500,0,250.0,SUBURBAN,STREET_PARKING
0,0.0,0,0,3,LUXURY_COUPE,ELECTRIC,58286.15,2320,5,1,37,8,17600,PERSONAL,FAIR,0,0,COMPREHENSIVE,500,20,1768.5,URBAN,PRIVATE_DRIVEWAY
0,0.0,0,0,7,SEDAN,PETROL,13246.19,2200,5,1,50,13,29200,COMMUTE,FAIR,3,0,ZERO_DEP_PREMIUM,2000,0,721.31,URBAN,STREET_PARKING
0,0.0,0,0,15,LUXURY_COUPE,PETROL,17028.74,1400,1,0,37,8,3500,PERSONAL,GOOD,0,0,ZERO_DEP_PREMIUM,500,45,673.99,METROPOLITAN,LOCKED_GARAGE
0,0.0,0,0,17,TRUCK,DIESEL,8815.81,1910,3,0,37,13,10000,PERSONAL,GOOD,0,2,THIRD_PARTY,2000,45,250.0,URBAN,LOCKED_GARAGE
1,6035.58,1,33,18,TRUCK,PETROL,8417.8,2620,4,0,42,14,12800,PERSONAL,FAIR,1,1,ZERO_DEP_PREMIUM,1000,35,266.12,SUBURBAN,PRIVATE_DRIVEWAY
0,0.0,0,0,18,TRUCK,ELECTRIC,9004.67,3580,4,0,22,4,17100,PERSONAL,GOOD,1,0,THIRD_PARTY,1000,0,250.0,METROPOLITAN,LOCKED_GARAGE
0,0.0,0,0,10,SEDAN,PETROL,10128.11,970,3,1,46,22,23700,PERSONAL,POOR,0,2,COMPREHENSIVE,500,45,250.0,SUBURBAN,PRIVATE_DRIVEWAY
0,0.0,0,0,3,HATCHBACK,HYBRID,12498.81,860,4,1,62,39,20600,COMMUTE,GOOD,2,0,THIRD_PARTY,2000,45,250.0,URBAN,PRIVATE_DRIVEWAY
0,0.0,0,0,15,HATCHBACK,PETROL,4000.0,1820,3,0,37,18,12100,PERSONAL,GOOD,1,1,ZERO_DEP_PREMIUM,1000,25,250.0,URBAN,LOCKED_GARAGE
0,0.0,0,0,15,HATCHBACK,DIESEL,4000.0,1630,4,0,43,16,18200,PERSONAL,POOR,1,1,THIRD_PARTY,500,50,250.0,METROPOLITAN,LOCKED_GARAGE
0,0.0,0,0,18,SEDAN,DIESEL,6712.87,1130,1,1,30,6,13300,COMMUTE,EXCELLENT,2,0,COMPREHENSIVE,250,35,250.0,URBAN,LOCKED_GARAGE
0,0.0,0,0,12,SEDAN,PETROL,7778.73,810,5,1,32,6,15700,PERSONAL,EXCELLENT,0,0,COMPREHENSIVE,500,25,284.96,METROPOLITAN,PRIVATE_DRIVEWAY
0,0.0,0,0,2,SUV,PETROL,26353.01,1270,3,0,56,34,20700,COMMUTE,GOOD,1,0,THIRD_PARTY,1000,0,445.27,SUBURBAN,PRIVATE_DRIVEWAY
0,0.0,0,0,9,SUV,HYBRID,16982.65,1940,2,0,44,11,2000,COMMUTE,EXCELLENT,1,0,COMPREHENSIVE,500,0,774.2,METROPOLITAN,LOCKED_GARAGE
0,0.0,0,0,8,HATCHBACK,DIESEL,8080.83,1380,2,1,51,24,12200,PERSONAL,FAIR,0,0,COMPREHENSIVE,500,25,307.21,URBAN,STREET_PARKING
1,3663.31,0,15,16,TRUCK,PETROL,9300.12,3060,3,0,46,20,7700,COMMUTE,FAIR,0,1,THIRD_PARTY,2000,0,250.0,SUBURBAN,LOCKED_GARAGE
0,0.0,0,0,7,HATCHBACK,DIESEL,8307.49,1510,3,0,40,15,8300,PERSONAL,GOOD,3,1,COMPREHENSIVE,250,0,371.82,METROPOLITAN,STREET_PARKING
0,0.0,0,0,6,HATCHBACK,PETROL,10488.57,1990,2,0,59,40,10000,PERSONAL,GOOD,0,0,COMPREHENSIVE,500,20,344.12,SUBURBAN,LOCKED_GARAGE
0,0.0,0,0,1,SEDAN,DIESEL,25100.63,1780,5,1,18,0,2000,PERSONAL,FAIR,2,0,COMPREHENSIVE,1000,0,1015.53,URBAN,LOCKED_GARAGE
0,0.0,0,0,15,SUV,DIESEL,6045.44,1340,1,0,31,10,22300,PERSONAL,EXCELLENT,2,0,COMPREHENSIVE,1000,50,250.0,RURAL,PRIVATE_DRIVEWAY
0,0.0,0,0,14,SUV,DIESEL,9181.31,2140,5,0,37,10,30600,COMMUTE,GOOD,2,0,THIRD_PARTY,500,20,250.0,RURAL,PRIVATE_DRIVEWAY
0,0.0,0,0,0,SEDAN,PETROL,22052.61,810,5,0,43,12,15300,RIDESHARE,GOOD,1,1,THIRD_PARTY,250,35,476.31,URBAN,STREET_PARKING
0,0.0,0,0,8,SEDAN,PETROL,12669.92,1240,5,0,38,15,24500,RIDESHARE,EXCELLENT,1,2,COMPREHENSIVE,2000,20,441.78,SUBURBAN,LOCKED_GARAGE
0,0.0,0,0,9,SUV,PETROL,18781.1,1330,5,0,45,18,9700,PERSONAL,GOOD,0,0,THIRD_PARTY,250,25,250.0,URBAN,PRIVATE_DRIVEWAY
0,0.0,0,0,8,SEDAN,PETROL,8395.13,1850,3,0,61,19,22700,COMMUTE,POOR,0,0,THIRD_PARTY,1000,45,250.0,SUBURBAN,LOCKED_GARAGE
0,0.0,0,0,17,HATCHBACK,DIESEL,4000.0,2010,5,0,26,6,11000,PERSONAL,GOOD,4,0,THIRD_PARTY,1000,35,250.0,RURAL,PRIVATE_DRIVEWAY
0,0.0,0,0,2,SEDAN,DIESEL,22593.36,1070,3,0,63,44,10300,PERSONAL,GOOD,0,1,ZERO_DEP_PREMIUM,1000,0,1097.62,URBAN,PRIVATE_DRIVEWAY
0,0.0,0,0,5,SEDAN,PETROL,14631.99,980,5,1,39,9,15100,PERSONAL,EXCELLENT,1,1,THIRD_PARTY,2000,45,250.0,METROPOLITAN,PRIVATE_DRIVEWAY
0,0.0,0,0,3,SEDAN,PETROL,15297.17,1650,5,0,45,16,25800,COMMUTE,FAIR,1,0,THIRD_PARTY,500,25,250.0,SUBURBAN,LOCKED_GARAGE
0,0.0,0,0,4,HATCHBACK,DIESEL,13068.96,800,5,1,42,19,21500,PERSONAL,GOOD,0,0,COMPREHENSIVE,1000,35,286.89,SUBURBAN,LOCKED_GARAGE
0,0.0,0,0,17,HATCHBACK,DIESEL,4000.0,2260,1,0,46,25,23600,COMMUTE,GOOD,3,0,COMPREHENSIVE,1000,35,250.0,URBAN,PRIVATE_DRIVEWAY
0,0.0,0,0,17,SUV,HYBRID,8401.9,1450,5,1,59,30,4700,COMMUTE,GOOD,1,0,ZERO_DEP_PREMIUM,2000,35,292.64,URBAN,LOCKED_GARAGE
1,5024.89,0,27,0,SEDAN,PETROL,24701.01,840,5,1,26,5,6900,PERSONAL,POOR,3,1,THIRD_PARTY,500,20,295.31,RURAL,STREET_PARKING
1,22966.16,0,16,12,LUXURY_COUPE,PETROL,23151.78,1730,5,1,32,7,10900,COMMUTE,GOOD,1,0,COMPREHENSIVE,2000,25,572.07,SUBURBAN,PRIVATE_DRIVEWAY
0,0.0,0,0,4,HATCHBACK,PETROL,11659.89,1800,5,1,51,16,23700,PERSONAL,GOOD,1,0,COMPREHENSIVE,250,50,304.16,URBAN,PRIVATE_DRIVEWAY
0,0.0,0,0,3,HATCHBACK,DIESEL,11318.23,1790,4,1,31,13,18500,COMMUTE,EXCELLENT,0,0,ZERO_DEP_PREMIUM,1000,35,357.38,SUBURBAN,STREET_PARKING
0,0.0,0,0,5,HATCHBACK,DIESEL,10713.59,1100,3,0,18,0,2400,PERSONAL,EXCELLENT,0,0,THIRD_PARTY,500,50,250.0,METROPOLITAN,STREET_PARKING
0,0.0,0,0,3,TRUCK,PETROL,29032.43,2230,4,1,51,26,12200,COMMERCIAL,POOR,1,1,COMPREHENSIVE,500,50,1066.86,METROPOLITAN,STREET_PARKING
1,11724.92,0,33,9,COMMERCIAL_VAN,PETROL,14097.48,870,3,1,31,10,9700,RIDESHARE,POOR,1,0,ZERO_DEP_PREMIUM,500,0,1119.11,URBAN,PRIVATE_DRIVEWAY
0,0.0,0,0,18,SUV,DIESEL,8034.12,1430,4,0,54,31,13100,COMMERCIAL,GOOD,0,0,COMPREHENSIVE,250,20,387.37,URBAN,STREET_PARKING
0,0.0,0,0,11,HATCHBACK,PETROL,4508.16,2560,5,0,36,9,28800,PERSONAL,GOOD,2,1,THIRD_PARTY,500,0,250.0,SUBURBAN,STREET_PARKING
0,0.0,0,0,13,SEDAN,DIESEL,6704.16,2980,2,0,58,31,12800,PERSONAL,POOR,0,0,COMPREHENSIVE,500,0,250.0,URBAN,STREET_PARKING
0,0.0,0,0,9,HATCHBACK,PETROL,4965.34,1460,2,0,46,22,11400,PERSONAL,POOR,2,1,COMPREHENSIVE,1000,25,250.0,URBAN,PRIVATE_DRIVEWAY
0,0.0,0,0,0,SUV,PETROL,33393.21,1880,3,0,32,13,6400,RIDESHARE,EXCELLENT,0,1,COMPREHENSIVE,2000,45,1230.54,URBAN,PRIVATE_DRIVEWAY
0,0.0,0,0,1,SEDAN,PETROL,21929.8,1860,5,1,25,7,19500,PERSONAL,FAIR,2,2,THIRD_PARTY,1000,0,390.54,URBAN,STREET_PARKING
0,0.0,0,0,5,LUXURY_COUPE,CNG,42631.99,1380,2,1,39,17,13200,COMMUTE,POOR,2,1,COMPREHENSIVE,250,20,1190.23,RURAL,PRIVATE_DRIVEWAY
0,0.0,0,0,4,TRUCK,PETROL,25251.03,1550,5,0,43,20,8400,PERSONAL,GOOD,2,0,ZERO_DEP_PREMIUM,500,25,1416.29,METROPOLITAN,STREET_PARKING
0,0.0,0,0,15,SUV,PETROL,7608.16,800,3,1,33,8,18200,PERSONAL,GOOD,1,0,ZERO_DEP_PREMIUM,1000,0,455.81,METROPOLITAN,PRIVATE_DRIVEWAY
0,0.0,0,0,16,LUXURY_COUPE,HYBRID,17497.37,2790,2,0,24,4,11600,COMMUTE,EXCELLENT,3,0,COMPREHENSIVE,500,0,778.34,SUBURBAN,LOCKED_GARAGE
0,0.0,0,0,16,SUV,PETROL,8331.87,2860,1,0,39,18,12600,PERSONAL,FAIR,2,1,COMPREHENSIVE,500,45,252.78,URBAN,LOCKED_GARAGE
0,0.0,0,0,12,SUV,PETROL,9428.78,2290,3,1,64,45,7300,COMMERCIAL,GOOD,1,0,COMPREHENSIVE,500,35,351.0,SUBURBAN,PRIVATE_DRIVEWAY
1,892.92,0,19,10,TRUCK,PETROL,17316.86,2330,2,0,45,14,2000,RIDESHARE,GOOD,2,0,THIRD_PARTY,250,0,544.14,METROPOLITAN,LOCKED_GARAGE
1,10665.82,0,23,12,SUV,DIESEL,11222.01,1540,3,1,33,6,19300,PERSONAL,GOOD,2,1,ZERO_DEP_PREMIUM,500,0,768.61,METROPOLITAN,PRIVATE_DRIVEWAY
0,0.0,0,0,7,SUV,PETROL,20198.54,1370,5,0,44,22,16600,COMMUTE,EXCELLENT,1,0,COMPREHENSIVE,500,25,538.91,RURAL,STREET_PARKING
1,1003.74,0,16,12,HATCHBACK,HYBRID,4196.46,2290,5,1,51,16,16000,COMMUTE,FAIR,1,0,ZERO_DEP_PREMIUM,250,45,250.0,URBAN,STREET_PARKING
0,0.0,0,0,15,SEDAN,ELECTRIC,5602.76,1740,1,1,29,9,13100,COMMUTE,EXCELLENT,0,0,ZERO_DEP_PREMIUM,1000,25,250.0,URBAN,PRIVATE_DRIVEWAY
0,0.0,0,0,14,SUV,DIESEL,8881.04,1640,5,0,38,11,10300,PERSONAL,GOOD,0,1,COMPREHENSIVE,2000,20,250.0,URBAN,PRIVATE_DRIVEWAY
1,7369.7,0,28,11,SUV,PETROL,13454.46,880,1,0,40,21,14600,PERSONAL,GOOD,2,0,ZERO_DEP_PREMIUM,500,35,720.35,METROPOLITAN,LOCKED_GARAGE
0,0.0,0,0,1,HATCHBACK,ELECTRIC,13883.27,1990,4,0,36,16,18400,PERSONAL,GOOD,0,0,THIRD_PARTY,500,50,250.0,SUBURBAN,STREET_PARKING
0,0.0,0,0,13,SEDAN,HYBRID,7505.95,1500,1,0,25,5,16500,PERSONAL,FAIR,0,0,COMPREHENSIVE,500,0,261.81,URBAN,PRIVATE_DRIVEWAY
1,7784.64,0,26,6,SEDAN,HYBRID,15036.79,1860,2,0,51,15,9400,RIDESHARE,EXCELLENT,0,0,THIRD_PARTY,250,0,374.05,SUBURBAN,LOCKED_GARAGE
0,0.0,0,0,14,HATCHBACK,PETROL,4000.0,2250,5,0,18,0,20300,PERSONAL,GOOD,1,0,COMPREHENSIVE,500,0,250.0,URBAN,STREET_PARKING
0,0.0,0,0,10,SEDAN,DIESEL,8903.57,800,3,1,33,6,14300,PERSONAL,POOR,1,0,COMPREHENSIVE,1000,50,250.0,URBAN,PRIVATE_DRIVEWAY
0,0.0,0,0,16,SUV,DIESEL,8168.99,1410,5,0,32,6,14200,RIDESHARE,GOOD,2,1,COMPREHENSIVE,250,0,479.92,METROPOLITAN,PRIVATE_DRIVEWAY
0,0.0,0,0,6,HATCHBACK,CNG,7761.9,1310,5,1,34,13,10400,COMMERCIAL,GOOD,1,0,THIRD_PARTY,1000,20,250.0,METROPOLITAN,STREET_PARKING
0,0.0,0,0,17,HATCHBACK,PETROL,4000.0,1260,1,0,62,22,11000,COMMUTE,EXCELLENT,1,1,COMPREHENSIVE,1000,35,250.0,METROPOLITAN,LOCKED_GARAGE
1,5806.35,0,17,16,SEDAN,ELECTRIC,5806.35,870,1,0,38,9,15300,COMMUTE,EXCELLENT,2,1,THIRD_PARTY,250,45,250.0,SUBURBAN,LOCKED_GARAGE
0,0.0,0,0,6,TRUCK,DIESEL,29038.08,1830,5,0,57,26,5300,COMMERCIAL,EXCELLENT,2,0,ZERO_DEP_PREMIUM,500,25,1370.66,RURAL,LOCKED_GARAGE
0,0.0,0,0,9,HATCHBACK,HYBRID,5760.06,890,2,0,44,26,11300,COMMUTE,FAIR,2,1,ZERO_DEP_PREMIUM,500,45,250.0,RURAL,LOCKED_GARAGE
0,0.0,0,0,10,SUV,DIESEL,14571.21,2140,5,1,48,26,10500,COMMERCIAL,GOOD,1,0,THIRD_PARTY,500,25,250.0,SUBURBAN,LOCKED_GARAGE
0,0.0,0,0,14,HATCHBACK,HYBRID,4000.0,1850,4,0,38,14,12700,PERSONAL,EXCELLENT,1,1,COMPREHENSIVE,2000,50,250.0,METROPOLITAN,STREET_PARKING
0,0.0,0,0,13,HATCHBACK,PETROL,4007.96,1800,3,1,52,17,15800,PERSONAL,FAIR,1,0,THIRD_PARTY,500,45,250.0,SUBURBAN,PRIVATE_DRIVEWAY
0,0.0,0,0,16,HATCHBACK,PETROL,4000.0,800,4,1,33,8,4900,PERSONAL,FAIR,2,0,ZERO_DEP_PREMIUM,1000,0,250.0,URBAN,STREET_PARKING
0,0.0,0,0,7,HATCHBACK,PETROL,8577.28,2870,5,0,36,16,25000,PERSONAL,EXCELLENT,3,2,THIRD_PARTY,500,0,250.0,SUBURBAN,STREET_PARKING
0,0.0,0,0,9,HATCHBACK,HYBRID,8251.15,1330,5,0,35,7,13800,PERSONAL,GOOD,0,0,COMPREHENSIVE,500,0,280.03,URBAN,LOCKED_GARAGE
0,0.0,0,0,8,LUXURY_COUPE,PETROL,41833.78,3630,5,0,27,7,17700,RIDESHARE,EXCELLENT,2,0,COMPREHENSIVE,250,0,2169.65,RURAL,PRIVATE_DRIVEWAY
0,0.0,0,0,17,HATCHBACK,DIESEL,4400.18,2090,3,0,42,23,20100,PERSONAL,EXCELLENT,0,0,THIRD_PARTY,250,50,250.0,SUBURBAN,LOCKED_GARAGE
0,0.0,0,0,5,TRUCK,CNG,27515.05,2150,3,0,54,24,25900,COMMUTE,FAIR,2,1,THIRD_PARTY,250,0,549.66,METROPOLITAN,LOCKED_GARAGE
0,0.0,0,0,11,HATCHBACK,HYBRID,5257.47,2930,4,1,37,18,15100,PERSONAL,FAIR,1,0,COMPREHENSIVE,250,35,250.0,METROPOLITAN,LOCKED_GARAGE
1,11654.78,0,30,2,TRUCK,DIESEL,29892.43,2670,2,1,31,11,8100,PERSONAL,FAIR,2,0,ZERO_DEP_PREMIUM,1000,35,1209.47,METROPOLITAN,STREET_PARKING
0,0.0,0,0,16,LUXURY_COUPE,ELECTRIC,15237.1,2350,2,0,69,42,5800,COMMUTE,GOOD,0,0,ZERO_DEP_PREMIUM,1000,0,626.69,SUBURBAN,STREET_PARKING
0,0.0,0,0,7,SEDAN,PETROL,14690.18,1350,5,0,37,12,16900,PERSONAL,EXCELLENT,1,0,ZERO_DEP_PREMIUM,2000,0,591.28,SUBURBAN,STREET_PARKING
0,0.0,0,0,6,SEDAN,DIESEL,16276.25,2270,5,1,52,17,11700,COMMUTE,GOOD,0,0,THIRD_PARTY,2000,25,250.0,METROPOLITAN,LOCKED_GARAGE
0,0.0,0,0,11,HATCHBACK,DIESEL,5978.27,1250,4,0,42,13,24600,PERSONAL,GOOD,0,0,ZERO_DEP_PREMIUM,1000,25,250.0,URBAN,LOCKED_GARAGE
0,0.0,0,0,9,SUV,ELECTRIC,14871.46,1350,3,1,57,19,9400,PERSONAL,GOOD,3,2,COMPREHENSIVE,250,0,629.52,SUBURBAN,PRIVATE_DRIVEWAY
0,0.0,0,0,16,HATCHBACK,PETROL,4000.0,1210,1,1,41,19,7500,PERSONAL,EXCELLENT,1,0,ZERO_DEP_PREMIUM,250,25,250.0,METROPOLITAN,LOCKED_GARAGE
0,0.0,0,0,10,TRUCK,PETROL,21114.66,1810,5,0,41,17,7100,COMMUTE,EXCELLENT,0,0,COMPREHENSIVE,1000,0,626.15,SUBURBAN,STREET_PARKING
0,0.0,0,0,9,COMMERCIAL_VAN,DIESEL,13637.44,1150,5,0,41,17,29300,COMMERCIAL,POOR,0,1,THIRD_PARTY,250,50,250.0,SUBURBAN,PRIVATE_DRIVEWAY
0,0.0,0,0,1,SUV,DIESEL,35380.28,2750,4,1,38,12,24400,COMMUTE,GOOD,1,0,COMPREHENSIVE,1000,0,1276.83,SUBURBAN,LOCKED_GARAGE
0,0.0,0,0,0,HATCHBACK,HYBRID,14679.69,2250,5,1,43,14,7400,COMMERCIAL,EXCELLENT,0,1,COMPREHENSIVE,1000,45,417.2,SUBURBAN,STREET_PARKING
0,0.0,0,0,7,SEDAN,DIESEL,12340.55,1750,3,0,31,11,11800,PERSONAL,EXCELLENT,2,0,THIRD_PARTY,500,45,250.0,SUBURBAN,PRIVATE_DRIVEWAY
0,0.0,0,0,18,HATCHBACK,HYBRID,4000.0,1240,5,0,49,17,11500,PERSONAL,FAIR,0,0,ZERO_DEP_PREMIUM,1000,45,250.0,URBAN,PRIVATE_DRIVEWAY
0,0.0,0,0,17,SEDAN,DIESEL,5045.31,1240,1,0,80,28,2600,COMMERCIAL,FAIR,1,0,ZERO_DEP_PREMIUM,500,45,250.0,RURAL,PRIVATE_DRIVEWAY
0,0.0,0,0,11,HATCHBACK,ELECTRIC,5807.14,1360,4,0,29,8,13300,COMMERCIAL,FAIR,5,0,THIRD_PARTY,2000,25,250.0,SUBURBAN,PRIVATE_DRIVEWAY
0,0.0,0,0,11,HATCHBACK,DIESEL,4926.37,2760,4,1,46,23,18400,COMMUTE,EXCELLENT,4,0,ZERO_DEP_PREMIUM,500,20,329.22,URBAN,LOCKED_GARAGE
0,0.0,0,0,7,HATCHBACK,PETROL,10216.02,1790,5,0,42,10,14500,RIDESHARE,POOR,0,1,THIRD_PARTY,500,50,250.0,URBAN,LOCKED_GARAGE
0,0.0,0,0,3,HATCHBACK,PETROL,11398.41,2090,3,1,26,4,12400,RIDESHARE,EXCELLENT,2,0,COMPREHENSIVE,500,45,481.47,SUBURBAN,LOCKED_GARAGE
0,0.0,0,0,0,SUV,HYBRID,34689.71,1730,5,1,53,28,11500,COMMUTE,GOOD,3,0,THIRD_PARTY,500,25,543.88,URBAN,LOCKED_GARAGE
0,0.0,0,0,6,SEDAN,PETROL,15836.14,1020,3,0,36,12,11300,COMMUTE,GOOD,1,1,COMPREHENSIVE,1000,20,574.83,METROPOLITAN,LOCKED_GARAGE
0,0.0,0,0,6,SEDAN,DIESEL,17608.82,1670,3,1,32,6,15300,PERSONAL,FAIR,0,0,COMPREHENSIVE,250,50,347.8,RURAL,STREET_PARKING
0,0.0,0,0,3,LUXURY_COUPE,PETROL,51422.5,1800,3,0,61,35,23400,COMMUTE,GOOD,3,0,COMPREHENSIVE,250,0,2381.23,SUBURBAN,LOCKED_GARAGE
0,0.0,0,0,4,COMMERCIAL_VAN,ELECTRIC,23697.88,2380,4,0,37,10,11600,PERSONAL,POOR,2,0,COMPREHENSIVE,250,45,505.05,RURAL,LOCKED_GARAGE
0,0.0,0,0,0,SUV,PETROL,26618.65,1110,3,1,58,23,9100,COMMUTE,GOOD,1,1,ZERO_DEP_PREMIUM,500,25,1115.81,SUBURBAN,PRIVATE_DRIVEWAY
0,0.0,0,0,11,SEDAN,DIESEL,8797.56,1230,3,0,50,22,8100,RIDESHARE,FAIR,0,1,ZERO_DEP_PREMIUM,250,25,486.35,SUBURBAN,PRIVATE_DRIVEWAY
0,0.0,0,0,17,SUV,DIESEL,9094.41,2130,5,1,43,24,26200,PERSONAL,GOOD,0,0,ZERO_DEP_PREMIUM,1000,0,464.14,URBAN,PRIVATE_DRIVEWAY
0,0.0,0,0,13,HATCHBACK,PETROL,4095.08,1150,5,0,51,22,26100,COMMUTE,GOOD,0,1,THIRD_PARTY,500,20,250.0,RURAL,PRIVATE_DRIVEWAY
0,0.0,0,0,8,SUV,DIESEL,22893.16,1460,5,0,53,15,13700,PERSONAL,EXCELLENT,2,0,COMPREHENSIVE,500,20,773.69,URBAN,LOCKED_GARAGE
0,0.0,0,0,7,SEDAN,HYBRID,14373.8,800,3,1,40,15,14800,PERSONAL,GOOD,1,0,COMPREHENSIVE,500,45,372.09,URBAN,LOCKED_GARAGE
0,0.0,0,0,5,SUV,DIESEL,21695.49,1390,3,0,37,12,12400,COMMUTE,GOOD,4,0,COMPREHENSIVE,1000,25,1059.5,METROPOLITAN,PRIVATE_DRIVEWAY
0,0.0,0,0,2,SEDAN,CNG,20650.86,1990,4,0,54,17,6800,COMMERCIAL,GOOD,0,0,ZERO_DEP_PREMIUM,250,25,1162.61,URBAN,PRIVATE_DRIVEWAY
0,0.0,0,0,11,SUV,ELECTRIC,10420.32,1190,2,0,81,30,13900,PERSONAL,FAIR,0,0,COMPREHENSIVE,250,25,284.03,URBAN,PRIVATE_DRIVEWAY
0,0.0,0,0,10,SEDAN,DIESEL,8950.81,1960,2,1,19,1,4500,RIDESHARE,GOOD,2,0,COMPREHENSIVE,250,0,489.87,SUBURBAN,STREET_PARKING
0,0.0,0,0,0,HATCHBACK,DIESEL,11955.42,1590,3,1,26,8,8800,PERSONAL,POOR,1,0,COMPREHENSIVE,500,50,274.77,URBAN,PRIVATE_DRIVEWAY
0,0.0,0,0,7,HATCHBACK,CNG,8626.65,2310,4,1,29,10,10800,PERSONAL,GOOD,1,0,COMPREHENSIVE,500,45,250.0,RURAL,PRIVATE_DRIVEWAY
1,4713.74,0,26,5,SEDAN,DIESEL,15834.16,1120,5,1,37,17,21000,PERSONAL,EXCELLENT,1,0,COMPREHENSIVE,500,35,466.71,SUBURBAN,LOCKED_GARAGE
0,0.0,0,0,3,HATCHBACK,PETROL,13380.53,1440,5,1,28,5,14400,PERSONAL,EXCELLENT,2,0,THIRD_PARTY,500,35,250.0,METROPOLITAN,STREET_PARKING
0,0.0,0,0,13,SUV,HYBRID,9011.58,800,5,0,51,25,7600,PERSONAL,GOOD,0,0,ZERO_DEP_PREMIUM,1000,25,384.18,METROPOLITAN,LOCKED_GARAGE
0,0.0,0,0,9,TRUCK,CNG,16881.4,2240,5,1,22,2,21100,COMMERCIAL,GOOD,1,0,COMPREHENSIVE,1000,20,602.12,SUBURBAN,STREET_PARKING
0,0.0,0,0,12,LUXURY_COUPE,DIESEL,26235.31,2230,2,0,36,12,13200,RIDESHARE,POOR,0,1,THIRD_PARTY,2000,20,446.06,SUBURBAN,PRIVATE_DRIVEWAY
1,1103.83,0,26,13,SEDAN,PETROL,4054.45,2220,2,1,35,14,7500,RIDESHARE,GOOD,0,1,COMPREHENSIVE,2000,0,250.0,URBAN,STREET_PARKING
0,0.0,0,0,18,COMMERCIAL_VAN,DIESEL,7534.62,1190,2,1,56,20,18100,PERSONAL,EXCELLENT,1,0,ZERO_DEP_PREMIUM,1000,20,306.07,URBAN,LOCKED_GARAGE
0,0.0,0,0,15,HATCHBACK,ELECTRIC,4000.0,1320,3,0,41,21,15100,COMMUTE,FAIR,2,1,COMPREHENSIVE,500,45,250.0,SUBURBAN,STREET_PARKING
0,0.0,0,0,11,HATCHBACK,PETROL,5523.17,1160,3,0,23,4,2000,COMMUTE,GOOD,0,0,COMPREHENSIVE,500,25,250.0,URBAN,LOCKED_GARAGE
0,0.0,0,0,16,SUV,ELECTRIC,8480.09,1620,4,1,46,22,15000,PERSONAL,GOOD,1,1,COMPREHENSIVE,500,25,266.09,METROPOLITAN,PRIVATE_DRIVEWAY
0,0.0,0,0,9,SUV,DIESEL,16374.65,2890,5,1,29,10,9500,COMMUTE,FAIR,1,0,THIRD_PARTY,2000,0,250.0,SUBURBAN,PRIVATE_DRIVEWAY
0,0.0,0,0,18,SEDAN,PETROL,5829.78,800,1,1,25,4,8600,PERSONAL,POOR,2,0,THIRD_PARTY,1000,0,250.0,SUBURBAN,PRIVATE_DRIVEWAY
0,0.0,0,0,14,LUXURY_COUPE,DIESEL,15075.67,2470,2,0,58,39,11900,PERSONAL,GOOD,0,0,ZERO_DEP_PREMIUM,500,45,532.41,SUBURBAN,PRIVATE_DRIVEWAY
1,4000.0,0,26,12,HATCHBACK,PETROL,4000.0,2360,1,1,36,11,2100,PERSONAL,EXCELLENT,0,2,ZERO_DEP_PREMIUM,250,25,250.0,URBAN,LOCKED_GARAGE
0,0.0,0,0,17,SUV,ELECTRIC,7955.5,1270,2,0,49,20,12400,PERSONAL,GOOD,1,0,THIRD_PARTY,250,0,250.0,RURAL,PRIVATE_DRIVEWAY
0,0.0,0,0,9,HATCHBACK,PETROL,6199.1,1940,5,0,35,15,15800,COMMERCIAL,FAIR,1,0,COMPREHENSIVE,500,35,250.0,URBAN,STREET_PARKING
0,0.0,0,0,13,SEDAN,HYBRID,5721.86,2370,3,1,45,25,8600,COMMERCIAL,FAIR,1,0,ZERO_DEP_PREMIUM,500,0,425.51,URBAN,PRIVATE_DRIVEWAY
0,0.0,0,0,5,SEDAN,PETROL,18173.08,1420,5,1,62,37,12100,PERSONAL,POOR,1,1,COMPREHENSIVE,500,25,455.06,SUBURBAN,LOCKED_GARAGE
0,0.0,0,0,18,HATCHBACK,CNG,4154.36,1180,5,0,45,17,14300,RIDESHARE,EXCELLENT,0,1,COMPREHENSIVE,500,35,250.0,URBAN,LOCKED_GARAGE
0,0.0,0,0,11,HATCHBACK,ELECTRIC,6288.3,2210,4,0,37,18,17000,COMMERCIAL,EXCELLENT,3,1,THIRD_PARTY,250,0,250.0,METROPOLITAN,LOCKED_GARAGE
1,5800.3,0,15,14,TRUCK,PETROL,10591.41,2620,4,0,24,5,18000,PERSONAL,EXCELLENT,2,0,COMPREHENSIVE,500,0,465.12,URBAN,LOCKED_GARAGE
1,1952.98,0,16,8,HATCHBACK,CNG,7896.4,1560,2,0,54,24,10000,COMMERCIAL,EXCELLENT,4,0,COMPREHENSIVE,250,0,438.76,SUBURBAN,PRIVATE_DRIVEWAY
0,0.0,0,0,16,HATCHBACK,DIESEL,4000.0,2000,5,0,49,20,12200,PERSONAL,GOOD,1,0,COMPREHENSIVE,250,35,250.0,URBAN,LOCKED_GARAGE
0,0.0,0,0,1,TRUCK,DIESEL,37442.43,2920,5,1,47,21,4000,COMMERCIAL,EXCELLENT,1,0,COMPREHENSIVE,500,35,1540.13,URBAN,PRIVATE_DRIVEWAY
0,0.0,0,0,2,SEDAN,CNG,24155.82,1570,3,1,41,21,9700,COMMERCIAL,GOOD,2,0,COMPREHENSIVE,500,20,1322.72,METROPOLITAN,LOCKED_GARAGE
0,0.0,0,0,9,HATCHBACK,CNG,6291.08,1800,5,0,58,36,22600,PERSONAL,EXCELLENT,0,0,COMPREHENSIVE,500,45,250.0,SUBURBAN,PRIVATE_DRIVEWAY
0,0.0,0,0,13,HATCHBACK,DIESEL,4312.04,1940,5,0,36,8,7600,PERSONAL,FAIR,0,2,ZERO_DEP_PREMIUM,250,50,250.0,METROPOLITAN,LOCKED_GARAGE
0,0.0,0,0,15,SEDAN,CNG,4665.57,1300,4,0,50,26,21600,COMMERCIAL,EXCELLENT,4,0,COMPREHENSIVE,1000,0,288.2,URBAN,STREET_PARKING
0,0.0,0,0,8,SEDAN,PETROL,13322.87,2370,5,1,67,34,6700,COMMUTE,EXCELLENT,0,0,COMPREHENSIVE,1000,45,332.33,URBAN,PRIVATE_DRIVEWAY
0,0.0,0,0,12,SEDAN,PETROL,5936.93,930,3,1,43,12,18500,PERSONAL,FAIR,1,0,THIRD_PARTY,1000,25,250.0,SUBURBAN,LOCKED_GARAGE
0,0.0,0,0,10,SEDAN,PETROL,8458.31,1510,2,0,37,8,15500,COMMUTE,GOOD,2,0,ZERO_DEP_PREMIUM,250,35,316.28,RURAL,PRIVATE_DRIVEWAY
1,4000.0,0,24,18,HATCHBACK,PETROL,4000.0,2100,3,1,34,10,24800,COMMUTE,GOOD,2,1,COMPREHENSIVE,1000,35,250.0,METROPOLITAN,PRIVATE_DRIVEWAY
0,0.0,0,0,12,SEDAN,DIESEL,7706.31,910,1,1,34,9,2000,RIDESHARE,POOR,1,0,ZERO_DEP_PREMIUM,500,45,379.12,SUBURBAN,STREET_PARKING
0,0.0,0,0,7,HATCHBACK,PETROL,8976.3,2170,2,1,43,14,8800,PERSONAL,POOR,1,0,COMPREHENSIVE,500,20,258.34,SUBURBAN,PRIVATE_DRIVEWAY
0,0.0,0,0,18,SEDAN,DIESEL,7117.32,1720,1,0,65,36,24800,RIDESHARE,GOOD,0,0,COMPREHENSIVE,500,25,263.13,RURAL,STREET_PARKING
0,0.0,0,0,2,SEDAN,PETROL,19365.5,2460,3,1,48,21,14600,PERSONAL,GOOD,1,0,THIRD_PARTY,1000,0,376.63,METROPOLITAN,LOCKED_GARAGE
0,0.0,0,0,18,SUV,PETROL,8741.64,2000,3,0,45,14,17500,PERSONAL,FAIR,0,0,COMPREHENSIVE,500,0,259.37,RURAL,PRIVATE_DRIVEWAY
0,0.0,0,0,2,SEDAN,ELECTRIC,19957.98,1490,5,0,44,24,8500,RIDESHARE,EXCELLENT,2,0,COMPREHENSIVE,1000,0,978.02,SUBURBAN,PRIVATE_DRIVEWAY
0,0.0,0,0,5,LUXURY_COUPE,PETROL,51020.72,2650,5,1,20,1,7000,RIDESHARE,POOR,1,0,THIRD_PARTY,1000,0,1054.64,RURAL,PRIVATE_DRIVEWAY
0,0.0,0,0,15,SUV,DIESEL,8137.92,1770,1,1,41,11,21800,COMMUTE,EXCELLENT,0,0,COMPREHENSIVE,1000,0,312.87,URBAN,LOCKED_GARAGE
0,0.0,0,0,13,SEDAN,ELECTRIC,7097.35,2920,5,0,29,6,13600,RIDESHARE,POOR,0,0,COMPREHENSIVE,1000,45,292.21,URBAN,STREET_PARKING
0,0.0,0,0,18,SEDAN,DIESEL,4805.24,1660,2,0,63,44,35100,COMMERCIAL,POOR,1,0,COMPREHENSIVE,500,35,250.0,URBAN,LOCKED_GARAGE
0,0.0,0,0,14,SUV,HYBRID,5650.43,1510,4,0,30,8,15000,RIDESHARE,EXCELLENT,1,0,THIRD_PARTY,500,0,250.0,RURAL,PRIVATE_DRIVEWAY
0,0.0,0,0,12,HATCHBACK,CNG,4998.42,1470,1,0,23,4,19100,COMMUTE,FAIR,2,0,THIRD_PARTY,250,45,250.0,METROPOLITAN,PRIVATE_DRIVEWAY
0,0.0,0,0,6,TRUCK,PETROL,19945.13,2420,5,1,18,0,20900,COMMERCIAL,EXCELLENT,1,0,COMPREHENSIVE,250,25,1122.61,METROPOLITAN,PRIVATE_DRIVEWAY
0,0.0,0,0,0,SUV,DIESEL,37037.08,860,4,1,31,8,17200,PERSONAL,EXCELLENT,4,1,ZERO_DEP_PREMIUM,2000,50,1180.55,METROPOLITAN,PRIVATE_DRIVEWAY
0,0.0,0,0,2,HATCHBACK,PETROL,11640.45,1350,2,1,18,0,19300,COMMERCIAL,EXCELLENT,1,1,ZERO_DEP_PREMIUM,1000,45,610.03,METROPOLITAN,LOCKED_GARAGE
0,0.0,0,0,5,SUV,PETROL,20309.55,940,4,0,45,20,22600,RIDESHARE,FAIR,0,0,ZERO_DEP_PREMIUM,1000,25,1079.68,SUBURBAN,STREET_PARKING
0,0.0,0,0,0,TRUCK,DIESEL,50314.37,1730,2,1,45,11,13800,COMMUTE,GOOD,0,0,THIRD_PARTY,2000,45,459.79,SUBURBAN,LOCKED_GARAGE
0,0.0,0,0,9,HATCHBACK,DIESEL,7054.35,2120,5,1,27,6,10300,PERSONAL,FAIR,0,0,COMPREHENSIVE,1000,20,250.0,SUBURBAN,STREET_PARKING
1,5459.99,0,28,14,SUV,HYBRID,7798.3,1620,3,0,54,19,20400,PERSONAL,POOR,2,0,ZERO_DEP_PREMIUM,1000,35,336.44,METROPOLITAN,STREET_PARKING
0,0.0,0,0,18,HATCHBACK,DIESEL,4000.0,1120,2,1,40,20,24600,PERSONAL,GOOD,0,1,COMPREHENSIVE,500,0,250.0,URBAN,PRIVATE_DRIVEWAY
0,0.0,0,0,9,TRUCK,ELECTRIC,21067.85,2200,5,0,40,10,9400,COMMUTE,GOOD,0,0,COMPREHENSIVE,250,35,597.45,SUBURBAN,LOCKED_GARAGE
0,0.0,0,0,16,SUV,DIESEL,9093.56,1440,1,0,54,33,25000,PERSONAL,POOR,2,0,COMPREHENSIVE,500,20,250.0,RURAL,PRIVATE_DRIVEWAY
0,0.0,0,0,18,LUXURY_COUPE,PETROL,13650.7,2530,2,1,58,26,6500,COMMUTE,GOOD,1,0,COMPREHENSIVE,1000,35,332.05,RURAL,PRIVATE_DRIVEWAY
0,0.0,0,0,16,COMMERCIAL_VAN,PETROL,7982.5,800,1,1,28,7,14400,COMMUTE,EXCELLENT,2,1,THIRD_PARTY,500,25,250.0,URBAN,LOCKED_GARAGE
0,0.0,0,0,8,SEDAN,DIESEL,11886.55,890,3,1,22,2,4100,COMMUTE,GOOD,1,0,ZERO_DEP_PREMIUM,2000,50,367.75,URBAN,STREET_PARKING
0,0.0,0,0,6,TRUCK,DIESEL,22646.07,1360,2,1,37,16,2000,RIDESHARE,GOOD,1,0,ZERO_DEP_PREMIUM,500,20,1730.85,URBAN,PRIVATE_DRIVEWAY
0,0.0,0,0,18,HATCHBACK,PETROL,4000.0,1020,3,0,64,38,12500,RIDESHARE,FAIR,1,1,COMPREHENSIVE,500,0,250.0,URBAN,PRIVATE_DRIVEWAY
0,0.0,0,0,4,HATCHBACK,PETROL,8546.55,1130,4,0,31,10,17200,PERSONAL,EXCELLENT,1,1,ZERO_DEP_PREMIUM,500,35,321.63,URBAN,PRIVATE_DRIVEWAY
0,0.0,0,0,7,HATCHBACK,PETROL,9563.57,930,2,1,56,19,13300,COMMUTE,GOOD,0,0,THIRD_PARTY,500,20,250.0,SUBURBAN,PRIVATE_DRIVEWAY
0,0.0,0,0,1,TRUCK,DIESEL,34657.42,2800,4,1,28,7,26200,PERSONAL,FAIR,2,0,ZERO_DEP_PREMIUM,500,0,1849.53,METROPOLITAN,LOCKED_GARAGE
0,0.0,0,0,15,HATCHBACK,PETROL,4000.0,2800,4,1,40,20,6100,PERSONAL,FAIR,1,0,COMPREHENSIVE,1000,0,250.0,SUBURBAN,PRIVATE_DRIVEWAY
0,0.0,0,0,12,HATCHBACK,PETROL,4681.36,2140,1,0,34,6,14000,COMMUTE,FAIR,0,2,COMPREHENSIVE,500,20,250.0,SUBURBAN,PRIVATE_DRIVEWAY
0,0.0,0,0,1,SEDAN,PETROL,20372.08,1230,5,0,48,26,9300,COMMERCIAL,GOOD,0,1,COMPREHENSIVE,250,50,646.38,SUBURBAN,PRIVATE_DRIVEWAY
0,0.0,0,0,4,SUV,PETROL,28376.57,1740,5,0,44,22,11200,RIDESHARE,GOOD,2,0,COMPREHENSIVE,250,25,1247.43,RURAL,PRIVATE_DRIVEWAY
0,0.0,0,0,10,COMMERCIAL_VAN,DIESEL,11724.94,1560,5,0,29,11,9800,COMMERCIAL,GOOD,0,0,THIRD_PARTY,250,20,250.0,URBAN,STREET_PARKING
0,0.0,0,0,10,HATCHBACK,CNG,6011.05,1200,3,1,35,13,11300,PERSONAL,GOOD,1,1,THIRD_PARTY,500,45,250.0,URBAN,LOCKED_GARAGE
0,0.0,0,0,15,SEDAN,PETROL,5357.07,2460,4,1,27,5,13000,PERSONAL,GOOD,0,0,THIRD_PARTY,500,45,250.0,RURAL,PRIVATE_DRIVEWAY
0,0.0,0,0,5,COMMERCIAL_VAN,DIESEL,18969.93,2900,5,0,45,12,5700,PERSONAL,GOOD,1,0,THIRD_PARTY,250,35,250.0,SUBURBAN,LOCKED_GARAGE
0,0.0,0,0,17,TRUCK,DIESEL,9681.62,1340,3,0,28,9,20700,PERSONAL,POOR,2,0,ZERO_DEP_PREMIUM,2000,25,321.69,RURAL,LOCKED_GARAGE
0,0.0,0,0,8,HATCHBACK,DIESEL,7158.98,2540,5,0,43,18,21900,PERSONAL,FAIR,4,0,COMPREHENSIVE,250,45,274.73,METROPOLITAN,STREET_PARKING
0,0.0,0,0,15,SEDAN,PETROL,4573.17,1220,1,0,48,18,14800,COMMUTE,EXCELLENT,1,1,COMPREHENSIVE,500,45,250.0,URBAN,STREET_PARKING
0,0.0,0,0,4,HATCHBACK,PETROL,11609.57,1430,2,1,51,30,12800,PERSONAL,GOOD,1,2,ZERO_DEP_PREMIUM,500,20,517.43,URBAN,STREET_PARKING
0,0.0,0,0,0,SEDAN,CNG,26084.81,1780,5,1,51,27,12200,COMMUTE,EXCELLENT,0,0,THIRD_PARTY,500,45,352.21,METROPOLITAN,LOCKED_GARAGE
0,0.0,0,0,1,SUV,CNG,30415.71,2610,5,0,47,13,20200,PERSONAL,GOOD,0,0,COMPREHENSIVE,500,50,791.59,URBAN,PRIVATE_DRIVEWAY
0,0.0,0,0,7,HATCHBACK,PETROL,8503.29,1780,4,0,27,7,7400,PERSONAL,GOOD,1,1,COMPREHENSIVE,500,35,262.55,URBAN,PRIVATE_DRIVEWAY
0,0.0,0,0,18,COMMERCIAL_VAN,DIESEL,7387.97,1870,1,0,30,11,17600,COMMUTE,POOR,1,0,THIRD_PARTY,250,25,250.0,METROPOLITAN,STREET_PARKING
0,0.0,0,0,0,SUV,PETROL,30018.75,2150,5,1,30,7,11600,RIDESHARE,EXCELLENT,1,0,COMPREHENSIVE,250,0,1764.75,URBAN,STREET_PARKING
0,0.0,0,0,7,TRUCK,PETROL,26651.42,2960,5,1,41,12,11100,PERSONAL,EXCELLENT,0,0,COMPREHENSIVE,2000,35,549.64,SUBURBAN,STREET_PARKING
0,0.0,0,0,2,COMMERCIAL_VAN,PETROL,27001.34,1930,3,0,57,38,13100,PERSONAL,EXCELLENT,2,1,COMPREHENSIVE,500,35,771.12,URBAN,PRIVATE_DRIVEWAY
0,0.0,0,0,17,SEDAN,ELECTRIC,4062.1,2260,3,0,32,12,15000,PERSONAL,EXCELLENT,5,0,THIRD_PARTY,2000,20,250.0,RURAL,LOCKED_GARAGE
0,0.0,0,0,12,SEDAN,PETROL,8556.18,1210,2,0,38,19,4700,COMMUTE,POOR,0,2,COMPREHENSIVE,250,20,250.0,RURAL,PRIVATE_DRIVEWAY
0,0.0,0,0,14,HATCHBACK,PETROL,4000.0,800,1,1,59,25,7800,PERSONAL,GOOD,1,0,ZERO_DEP_PREMIUM,250,0,250.0,URBAN,STREET_PARKING
1,4278.05,0,17,13,HATCHBACK,PETROL,4278.05,2790,5,0,23,5,9900,RIDESHARE,GOOD,1,1,ZERO_DEP_PREMIUM,250,25,250.0,SUBURBAN,STREET_PARKING
1,2621.23,0,23,12,SUV,PETROL,7282.54,930,5,0,63,34,15800,PERSONAL,FAIR,0,1,THIRD_PARTY,250,35,250.0,SUBURBAN,PRIVATE_DRIVEWAY
0,0.0,0,0,14,HATCHBACK,PETROL,4000.0,1250,5,1,51,24,2100,PERSONAL,EXCELLENT,0,1,COMPREHENSIVE,250,0,250.0,RURAL,LOCKED_GARAGE
0,0.0,0,0,0,HATCHBACK,DIESEL,15500.96,1380,4,0,32,8,20000,PERSONAL,GOOD,2,0,COMPREHENSIVE,250,25,495.45,URBAN,PRIVATE_DRIVEWAY
0,0.0,0,0,16,HATCHBACK,DIESEL,4000.0,1270,2,0,37,8,24000,PERSONAL,GOOD,2,0,ZERO_DEP_PREMIUM,1000,35,250.0,SUBURBAN,STREET_PARKING
0,0.0,0,0,14,HATCHBACK,DIESEL,4000.0,1130,5,1,66,34,8700,PERSONAL,GOOD,0,0,COMPREHENSIVE,250,25,250.0,URBAN,PRIVATE_DRIVEWAY
0,0.0,0,0,14,SEDAN,DIESEL,6091.04,1900,2,0,35,17,14000,PERSONAL,GOOD,3,0,ZERO_DEP_PREMIUM,500,45,250.0,SUBURBAN,LOCKED_GARAGE
0,0.0,0,0,7,SEDAN,ELECTRIC,13756.18,1910,5,1,52,22,20400,PERSONAL,EXCELLENT,1,0,ZERO_DEP_PREMIUM,1000,35,440.12,SUBURBAN,PRIVATE_DRIVEWAY
0,0.0,0,0,15,SEDAN,PETROL,6294.39,2000,5,0,71,51,13400,COMMUTE,EXCELLENT,1,0,COMPREHENSIVE,250,45,250.0,RURAL,PRIVATE_DRIVEWAY
1,5245.9,0,5,7,COMMERCIAL_VAN,PETROL,18808.13,1960,2,1,41,10,12000,PERSONAL,POOR,1,0,COMPREHENSIVE,500,0,550.8,SUBURBAN,LOCKED_GARAGE
1,4715.23,0,29,0,COMMERCIAL_VAN,HYBRID,30295.86,1330,5,0,42,13,19800,COMMUTE,FAIR,2,0,THIRD_PARTY,1000,0,624.3,URBAN,LOCKED_GARAGE
0,0.0,0,0,17,TRUCK,DIESEL,10517.35,2030,3,0,73,31,22100,PERSONAL,EXCELLENT,0,0,COMPREHENSIVE,500,20,298.76,SUBURBAN,PRIVATE_DRIVEWAY
0,0.0,0,0,4,SEDAN,DIESEL,16339.23,2330,5,1,27,6,10300,PERSONAL,EXCELLENT,2,1,THIRD_PARTY,2000,50,250.0,SUBURBAN,LOCKED_GARAGE
0,0.0,0,0,1,HATCHBACK,PETROL,11488.02,1260,5,1,42,18,10000,PERSONAL,EXCELLENT,0,0,COMPREHENSIVE,250,25,397.05,URBAN,LOCKED_GARAGE
1,3789.25,0,14,11,SEDAN,PETROL,8693.96,1250,3,1,48,27,17000,RIDESHARE,EXCELLENT,2,0,COMPREHENSIVE,500,20,547.59,URBAN,PRIVATE_DRIVEWAY
0,0.0,0,0,4,SUV,PETROL,26728.29,2200,5,1,20,1,9900,PERSONAL,EXCELLENT,2,1,ZERO_DEP_PREMIUM,500,35,1197.15,URBAN,PRIVATE_DRIVEWAY
0,0.0,0,0,16,SEDAN,HYBRID,6110.74,1590,5,1,26,4,7400,PERSONAL,POOR,2,0,COMPREHENSIVE,500,20,250.0,METROPOLITAN,PRIVATE_DRIVEWAY
0,0.0,0,0,8,TRUCK,DIESEL,23657.15,1970,3,1,34,7,10100,COMMUTE,FAIR,1,1,COMPREHENSIVE,500,0,913.8,URBAN,LOCKED_GARAGE
1,5347.85,0,22,0,SEDAN,PETROL,21818.77,1280,4,0,48,24,7400,COMMERCIAL,GOOD,2,0,COMPREHENSIVE,500,20,910.81,URBAN,STREET_PARKING
0,0.0,0,0,18,HATCHBACK,PETROL,4000.0,2330,3,0,35,14,5600,PERSONAL,EXCELLENT,2,0,THIRD_PARTY,500,35,250.0,URBAN,PRIVATE_DRIVEWAY
0,0.0,0,0,9,LUXURY_COUPE,PETROL,30492.66,2880,5,1,41,9,24400,COMMUTE,POOR,3,0,THIRD_PARTY,500,25,529.46,URBAN,PRIVATE_DRIVEWAY
0,0.0,0,0,4,HATCHBACK,PETROL,11247.44,1750,3,1,53,16,5500,PERSONAL,FAIR,0,0,COMPREHENSIVE,1000,0,458.64,METROPOLITAN,PRIVATE_DRIVEWAY
0,0.0,0,0,12,SEDAN,DIESEL,6006.93,840,2,1,50,30,14300,RIDESHARE,GOOD,1,0,THIRD_PARTY,1000,0,250.0,URBAN,PRIVATE_DRIVEWAY
0,0.0,0,0,10,COMMERCIAL_VAN,PETROL,13536.87,1760,4,0,18,0,2000,RIDESHARE,FAIR,0,0,THIRD_PARTY,500,25,325.24,METROPOLITAN,PRIVATE_DRIVEWAY
0,0.0,0,0,0,HATCHBACK,HYBRID,18787.46,1460,4,0,45,18,24200,COMMUTE,POOR,1,0,THIRD_PARTY,500,50,250.0,URBAN,PRIVATE_DRIVEWAY
0,0.0,0,0,14,SUV,DIESEL,6556.29,1010,4,0,50,15,14400,PERSONAL,EXCELLENT,0,1,COMPREHENSIVE,1000,0,280.73,METROPOLITAN,PRIVATE_DRIVEWAY
0,0.0,0,0,7,HATCHBACK,CNG,8772.04,1210,3,1,41,13,23800,PERSONAL,EXCELLENT,0,0,COMPREHENSIVE,500,45,250.0,METROPOLITAN,STREET_PARKING
0,0.0,0,0,13,COMMERCIAL_VAN,HYBRID,8937.66,2050,1,1,49,26,8800,PERSONAL,GOOD,0,0,ZERO_DEP_PREMIUM,500,25,348.85,SUBURBAN,LOCKED_GARAGE
0,0.0,0,0,17,SUV,CNG,8486.21,2410,2,0,53,26,29500,PERSONAL,POOR,1,0,COMPREHENSIVE,500,50,250.0,URBAN,PRIVATE_DRIVEWAY
0,0.0,0,0,11,HATCHBACK,CNG,4888.54,910,5,1,47,21,6400,PERSONAL,FAIR,4,0,THIRD_PARTY,1000,35,250.0,URBAN,STREET_PARKING
0,0.0,0,0,12,SUV,PETROL,11553.15,990,1,1,41,20,17600,PERSONAL,EXCELLENT,1,0,THIRD_PARTY,250,20,250.0,METROPOLITAN,PRIVATE_DRIVEWAY
1,10915.63,0,5,4,SEDAN,PETROL,16059.34,2050,4,1,46,23,2000,PERSONAL,FAIR,2,0,ZERO_DEP_PREMIUM,250,0,1081.85,METROPOLITAN,PRIVATE_DRIVEWAY
0,0.0,0,0,4,TRUCK,PETROL,24562.37,2030,2,1,18,0,11000,PERSONAL,EXCELLENT,3,0,COMPREHENSIVE,1000,50,582.68,SUBURBAN,STREET_PARKING
0,0.0,0,0,7,SEDAN,DIESEL,15075.6,1960,3,1,62,42,13500,PERSONAL,EXCELLENT,2,1,COMPREHENSIVE,1000,25,480.11,URBAN,LOCKED_GARAGE
0,0.0,0,0,16,SUV,DIESEL,8638.03,1330,2,0,61,33,14000,PERSONAL,GOOD,0,1,COMPREHENSIVE,250,35,291.29,METROPOLITAN,STREET_PARKING
0,0.0,0,0,9,SUV,PETROL,14285.64,1980,5,1,60,20,10800,PERSONAL,EXCELLENT,0,0,THIRD_PARTY,500,25,250.0,SUBURBAN,PRIVATE_DRIVEWAY
0,0.0,0,0,6,SUV,HYBRID,20040.92,800,3,1,44,18,16600,COMMERCIAL,GOOD,0,1,ZERO_DEP_PREMIUM,1000,0,1087.23,SUBURBAN,STREET_PARKING
0,0.0,0,0,14,SUV,ELECTRIC,7443.19,1960,4,0,50,21,10600,PERSONAL,GOOD,1,0,THIRD_PARTY,500,0,250.0,METROPOLITAN,PRIVATE_DRIVEWAY
0,0.0,0,0,16,HATCHBACK,DIESEL,4000.0,800,4,0,44,23,23400,PERSONAL,POOR,0,0,COMPREHENSIVE,2000,20,250.0,URBAN,PRIVATE_DRIVEWAY
0,0.0,0,0,17,SUV,PETROL,8731.93,2200,2,0,47,28,17100,RIDESHARE,EXCELLENT,1,1,THIRD_PARTY,250,0,250.0,SUBURBAN,PRIVATE_DRIVEWAY
0,0.0,0,0,5,SEDAN,PETROL,17481.04,1580,2,1,61,23,5300,PERSONAL,EXCELLENT,0,1,COMPREHENSIVE,500,20,590.39,METROPOLITAN,LOCKED_GARAGE
0,0.0,0,0,13,TRUCK,DIESEL,10397.74,2590,3,1,18,0,16600,RIDESHARE,EXCELLENT,0,0,ZERO_DEP_PREMIUM,250,20,673.38,URBAN,STREET_PARKING
1,2899.16,0,21,11,LUXURY_COUPE,PETROL,25588.35,2650,1,1,48,22,13600,COMMUTE,POOR,1,0,COMPREHENSIVE,1000,0,1032.14,URBAN,PRIVATE_DRIVEWAY
1,3557.44,0,28,8,SUV,DIESEL,18166.65,800,4,0,30,11,2000,COMMUTE,GOOD,5,1,THIRD_PARTY,250,25,415.09,METROPOLITAN,STREET_PARKING
0,0.0,0,0,7,SUV,PETROL,20257.16,2490,5,1,26,4,23900,COMMERCIAL,GOOD,2,0,THIRD_PARTY,250,35,403.5,URBAN,STREET_PARKING
0,0.0,0,0,2,SEDAN,PETROL,16413.85,1820,5,1,40,18,7400,PERSONAL,POOR,2,0,THIRD_PARTY,500,50,250.0,RURAL,PRIVATE_DRIVEWAY
0,0.0,0,0,5,SEDAN,PETROL,16884.88,2090,5,1,24,6,14700,PERSONAL,EXCELLENT,2,0,COMPREHENSIVE,500,45,409.32,SUBURBAN,STREET_PARKING
1,2635.82,0,21,10,SUV,DIESEL,12368.72,1080,5,0,24,4,16500,PERSONAL,FAIR,6,0,COMPREHENSIVE,1000,0,500.03,SUBURBAN,LOCKED_GARAGE
1,1266.32,0,9,16,COMMERCIAL_VAN,PETROL,8113.24,1760,2,1,19,1,14100,PERSONAL,GOOD,1,0,COMPREHENSIVE,500,20,250.0,SUBURBAN,LOCKED_GARAGE
0,0.0,0,0,16,HATCHBACK,CNG,4000.0,800,5,0,35,14,19100,COMMERCIAL,EXCELLENT,2,0,COMPREHENSIVE,500,50,250.0,SUBURBAN,PRIVATE_DRIVEWAY
0,0.0,0,0,3,SUV,PETROL,22551.33,1700,5,0,49,13,19700,PERSONAL,GOOD,0,0,COMPREHENSIVE,250,45,586.93,URBAN,LOCKED_GARAGE
0,0.0,0,0,12,LUXURY_COUPE,CNG,22025.64,1890,1,1,54,26,15200,PERSONAL,GOOD,0,2,ZERO_DEP_PREMIUM,250,0,1188.5,URBAN,PRIVATE_DRIVEWAY
0,0.0,0,0,1,SUV,PETROL,30056.73,4500,2,1,70,33,7800,PERSONAL,EXCELLENT,1,0,COMPREHENSIVE,250,20,950.38,URBAN,PRIVATE_DRIVEWAY
0,0.0,0,0,12,SEDAN,PETROL,7573.12,1990,1,0,36,8,14700,RIDESHARE,GOOD,2,0,COMPREHENSIVE,1000,0,538.37,METROPOLITAN,PRIVATE_DRIVEWAY
0,0.0,0,0,6,SUV,CNG,19143.17,2470,2,1,53,33,21600,COMMERCIAL,FAIR,2,0,ZERO_DEP_PREMIUM,2000,0,1221.47,URBAN,PRIVATE_DRIVEWAY
0,0.0,0,0,8,SEDAN,DIESEL,12619.85,1440,4,0,45,19,13100,RIDESHARE,GOOD,0,0,THIRD_PARTY,250,45,250.0,RURAL,PRIVATE_DRIVEWAY
0,0.0,0,0,13,COMMERCIAL_VAN,DIESEL,8854.71,1860,5,1,44,24,4500,COMMUTE,GOOD,2,1,THIRD_PARTY,250,0,250.0,METROPOLITAN,PRIVATE_DRIVEWAY
0,0.0,0,0,8,SUV,DIESEL,20426.75,2190,5,1,47,16,21400,RIDESHARE,POOR,1,0,ZERO_DEP_PREMIUM,250,0,1754.6,METROPOLITAN,PRIVATE_DRIVEWAY
0,0.0,0,0,15,HATCHBACK,PETROL,4000.0,900,3,0,53,21,11000,PERSONAL,FAIR,1,0,COMPREHENSIVE,500,20,250.0,SUBURBAN,LOCKED_GARAGE
0,0.0,0,0,10,SUV,ELECTRIC,13364.25,1160,5,0,49,31,19700,PERSONAL,FAIR,0,0,COMPREHENSIVE,500,35,301.81,RURAL,STREET_PARKING
0,0.0,0,0,18,COMMERCIAL_VAN,PETROL,6287.64,2230,1,0,36,13,10400,PERSONAL,FAIR,0,0,ZERO_DEP_PREMIUM,1000,0,310.48,URBAN,PRIVATE_DRIVEWAY
0,0.0,0,0,12,HATCHBACK,ELECTRIC,4000.0,1460,3,0,50,20,17300,COMMERCIAL,POOR,0,0,COMPREHENSIVE,250,45,250.0,METROPOLITAN,LOCKED_GARAGE
0,0.0,0,0,5,SUV,CNG,24099.17,1110,4,1,33,13,12300,PERSONAL,GOOD,2,0,ZERO_DEP_PREMIUM,250,45,984.1,METROPOLITAN,LOCKED_GARAGE
1,6023.51,0,5,14,SEDAN,HYBRID,6023.51,1190,5,0,50,14,10000,COMMERCIAL,EXCELLENT,0,0,COMPREHENSIVE,250,35,256.06,URBAN,STREET_PARKING
0,0.0,0,0,7,COMMERCIAL_VAN,ELECTRIC,16479.05,810,5,0,44,22,17200,PERSONAL,POOR,0,0,ZERO_DEP_PREMIUM,250,45,482.81,RURAL,PRIVATE_DRIVEWAY
1,4640.26,0,16,10,HATCHBACK,DIESEL,6492.98,800,3,0,18,0,8800,PERSONAL,GOOD,2,2,COMPREHENSIVE,2000,25,250.0,SUBURBAN,LOCKED_GARAGE
0,0.0,0,0,2,SUV,DIESEL,27884.59,800,3,1,40,9,2700,COMMERCIAL,GOOD,1,0,COMPREHENSIVE,1000,0,1068.41,SUBURBAN,STREET_PARKING
0,0.0,0,0,2,COMMERCIAL_VAN,PETROL,29001.33,1630,3,1,55,37,18700,RIDESHARE,GOOD,0,1,ZERO_DEP_PREMIUM,2000,20,1789.66,URBAN,PRIVATE_DRIVEWAY
0,0.0,0,0,10,SEDAN,HYBRID,10928.9,2040,5,0,40,11,10200,PERSONAL,FAIR,3,0,COMPREHENSIVE,500,35,287.1,SUBURBAN,PRIVATE_DRIVEWAY
0,0.0,0,0,3,SUV,DIESEL,19453.62,3240,4,1,45,25,15800,PERSONAL,EXCELLENT,2,0,COMPREHENSIVE,500,20,848.28,METROPOLITAN,PRIVATE_DRIVEWAY
0,0.0,0,0,18,HATCHBACK,PETROL,4000.0,1570,3,1,35,12,15600,PERSONAL,GOOD,1,0,ZERO_DEP_PREMIUM,500,35,250.0,SUBURBAN,PRIVATE_DRIVEWAY
1,2570.29,0,34,16,SUV,ELECTRIC,8242.11,800,4,1,38,10,18400,PERSONAL,GOOD,3,0,COMPREHENSIVE,500,50,250.0,SUBURBAN,STREET_PARKING
0,0.0,0,0,13,SUV,PETROL,8538.48,1580,1,0,55,26,19800,COMMUTE,GOOD,1,0,COMPREHENSIVE,500,20,294.69,URBAN,PRIVATE_DRIVEWAY
0,0.0,0,0,13,SEDAN,HYBRID,5891.19,2060,3,0,36,9,17200,PERSONAL,POOR,1,1,COMPREHENSIVE,1000,35,250.0,SUBURBAN,STREET_PARKING
0,0.0,0,0,11,SEDAN,HYBRID,8723.11,2270,1,1,26,4,18000,PERSONAL,GOOD,0,1,ZERO_DEP_PREMIUM,250,45,301.21,URBAN,STREET_PARKING
0,0.0,0,0,1,SEDAN,PETROL,19533.25,2210,4,1,18,0,19900,PERSONAL,EXCELLENT,1,2,THIRD_PARTY,500,20,250.7,SUBURBAN,STREET_PARKING
0,0.0,0,0,7,SEDAN,PETROL,12008.68,1970,3,1,31,9,10500,COMMUTE,GOOD,1,0,THIRD_PARTY,250,25,250.0,URBAN,LOCKED_GARAGE
0,0.0,0,0,9,LUXURY_COUPE,DIESEL,30036.99,2560,2,0,27,7,10000,PERSONAL,GOOD,1,0,COMPREHENSIVE,250,35,1093.06,METROPOLITAN,PRIVATE_DRIVEWAY
0,0.0,0,0,17,HATCHBACK,PETROL,4000.0,2080,5,0,21,2,17900,PERSONAL,GOOD,3,0,COMPREHENSIVE,500,20,250.0,SUBURBAN,STREET_PARKING
0,0.0,0,0,4,SUV,CNG,28993.24,830,4,1,27,5,2900,PERSONAL,EXCELLENT,0,0,THIRD_PARTY,500,45,375.38,METROPOLITAN,PRIVATE_DRIVEWAY
0,0.0,0,0,9,SUV,PETROL,16268.41,800,5,1,28,7,5700,PERSONAL,POOR,0,1,COMPREHENSIVE,250,20,625.36,METROPOLITAN,PRIVATE_DRIVEWAY
0,0.0,0,0,6,HATCHBACK,PETROL,11915.8,2960,5,0,27,6,3100,PERSONAL,POOR,1,0,COMPREHENSIVE,250,45,317.23,URBAN,STREET_PARKING
0,0.0,0,0,2,SEDAN,PETROL,20451.88,1570,5,1,61,39,21200,PERSONAL,GOOD,2,0,ZERO_DEP_PREMIUM,250,20,970.2,URBAN,PRIVATE_DRIVEWAY
0,0.0,0,0,1,SEDAN,ELECTRIC,22259.21,1950,5,0,19,0,21000,COMMUTE,GOOD,0,0,COMPREHENSIVE,500,20,681.3,URBAN,PRIVATE_DRIVEWAY
0,0.0,0,0,6,HATCHBACK,DIESEL,8185.06,800,3,0,50,15,19400,PERSONAL,EXCELLENT,0,2,ZERO_DEP_PREMIUM,1000,50,250.0,SUBURBAN,PRIVATE_DRIVEWAY
0,0.0,0,0,1,SUV,HYBRID,29448.16,2600,3,1,49,22,14300,PERSONAL,GOOD,1,1,COMPREHENSIVE,250,45,711.37,RURAL,PRIVATE_DRIVEWAY
0,0.0,0,0,1,HATCHBACK,CNG,13345.4,2350,3,0,51,25,11100,PERSONAL,EXCELLENT,3,0,COMPREHENSIVE,1000,50,332.25,SUBURBAN,STREET_PARKING
0,0.0,0,0,6,COMMERCIAL_VAN,DIESEL,18562.96,800,2,0,41,13,12500,PERSONAL,EXCELLENT,1,1,ZERO_DEP_PREMIUM,2000,0,1004.78,METROPOLITAN,STREET_PARKING
0,0.0,0,0,3,TRUCK,PETROL,29960.22,2090,3,1,60,22,16500,PERSONAL,FAIR,1,0,COMPREHENSIVE,500,25,1144.58,METROPOLITAN,LOCKED_GARAGE
0,0.0,0,0,10,SEDAN,PETROL,10399.14,1770,5,1,42,22,18500,PERSONAL,EXCELLENT,1,0,COMPREHENSIVE,500,0,358.86,SUBURBAN,STREET_PARKING
0,0.0,0,0,0,SEDAN,HYBRID,23160.97,800,3,0,39,11,6800,PERSONAL,EXCELLENT,1,0,COMPREHENSIVE,250,25,639.53,SUBURBAN,LOCKED_GARAGE
0,0.0,0,0,5,SEDAN,PETROL,13391.09,1920,3,1,58,32,18600,COMMUTE,POOR,1,2,ZERO_DEP_PREMIUM,500,20,538.62,RURAL,LOCKED_GARAGE
0,0.0,0,0,8,TRUCK,HYBRID,22004.56,2980,5,0,40,18,21000,PERSONAL,POOR,0,0,COMPREHENSIVE,1000,0,807.2,METROPOLITAN,LOCKED_GARAGE
0,0.0,0,0,18,COMMERCIAL_VAN,HYBRID,7997.71,1810,1,0,20,1,19300,COMMUTE,EXCELLENT,2,0,COMPREHENSIVE,250,0,357.16,URBAN,PRIVATE_DRIVEWAY
1,2459.01,0,22,12,COMMERCIAL_VAN,DIESEL,9477.5,800,3,0,49,20,4300,RIDESHARE,GOOD,0,1,COMPREHENSIVE,500,0,463.05,RURAL,STREET_PARKING
0,0.0,0,0,16,SUV,DIESEL,7335.76,930,3,0,57,35,18800,PERSONAL,FAIR,1,0,ZERO_DEP_PREMIUM,250,25,250.0,RURAL,LOCKED_GARAGE
0,0.0,0,0,6,TRUCK,CNG,26808.78,2220,2,1,46,19,13500,PERSONAL,EXCELLENT,1,0,COMPREHENSIVE,1000,0,1022.61,URBAN,PRIVATE_DRIVEWAY
0,0.0,0,0,8,HATCHBACK,ELECTRIC,5419.24,1440,4,1,37,9,24100,COMMUTE,GOOD,1,1,ZERO_DEP_PREMIUM,250,20,250.0,SUBURBAN,PRIVATE_DRIVEWAY
0,0.0,0,0,7,TRUCK,DIESEL,23375.85,2150,2,1,46,11,13200,PERSONAL,POOR,0,0,ZERO_DEP_PREMIUM,500,25,1035.4,URBAN,LOCKED_GARAGE
0,0.0,0,0,16,HATCHBACK,PETROL,4186.46,1430,4,1,52,32,21200,COMMERCIAL,GOOD,0,0,COMPREHENSIVE,1000,0,250.0,METROPOLITAN,LOCKED_GARAGE
0,0.0,0,0,18,SEDAN,DIESEL,4000.0,800,2,1,28,9,23500,COMMUTE,POOR,4,0,ZERO_DEP_PREMIUM,500,20,250.0,SUBURBAN,STREET_PARKING
0,0.0,0,0,18,SEDAN,PETROL,6043.1,2120,1,0,18,0,19300,PERSONAL,GOOD,1,1,COMPREHENSIVE,500,20,250.0,METROPOLITAN,LOCKED_GARAGE
0,0.0,0,0,14,LUXURY_COUPE,CNG,17311.62,2910,1,1,40,12,10400,RIDESHARE,FAIR,0,1,THIRD_PARTY,500,0,342.97,SUBURBAN,STREET_PARKING
0,0.0,0,0,9,SUV,DIESEL,13371.23,1940,5,0,57,22,17100,PERSONAL,GOOD,0,1,THIRD_PARTY,2000,25,250.0,METROPOLITAN,PRIVATE_DRIVEWAY
0,0.0,0,0,10,SUV,ELECTRIC,15299.4,1880,3,0,26,6,8800,PERSONAL,EXCELLENT,0,0,COMPREHENSIVE,1000,25,476.18,METROPOLITAN,LOCKED_GARAGE
0,0.0,0,0,18,SUV,PETROL,8961.36,1420,4,1,24,6,10400,COMMUTE,GOOD,4,1,ZERO_DEP_PREMIUM,1000,35,483.86,METROPOLITAN,LOCKED_GARAGE
0,0.0,0,0,5,SUV,HYBRID,19924.3,1210,3,0,45,25,21600,RIDESHARE,FAIR,0,0,THIRD_PARTY,1000,0,464.56,URBAN,PRIVATE_DRIVEWAY
0,0.0,0,0,6,COMMERCIAL_VAN,PETROL,18394.17,940,3,0,39,12,14300,COMMUTE,POOR,1,0,THIRD_PARTY,250,50,250.0,RURAL,STREET_PARKING
1,5517.23,0,26,17,SEDAN,ELECTRIC,5517.23,2600,2,0,32,13,13100,COMMUTE,GOOD,1,1,ZERO_DEP_PREMIUM,250,50,250.0,METROPOLITAN,LOCKED_GARAGE
0,0.0,0,0,7,SEDAN,PETROL,15117.35,1590,2,1,58,25,24700,PERSONAL,GOOD,0,1,THIRD_PARTY,1000,0,251.2,METROPOLITAN,STREET_PARKING
0,0.0,0,0,4,TRUCK,HYBRID,27715.35,1220,5,1,33,8,23100,PERSONAL,POOR,0,0,ZERO_DEP_PREMIUM,500,50,955.73,URBAN,PRIVATE_DRIVEWAY
0,0.0,0,0,10,HATCHBACK,DIESEL,6268.18,1580,5,1,47,14,7000,PERSONAL,EXCELLENT,4,1,COMPREHENSIVE,500,0,294.98,URBAN,PRIVATE_DRIVEWAY
0,0.0,0,0,6,SEDAN,DIESEL,13563.94,800,2,0,54,27,14700,COMMERCIAL,GOOD,1,0,COMPREHENSIVE,250,45,427.11,SUBURBAN,PRIVATE_DRIVEWAY
0,0.0,0,0,16,SEDAN,PETROL,5516.21,1760,2,0,39,9,11500,PERSONAL,EXCELLENT,2,0,ZERO_DEP_PREMIUM,250,0,366.39,METROPOLITAN,STREET_PARKING
0,0.0,0,0,17,SEDAN,PETROL,6190.81,1690,3,1,54,27,12400,PERSONAL,FAIR,1,0,ZERO_DEP_PREMIUM,250,45,250.0,URBAN,STREET_PARKING
0,0.0,0,0,5,SEDAN,PETROL,16152.69,1250,4,1,51,14,20800,PERSONAL,GOOD,0,0,COMPREHENSIVE,1000,25,496.44,URBAN,PRIVATE_DRIVEWAY
0,0.0,0,0,10,SEDAN,PETROL,9475.34,990,5,1,45,14,18400,COMMERCIAL,POOR,0,0,COMPREHENSIVE,500,0,363.18,RURAL,STREET_PARKING
0,0.0,0,0,18,SEDAN,DIESEL,5478.38,1970,1,0,37,18,3700,PERSONAL,FAIR,1,1,COMPREHENSIVE,1000,20,250.0,METROPOLITAN,PRIVATE_DRIVEWAY
0,0.0,0,0,14,HATCHBACK,DIESEL,4000.0,1550,5,0,62,41,21300,PERSONAL,EXCELLENT,0,0,THIRD_PARTY,1000,0,250.0,URBAN,STREET_PARKING
0,0.0,0,0,4,TRUCK,PETROL,26103.15,1040,3,1,55,30,11000,PERSONAL,GOOD,2,2,COMPREHENSIVE,250,0,1387.34,METROPOLITAN,PRIVATE_DRIVEWAY
0,0.0,0,0,11,COMMERCIAL_VAN,DIESEL,13561.26,2380,2,1,52,16,16900,PERSONAL,EXCELLENT,0,0,THIRD_PARTY,250,35,250.0,URBAN,PRIVATE_DRIVEWAY
0,0.0,0,0,11,SUV,PETROL,15124.08,990,1,0,43,24,18500,PERSONAL,GOOD,1,1,COMPREHENSIVE,500,0,611.32,URBAN,LOCKED_GARAGE
0,0.0,0,0,12,SUV,PETROL,8541.0,800,2,1,34,9,18900,COMMERCIAL,EXCELLENT,1,0,COMPREHENSIVE,500,50,303.09,URBAN,PRIVATE_DRIVEWAY
1,1951.43,0,21,0,LUXURY_COUPE,HYBRID,69540.61,3380,2,1,18,0,10300,PERSONAL,EXCELLENT,3,0,COMPREHENSIVE,250,0,3209.67,METROPOLITAN,LOCKED_GARAGE
1,1020.93,0,9,5,HATCHBACK,PETROL,11196.18,2290,4,1,49,19,16900,COMMUTE,EXCELLENT,1,1,THIRD_PARTY,500,45,250.0,METROPOLITAN,LOCKED_GARAGE
0,0.0,0,0,16,HATCHBACK,DIESEL,4000.0,1330,3,0,37,9,19600,COMMUTE,POOR,1,0,COMPREHENSIVE,500,50,250.0,METROPOLITAN,LOCKED_GARAGE
0,0.0,0,0,4,SEDAN,CNG,16188.56,800,4,1,45,22,13200,COMMUTE,FAIR,2,0,THIRD_PARTY,250,35,250.0,URBAN,LOCKED_GARAGE
0,0.0,0,0,5,SUV,ELECTRIC,21593.5,1010,2,0,77,35,11100,PERSONAL,FAIR,0,0,ZERO_DEP_PREMIUM,500,20,812.02,SUBURBAN,LOCKED_GARAGE
0,0.0,0,0,6,HATCHBACK,DIESEL,11519.71,1320,3,1,60,32,7500,PERSONAL,POOR,0,0,COMPREHENSIVE,500,20,320.1,SUBURBAN,PRIVATE_DRIVEWAY
0,0.0,0,0,3,HATCHBACK,DIESEL,14008.06,2390,2,1,48,29,25800,PERSONAL,POOR,0,0,COMPREHENSIVE,250,0,549.07,URBAN,LOCKED_GARAGE
0,0.0,0,0,2,SEDAN,HYBRID,17415.6,2440,3,0,41,15,6200,RIDESHARE,EXCELLENT,0,0,COMPREHENSIVE,250,0,946.42,URBAN,PRIVATE_DRIVEWAY
1,24687.94,0,8,6,LUXURY_COUPE,HYBRID,35923.97,2610,4,0,53,21,8000,PERSONAL,FAIR,1,0,ZERO_DEP_PREMIUM,500,25,1497.37,URBAN,STREET_PARKING
0,0.0,0,0,16,HATCHBACK,PETROL,4000.0,2020,4,0,55,28,15500,PERSONAL,FAIR,0,1,COMPREHENSIVE,250,20,250.0,METROPOLITAN,LOCKED_GARAGE
0,0.0,0,0,0,HATCHBACK,DIESEL,14913.83,1460,3,0,37,15,7600,PERSONAL,EXCELLENT,3,0,COMPREHENSIVE,500,50,419.49,URBAN,PRIVATE_DRIVEWAY
0,0.0,0,0,5,SEDAN,HYBRID,18331.0,1030,5,1,38,15,25700,COMMERCIAL,EXCELLENT,1,0,ZERO_DEP_PREMIUM,1000,50,797.13,SUBURBAN,LOCKED_GARAGE
0,0.0,0,0,1,HATCHBACK,ELECTRIC,11548.61,800,3,1,45,12,6100,PERSONAL,EXCELLENT,0,0,COMPREHENSIVE,500,25,377.85,URBAN,PRIVATE_DRIVEWAY
0,0.0,0,0,10,HATCHBACK,PETROL,6847.0,1810,5,1,31,5,15200,RIDESHARE,GOOD,0,0,ZERO_DEP_PREMIUM,250,20,389.77,SUBURBAN,PRIVATE_DRIVEWAY
0,0.0,0,0,4,SEDAN,PETROL,15653.16,2190,4,0,32,13,20000,PERSONAL,FAIR,0,0,THIRD_PARTY,250,25,250.0,SUBURBAN,PRIVATE_DRIVEWAY
0,0.0,0,0,15,HATCHBACK,DIESEL,4000.0,1270,2,1,26,4,6200,PERSONAL,GOOD,1,0,THIRD_PARTY,1000,0,250.0,SUBURBAN,LOCKED_GARAGE
0,0.0,0,0,11,HATCHBACK,PETROL,5505.37,2370,4,1,66,20,8800,COMMUTE,EXCELLENT,0,0,THIRD_PARTY,500,25,250.0,METROPOLITAN,STREET_PARKING
0,0.0,0,0,14,TRUCK,DIESEL,11666.7,2050,4,1,23,4,14800,PERSONAL,POOR,1,0,COMPREHENSIVE,500,35,369.14,URBAN,PRIVATE_DRIVEWAY
1,2921.74,0,17,12,SEDAN,DIESEL,7881.58,1650,5,0,24,3,9800,COMMERCIAL,FAIR,2,0,THIRD_PARTY,1000,0,250.0,SUBURBAN,PRIVATE_DRIVEWAY
0,0.0,0,0,8,COMMERCIAL_VAN,PETROL,16166.99,1460,2,0,18,0,16800,COMMERCIAL,GOOD,1,0,ZERO_DEP_PREMIUM,250,25,1162.89,METROPOLITAN,STREET_PARKING
0,0.0,0,0,16,SUV,PETROL,8132.42,2400,5,0,51,27,12600,COMMERCIAL,POOR,0,0,THIRD_PARTY,1000,0,250.0,SUBURBAN,PRIVATE_DRIVEWAY
0,0.0,0,0,9,SEDAN,HYBRID,10975.99,1920,5,1,29,11,14700,PERSONAL,EXCELLENT,1,0,COMPREHENSIVE,2000,0,434.79,URBAN,PRIVATE_DRIVEWAY
1,1218.78,0,3,18,SEDAN,HYBRID,4738.07,1560,1,0,53,31,18500,PERSONAL,GOOD,1,1,COMPREHENSIVE,500,45,250.0,SUBURBAN,STREET_PARKING
0,0.0,0,0,18,SEDAN,HYBRID,6770.43,1650,3,0,41,14,8300,COMMUTE,EXCELLENT,2,0,THIRD_PARTY,1000,50,250.0,RURAL,PRIVATE_DRIVEWAY
0,0.0,0,0,11,SUV,CNG,15064.94,830,3,0,60,34,14100,COMMUTE,EXCELLENT,0,0,ZERO_DEP_PREMIUM,500,25,556.98,SUBURBAN,STREET_PARKING
0,0.0,0,0,12,SUV,CNG,10649.82,800,4,1,30,8,12500,COMMUTE,GOOD,1,0,COMPREHENSIVE,1000,50,250.0,SUBURBAN,LOCKED_GARAGE
0,0.0,0,0,4,HATCHBACK,DIESEL,11837.12,1250,5,1,43,14,8100,PERSONAL,GOOD,3,1,ZERO_DEP_PREMIUM,250,0,855.2,METROPOLITAN,STREET_PARKING
0,0.0,0,0,15,SEDAN,PETROL,6853.94,1470,4,0,58,29,19300,PERSONAL,POOR,2,1,COMPREHENSIVE,1000,25,250.0,SUBURBAN,LOCKED_GARAGE
0,0.0,0,0,12,LUXURY_COUPE,ELECTRIC,25380.25,2850,3,1,59,39,3200,RIDESHARE,FAIR,2,0,COMPREHENSIVE,2000,20,869.0,RURAL,PRIVATE_DRIVEWAY
0,0.0,0,0,17,SEDAN,DIESEL,5297.12,1490,4,1,57,16,5200,PERSONAL,GOOD,0,0,ZERO_DEP_PREMIUM,250,25,263.73,METROPOLITAN,PRIVATE_DRIVEWAY
0,0.0,0,0,5,HATCHBACK,PETROL,10042.87,1300,4,0,50,31,18400,COMMUTE,GOOD,0,0,COMPREHENSIVE,500,20,301.38,SUBURBAN,PRIVATE_DRIVEWAY
0,0.0,0,0,14,COMMERCIAL_VAN,CNG,5954.22,800,2,0,42,13,4900,COMMUTE,POOR,2,2,COMPREHENSIVE,2000,20,250.0,SUBURBAN,PRIVATE_DRIVEWAY
0,0.0,0,0,8,TRUCK,PETROL,23258.46,2640,4,0,50,14,25100,PERSONAL,GOOD,3,0,ZERO_DEP_PREMIUM,1000,0,1333.88,URBAN,STREET_PARKING
0,0.0,0,0,3,HATCHBACK,CNG,13433.46,1740,5,1,24,6,4500,RIDESHARE,GOOD,0,0,THIRD_PARTY,1000,0,302.21,SUBURBAN,LOCKED_GARAGE
0,0.0,0,0,3,HATCHBACK,DIESEL,13443.09,2130,2,0,37,9,23900,PERSONAL,FAIR,0,0,ZERO_DEP_PREMIUM,1000,25,546.84,METROPOLITAN,PRIVATE_DRIVEWAY
0,0.0,0,0,10,SEDAN,PETROL,10732.84,1620,5,1,62,43,19900,RIDESHARE,EXCELLENT,1,0,COMPREHENSIVE,250,35,399.51,SUBURBAN,LOCKED_GARAGE
0,0.0,0,0,6,SEDAN,HYBRID,15363.23,2350,4,1,55,28,3600,COMMERCIAL,POOR,1,0,COMPREHENSIVE,500,35,664.93,METROPOLITAN,LOCKED_GARAGE
0,0.0,0,0,1,SUV,ELECTRIC,26619.14,1240,5,1,25,6,14200,PERSONAL,FAIR,4,1,COMPREHENSIVE,250,0,1369.59,METROPOLITAN,LOCKED_GARAGE
0,0.0,0,0,8,SEDAN,DIESEL,12792.66,1570,5,1,47,23,4800,RIDESHARE,EXCELLENT,1,1,COMPREHENSIVE,1000,45,389.09,RURAL,LOCKED_GARAGE
0,0.0,0,0,12,SUV,DIESEL,10055.3,1760,3,0,29,5,8600,PERSONAL,EXCELLENT,4,0,ZERO_DEP_PREMIUM,500,25,440.85,SUBURBAN,STREET_PARKING
0,0.0,0,0,6,SEDAN,PETROL,15668.94,2030,5,1,38,17,10900,PERSONAL,GOOD,0,0,ZERO_DEP_PREMIUM,1000,45,585.23,URBAN,LOCKED_GARAGE
1,2261.66,0,18,18,COMMERCIAL_VAN,PETROL,6812.52,1870,3,1,63,38,2000,PERSONAL,FAIR,1,0,THIRD_PARTY,1000,0,250.0,METROPOLITAN,STREET_PARKING
1,7966.93,0,29,14,COMMERCIAL_VAN,PETROL,7966.93,1910,4,1,18,0,9300,PERSONAL,POOR,0,1,COMPREHENSIVE,500,0,311.4,URBAN,LOCKED_GARAGE
1,6600.51,0,37,9,TRUCK,PETROL,22236.89,2470,2,0,24,3,12400,PERSONAL,FAIR,1,0,THIRD_PARTY,1000,25,380.01,METROPOLITAN,PRIVATE_DRIVEWAY
0,0.0,0,0,17,HATCHBACK,PETROL,4000.0,1470,4,1,44,16,12500,PERSONAL,GOOD,3,0,ZERO_DEP_PREMIUM,250,0,250.0,URBAN,PRIVATE_DRIVEWAY
0,0.0,0,0,8,SEDAN,DIESEL,12805.59,2190,5,1,49,13,4800,PERSONAL,EXCELLENT,3,1,ZERO_DEP_PREMIUM,500,25,671.51,URBAN,LOCKED_GARAGE
0,0.0,0,0,2,SEDAN,PETROL,21725.25,800,5,1,38,8,10800,COMMUTE,GOOD,0,0,COMPREHENSIVE,500,50,479.84,SUBURBAN,PRIVATE_DRIVEWAY
0,0.0,0,0,0,HATCHBACK,DIESEL,16974.16,1190,5,1,58,36,15100,COMMUTE,FAIR,0,0,ZERO_DEP_PREMIUM,250,20,613.25,RURAL,LOCKED_GARAGE
0,0.0,0,0,17,HATCHBACK,PETROL,4000.0,2630,5,0,39,19,18700,COMMERCIAL,EXCELLENT,1,0,ZERO_DEP_PREMIUM,250,25,250.0,URBAN,LOCKED_GARAGE
0,0.0,0,0,18,SUV,PETROL,8500.18,1160,2,1,46,19,30300,COMMERCIAL,GOOD,1,0,THIRD_PARTY,2000,20,250.0,URBAN,STREET_PARKING
0,0.0,0,0,14,SUV,CNG,9450.78,1550,5,0,43,17,21200,COMMERCIAL,GOOD,0,0,THIRD_PARTY,1000,45,250.0,METROPOLITAN,STREET_PARKING
0,0.0,0,0,1,SUV,CNG,32668.72,2500,3,0,38,12,8000,COMMUTE,EXCELLENT,0,0,ZERO_DEP_PREMIUM,1000,0,1468.39,URBAN,PRIVATE_DRIVEWAY
0,0.0,0,0,5,SEDAN,HYBRID,12117.45,1520,5,1,52,17,10500,COMMERCIAL,POOR,0,1,THIRD_PARTY,1000,20,251.49,URBAN,LOCKED_GARAGE
0,0.0,0,0,0,SUV,PETROL,29252.02,1060,5,1,31,10,16400,COMMERCIAL,EXCELLENT,2,0,ZERO_DEP_PREMIUM,500,45,1376.67,SUBURBAN,STREET_PARKING
0,0.0,0,0,0,SUV,DIESEL,34884.0,2380,5,0,60,25,22200,COMMERCIAL,FAIR,0,0,COMPREHENSIVE,250,25,1533.02,URBAN,PRIVATE_DRIVEWAY
0,0.0,0,0,4,HATCHBACK,PETROL,10395.61,1410,5,1,56,22,25300,PERSONAL,FAIR,1,0,ZERO_DEP_PREMIUM,250,45,375.73,URBAN,PRIVATE_DRIVEWAY
0,0.0,0,0,10,LUXURY_COUPE,DIESEL,34305.64,2360,4,0,56,17,2700,COMMERCIAL,GOOD,1,1,THIRD_PARTY,2000,35,553.54,URBAN,LOCKED_GARAGE
0,0.0,0,0,1,HATCHBACK,HYBRID,16179.64,800,5,0,74,41,20400,COMMUTE,EXCELLENT,0,0,THIRD_PARTY,250,45,250.0,METROPOLITAN,PRIVATE_DRIVEWAY
0,0.0,0,0,18,HATCHBACK,PETROL,4000.0,1520,1,0,48,30,5600,PERSONAL,POOR,2,0,THIRD_PARTY,250,20,250.0,RURAL,LOCKED_GARAGE
0,0.0,0,0,8,TRUCK,CNG,18643.4,2740,2,0,44,25,12200,COMMUTE,GOOD,1,0,COMPREHENSIVE,500,45,646.44,METROPOLITAN,LOCKED_GARAGE
0,0.0,0,0,5,SEDAN,DIESEL,15258.7,1320,5,0,49,16,20300,COMMERCIAL,POOR,1,0,ZERO_DEP_PREMIUM,500,35,676.83,SUBURBAN,PRIVATE_DRIVEWAY
0,0.0,0,0,9,HATCHBACK,PETROL,6714.59,800,2,1,36,12,8600,PERSONAL,EXCELLENT,2,0,THIRD_PARTY,500,0,250.0,URBAN,STREET_PARKING
0,0.0,0,0,15,SUV,PETROL,9474.64,1290,1,0,41,16,10900,PERSONAL,GOOD,0,0,COMPREHENSIVE,2000,0,250.0,RURAL,PRIVATE_DRIVEWAY
0,0.0,0,0,5,HATCHBACK,HYBRID,8888.96,1200,2,1,30,7,26500,COMMUTE,GOOD,1,0,ZERO_DEP_PREMIUM,500,35,323.28,URBAN,STREET_PARKING
0,0.0,0,0,0,SEDAN,DIESEL,23960.02,1440,5,1,61,24,24500,PERSONAL,EXCELLENT,0,0,ZERO_DEP_PREMIUM,250,45,796.14,SUBURBAN,PRIVATE_DRIVEWAY
0,0.0,0,0,0,COMMERCIAL_VAN,PETROL,34996.22,1260,5,1,28,8,17000,COMMUTE,EXCELLENT,1,1,ZERO_DEP_PREMIUM,500,25,1402.65,SUBURBAN,LOCKED_GARAGE
0,0.0,0,0,16,LUXURY_COUPE,PETROL,17847.48,3580,2,0,31,8,2000,RIDESHARE,GOOD,0,0,ZERO_DEP_PREMIUM,250,20,876.61,RURAL,LOCKED_GARAGE
0,0.0,0,0,2,SEDAN,CNG,20605.5,1800,3,1,39,18,3300,PERSONAL,GOOD,1,0,THIRD_PARTY,250,35,250.0,RURAL,LOCKED_GARAGE
0,0.0,0,0,12,SEDAN,PETROL,7334.4,800,3,1,27,4,14800,PERSONAL,GOOD,1,0,THIRD_PARTY,250,25,250.0,RURAL,STREET_PARKING
0,0.0,0,0,7,SEDAN,CNG,16532.0,1650,4,1,33,14,17000,RIDESHARE,FAIR,2,0,COMPREHENSIVE,500,45,895.6,METROPOLITAN,PRIVATE_DRIVEWAY
0,0.0,0,0,14,TRUCK,DIESEL,9220.41,2270,4,1,37,16,15700,COMMERCIAL,EXCELLENT,1,0,THIRD_PARTY,1000,45,250.0,RURAL,STREET_PARKING
0,0.0,0,0,1,HATCHBACK,PETROL,14735.5,2380,3,1,53,21,7300,PERSONAL,EXCELLENT,0,0,ZERO_DEP_PREMIUM,500,35,610.8,URBAN,PRIVATE_DRIVEWAY
1,3277.94,0,15,17,SEDAN,PETROL,5395.23,1500,1,0,22,3,13600,PERSONAL,POOR,0,0,THIRD_PARTY,500,35,250.0,URBAN,PRIVATE_DRIVEWAY
1,2803.49,0,27,13,TRUCK,ELECTRIC,8436.52,2180,4,0,35,13,20700,COMMUTE,EXCELLENT,0,0,THIRD_PARTY,500,50,250.0,URBAN,STREET_PARKING
0,0.0,0,0,8,SUV,PETROL,17340.16,2810,2,0,46,16,12900,PERSONAL,GOOD,0,1,COMPREHENSIVE,250,0,682.46,URBAN,STREET_PARKING
0,0.0,0,0,3,SUV,PETROL,26218.89,910,5,1,49,19,8100,COMMUTE,GOOD,0,1,ZERO_DEP_PREMIUM,500,0,1269.71,SUBURBAN,PRIVATE_DRIVEWAY
0,0.0,0,0,18,SUV,PETROL,7862.34,2120,2,0,78,44,14500,RIDESHARE,GOOD,2,1,THIRD_PARTY,2000,45,250.0,SUBURBAN,LOCKED_GARAGE
0,0.0,0,0,5,HATCHBACK,HYBRID,9345.74,1640,5,1,62,31,17100,PERSONAL,POOR,1,0,COMPREHENSIVE,250,20,266.05,RURAL,PRIVATE_DRIVEWAY
0,0.0,0,0,9,SUV,DIESEL,17373.49,1270,5,1,65,25,11700,COMMERCIAL,EXCELLENT,0,0,COMPREHENSIVE,2000,20,714.65,URBAN,LOCKED_GARAGE
1,4664.5,0,17,7,SEDAN,DIESEL,14726.74,1180,4,1,21,3,16000,RIDESHARE,GOOD,1,0,COMPREHENSIVE,250,0,686.15,RURAL,LOCKED_GARAGE
0,0.0,0,0,4,SUV,PETROL,24044.01,2480,5,0,47,28,12800,PERSONAL,POOR,0,0,COMPREHENSIVE,250,0,837.6,URBAN,STREET_PARKING
0,0.0,0,0,7,COMMERCIAL_VAN,DIESEL,17754.33,1900,2,0,51,27,4600,RIDESHARE,GOOD,0,2,THIRD_PARTY,250,0,393.69,SUBURBAN,LOCKED_GARAGE
0,0.0,0,0,2,HATCHBACK,ELECTRIC,10889.01,1990,3,0,25,5,11900,PERSONAL,POOR,4,0,THIRD_PARTY,500,35,250.0,METROPOLITAN,PRIVATE_DRIVEWAY
0,0.0,0,0,0,COMMERCIAL_VAN,PETROL,30915.7,2180,5,1,39,17,20500,PERSONAL,FAIR,1,1,THIRD_PARTY,500,20,340.52,RURAL,LOCKED_GARAGE
0,0.0,0,0,5,HATCHBACK,CNG,11828.31,1820,5,1,53,19,11500,COMMUTE,GOOD,3,0,THIRD_PARTY,500,35,250.0,SUBURBAN,PRIVATE_DRIVEWAY
0,0.0,0,0,2,HATCHBACK,HYBRID,14521.31,910,4,0,54,20,27100,PERSONAL,POOR,1,1,ZERO_DEP_PREMIUM,500,50,406.12,RURAL,LOCKED_GARAGE
0,0.0,0,0,7,SUV,PETROL,18265.05,800,5,0,60,17,2000,RIDESHARE,GOOD,3,1,COMPREHENSIVE,500,0,1031.03,SUBURBAN,PRIVATE_DRIVEWAY
