vehicle_age,vehicle_type,fuel_type,usage_type,vehicle_value,driver_age,annual_mileage,credit_score_tier,previous_claims_count,coverage_tier,deductible_amount,annual_premium,claim_filed,claim_amount
1,SEDAN,DIESEL,PERSONAL,17256.4,35,10288,FAIR,1,THIRD_PARTY,500.0,250.0,0,0.0
6,COMMERCIAL_VAN,ELECTRIC,COMMERCIAL,25278.75,51,5887,POOR,0,THIRD_PARTY,1000.0,426.58,0,0.0
6,HATCHBACK,PETROL,PERSONAL,12522.78,38,20089,FAIR,0,COMPREHENSIVE,1000.0,356.9,0,0.0
0,SUV,PETROL,PERSONAL,41712.58,18,15622,GOOD,1,ZERO_DEP_PREMIUM,1000.0,1824.93,0,0.0
10,SEDAN,DIESEL,PERSONAL,8677.58,62,14845,POOR,0,ZERO_DEP_PREMIUM,500.0,303.72,0,0.0
13,SEDAN,HYBRID,PERSONAL,7238.08,40,10481,FAIR,1,ZERO_DEP_PREMIUM,1000.0,253.33,0,0.0
12,SEDAN,PETROL,PERSONAL,11601.07,51,14287,GOOD,1,COMPREHENSIVE,500.0,330.63,0,0.0
15,TRUCK,PETROL,PERSONAL,9161.61,53,17076,EXCELLENT,0,ZERO_DEP_PREMIUM,1000.0,320.66,0,0.0
15,SUV,DIESEL,PERSONAL,9562.5,26,15463,GOOD,0,COMPREHENSIVE,1000.0,272.53,1,1206.04
4,HATCHBACK,HYBRID,PERSONAL,10756.04,25,9737,FAIR,0,ZERO_DEP_PREMIUM,2000.0,376.46,0,0.0
2,SEDAN,ELECTRIC,PERSONAL,26651.02,75,19440,EXCELLENT,0,THIRD_PARTY,250.0,383.11,0,0.0
8,COMMERCIAL_VAN,CNG,PERSONAL,23358.64,67,13061,GOOD,0,THIRD_PARTY,250.0,291.98,0,0.0
8,HATCHBACK,PETROL,RIDESHARE,7061.96,47,15556,POOR,0,COMPREHENSIVE,500.0,301.9,0,0.0
6,SEDAN,PETROL,PERSONAL,17160.56,65,16282,GOOD,0,THIRD_PARTY,2000.0,250.0,0,0.0
11,SEDAN,DIESEL,COMMERCIAL,9990.6,53,22092,GOOD,0,THIRD_PARTY,250.0,250.0,1,1390.73
8,SEDAN,ELECTRIC,COMMERCIAL,10941.69,53,14365,POOR,0,THIRD_PARTY,500.0,250.0,0,0.0
11,SEDAN,PETROL,PERSONAL,8203.39,35,12264,EXCELLENT,0,ZERO_DEP_PREMIUM,500.0,287.12,0,0.0
1,SUV,PETROL,PERSONAL,35283.9,19,21111,POOR,0,ZERO_DEP_PREMIUM,500.0,1543.67,0,0.0
10,SUV,ELECTRIC,PERSONAL,11324.56,70,17485,FAIR,0,COMPREHENSIVE,250.0,371.16,0,0.0
9,SEDAN,PETROL,PERSONAL,14103.17,28,13877,GOOD,0,ZERO_DEP_PREMIUM,1000.0,493.61,0,0.0
7,SUV,PETROL,PERSONAL,13920.98,69,13593,EXCELLENT,1,ZERO_DEP_PREMIUM,250.0,560.32,0,0.0
9,SEDAN,DIESEL,COMMERCIAL,8524.9,73,3679,EXCELLENT,0,THIRD_PARTY,500.0,250.0,0,0.0
9,SEDAN,DIESEL,PERSONAL,10453.69,53,12106,GOOD,1,COMPREHENSIVE,250.0,297.93,0,0.0
9,SEDAN,ELECTRIC,COMMERCIAL,8708.06,48,6189,FAIR,0,ZERO_DEP_PREMIUM,1000.0,411.46,0,0.0
12,SUV,PETROL,PERSONAL,11992.1,48,3000,GOOD,0,ZERO_DEP_PREMIUM,1000.0,419.72,0,0.0
0,HATCHBACK,DIESEL,COMMERCIAL,15676.37,41,9818,FAIR,2,COMPREHENSIVE,1000.0,603.15,1,1087.59
2,SEDAN,DIESEL,PERSONAL,25950.12,63,6283,GOOD,0,COMPREHENSIVE,1000.0,739.58,0,0.0
15,SUV,DIESEL,PERSONAL,11959.82,38,10902,GOOD,0,ZERO_DEP_PREMIUM,2000.0,418.59,0,0.0
7,SUV,DIESEL,PERSONAL,22835.5,49,13886,POOR,0,COMPREHENSIVE,500.0,650.81,0,0.0
10,SEDAN,PETROL,PERSONAL,8359.19,66,14791,FAIR,0,THIRD_PARTY,1000.0,250.0,0,0.0
15,SUV,PETROL,PERSONAL,11852.76,47,12008,POOR,0,COMPREHENSIVE,500.0,337.8,0,0.0
7,SEDAN,PETROL,RIDESHARE,13093.09,74,6700,EXCELLENT,0,COMPREHENSIVE,500.0,643.69,0,0.0
13,SEDAN,PETROL,PERSONAL,7873.41,25,11954,FAIR,0,THIRD_PARTY,250.0,250.0,0,0.0
9,TRUCK,DIESEL,RIDESHARE,18736.71,50,7704,GOOD,1,COMPREHENSIVE,500.0,800.99,0,0.0
7,COMMERCIAL_VAN,ELECTRIC,PERSONAL,17602.2,77,18815,POOR,1,COMPREHENSIVE,500.0,576.91,0,0.0
10,HATCHBACK,ELECTRIC,COMMERCIAL,8265.16,68,11835,GOOD,0,COMPREHENSIVE,2000.0,318.0,0,0.0
14,SEDAN,ELECTRIC,PERSONAL,6474.9,68,7373,EXCELLENT,1,COMPREHENSIVE,500.0,250.0,0,0.0
11,SEDAN,PETROL,PERSONAL,10181.17,70,7770,GOOD,1,ZERO_DEP_PREMIUM,1000.0,409.79,0,0.0
10,SUV,PETROL,COMMERCIAL,12168.8,56,12531,EXCELLENT,1,COMPREHENSIVE,1000.0,468.19,0,0.0
6,SUV,PETROL,PERSONAL,25720.99,18,12761,EXCELLENT,0,ZERO_DEP_PREMIUM,500.0,1125.29,0,0.0
1,SEDAN,PETROL,PERSONAL,29384.28,50,11629,GOOD,1,COMPREHENSIVE,500.0,837.45,1,2636.71
2,SUV,PETROL,PERSONAL,27051.6,59,16972,FAIR,0,THIRD_PARTY,1000.0,338.14,1,8561.81
8,SEDAN,DIESEL,PERSONAL,14391.74,30,8172,EXCELLENT,0,COMPREHENSIVE,500.0,410.16,0,0.0
1,TRUCK,CNG,PERSONAL,47756.17,39,17016,GOOD,1,ZERO_DEP_PREMIUM,1000.0,1671.47,0,0.0
12,SEDAN,PETROL,PERSONAL,9170.46,22,12077,FAIR,0,THIRD_PARTY,250.0,250.0,0,0.0
15,SUV,PETROL,PERSONAL,9801.75,29,16381,GOOD,1,THIRD_PARTY,500.0,250.0,0,0.0
6,SEDAN,ELECTRIC,PERSONAL,16272.34,77,9684,POOR,0,COMPREHENSIVE,1000.0,533.33,1,1732.5
0,SUV,PETROL,PERSONAL,27262.98,46,16001,EXCELLENT,1,COMPREHENSIVE,2000.0,776.99,0,0.0
2,SUV,ELECTRIC,PERSONAL,34855.3,20,8868,GOOD,0,ZERO_DEP_PREMIUM,500.0,1524.92,0,0.0
12,SEDAN,ELECTRIC,PERSONAL,8626.19,78,19913,EXCELLENT,0,THIRD_PARTY,1000.0,250.0,0,0.0
13,COMMERCIAL_VAN,HYBRID,COMMERCIAL,11228.37,68,12140,POOR,0,COMPREHENSIVE,500.0,432.01,0,0.0
15,HATCHBACK,PETROL,COMMERCIAL,5062.34,53,10561,FAIR,1,ZERO_DEP_PREMIUM,1000.0,250.0,0,0.0
0,TRUCK,DIESEL,PERSONAL,31515.38,64,7218,FAIR,0,COMPREHENSIVE,500.0,898.19,0,0.0
5,TRUCK,DIESEL,COMMERCIAL,24050.51,62,13258,EXCELLENT,0,COMPREHENSIVE,2000.0,925.34,0,0.0
3,SUV,DIESEL,PERSONAL,21295.44,28,11831,POOR,0,COMPREHENSIVE,250.0,606.92,0,0.0
0,TRUCK,PETROL,COMMERCIAL,31888.5,43,6483,POOR,0,THIRD_PARTY,2000.0,538.12,0,0.0
4,SEDAN,PETROL,PERSONAL,15921.27,19,9186,GOOD,1,ZERO_DEP_PREMIUM,1000.0,696.56,0,0.0
13,SEDAN,DIESEL,PERSONAL,10620.13,46,3706,GOOD,1,THIRD_PARTY,1000.0,250.0,0,0.0
3,SEDAN,DIESEL,PERSONAL,17421.18,58,7416,POOR,0,THIRD_PARTY,1000.0,250.0,0,0.0
15,SEDAN,ELECTRIC,PERSONAL,7358.15,46,11946,GOOD,0,COMPREHENSIVE,1000.0,250.0,0,0.0
13,SUV,ELECTRIC,PERSONAL,8269.83,61,14091,EXCELLENT,0,COMPREHENSIVE,1000.0,250.0,0,0.0
10,SEDAN,DIESEL,PERSONAL,11352.89,53,11042,FAIR,0,THIRD_PARTY,1000.0,250.0,0,0.0
9,HATCHBACK,PETROL,PERSONAL,9511.25,75,14622,GOOD,0,THIRD_PARTY,500.0,250.0,0,0.0
15,SEDAN,ELECTRIC,PERSONAL,5713.47,36,8186,POOR,2,THIRD_PARTY,2000.0,250.0,0,0.0
13,SEDAN,DIESEL,PERSONAL,9870.27,27,14496,GOOD,0,COMPREHENSIVE,500.0,281.3,0,0.0
10,SUV,HYBRID,PERSONAL,19602.74,28,12152,EXCELLENT,0,THIRD_PARTY,1000.0,250.0,0,0.0
9,SEDAN,HYBRID,PERSONAL,12372.17,24,11572,GOOD,0,COMPREHENSIVE,1000.0,440.76,0,0.0
1,HATCHBACK,PETROL,PERSONAL,13345.42,30,12483,FAIR,1,THIRD_PARTY,1000.0,250.0,0,0.0
12,SEDAN,ELECTRIC,PERSONAL,9822.05,58,9803,EXCELLENT,1,COMPREHENSIVE,1000.0,279.93,0,0.0
6,COMMERCIAL_VAN,PETROL,RIDESHARE,27867.03,61,5595,GOOD,0,COMPREHENSIVE,250.0,1191.32,0,0.0
11,HATCHBACK,PETROL,RIDESHARE,4649.01,78,7796,EXCELLENT,0,COMPREHENSIVE,1000.0,250.0,1,467.42
14,SEDAN,DIESEL,PERSONAL,7059.46,19,6146,GOOD,0,THIRD_PARTY,250.0,250.0,0,0.0
7,SEDAN,PETROL,PERSONAL,12407.03,47,11474,POOR,0,COMPREHENSIVE,500.0,353.6,0,0.0
3,HATCHBACK,ELECTRIC,PERSONAL,10831.54,39,15572,GOOD,1,ZERO_DEP_PREMIUM,1000.0,379.1,0,0.0
8,HATCHBACK,PETROL,RIDESHARE,9800.63,70,19176,GOOD,0,ZERO_DEP_PREMIUM,1000.0,591.71,0,0.0
2,HATCHBACK,PETROL,PERSONAL,13185.44,18,10424,GOOD,0,COMPREHENSIVE,1000.0,469.73,1,4392.3
12,HATCHBACK,DIESEL,PERSONAL,4836.38,44,11776,GOOD,0,COMPREHENSIVE,1000.0,250.0,0,0.0
5,SEDAN,ELECTRIC,PERSONAL,18211.69,24,20971,GOOD,0,COMPREHENSIVE,500.0,648.79,0,0.0
10,SEDAN,HYBRID,PERSONAL,8642.35,18,10687,FAIR,0,COMPREHENSIVE,500.0,307.88,0,0.0
13,SEDAN,ELECTRIC,PERSONAL,6568.66,75,9679,FAIR,1,THIRD_PARTY,500.0,250.0,1,431.69
14,TRUCK,DIESEL,PERSONAL,12504.21,42,11913,GOOD,0,COMPREHENSIVE,500.0,356.37,0,0.0
15,SUV,PETROL,PERSONAL,8630.11,65,10589,POOR,0,ZERO_DEP_PREMIUM,500.0,302.05,0,0.0
13,SEDAN,PETROL,PERSONAL,6916.29,21,9446,FAIR,0,COMPREHENSIVE,1000.0,250.0,0,0.0
6,SEDAN,PETROL,PERSONAL,10892.82,47,6165,EXCELLENT,0,COMPREHENSIVE,500.0,310.45,0,0.0
6,SEDAN,DIESEL,PERSONAL,15717.54,25,19666,GOOD,2,ZERO_DEP_PREMIUM,1000.0,550.11,0,0.0
5,SEDAN,DIESEL,PERSONAL,20631.93,66,14978,POOR,0,COMPREHENSIVE,500.0,588.01,0,0.0
8,HATCHBACK,PETROL,COMMERCIAL,9750.89,38,19774,POOR,0,COMPREHENSIVE,1000.0,375.17,0,0.0
14,SUV,ELECTRIC,PERSONAL,8313.84,68,16796,GOOD,0,COMPREHENSIVE,250.0,250.0,0,0.0
0,TRUCK,DIESEL,PERSONAL,49268.95,21,12570,FAIR,0,COMPREHENSIVE,2000.0,1755.21,1,20820.32
12,SUV,PETROL,PERSONAL,15081.6,77,4984,GOOD,1,COMPREHENSIVE,500.0,494.3,0,0.0
8,SEDAN,PETROL,PERSONAL,12056.72,21,8408,EXCELLENT,0,COMPREHENSIVE,1000.0,429.52,0,0.0
12,HATCHBACK,ELECTRIC,PERSONAL,6978.35,25,10931,FAIR,2,COMPREHENSIVE,1000.0,250.0,1,3130.0
8,HATCHBACK,ELECTRIC,PERSONAL,10022.66,59,8162,POOR,0,COMPREHENSIVE,1000.0,285.65,0,0.0
3,SUV,HYBRID,PERSONAL,22942.45,43,4311,GOOD,1,THIRD_PARTY,250.0,286.78,0,0.0
12,HATCHBACK,PETROL,PERSONAL,4547.04,46,8490,EXCELLENT,1,ZERO_DEP_PREMIUM,2000.0,250.0,0,0.0
11,SUV,CNG,PERSONAL,10541.45,33,11626,FAIR,0,THIRD_PARTY,1000.0,250.0,0,0.0
14,SUV,PETROL,PERSONAL,8048.8,36,19654,GOOD,0,COMPREHENSIVE,1000.0,250.0,0,0.0
11,SUV,PETROL,PERSONAL,17037.38,18,9470,EXCELLENT,0,COMPREHENSIVE,500.0,606.96,0,0.0
15,SEDAN,CNG,PERSONAL,8540.94,54,15449,EXCELLENT,1,ZERO_DEP_PREMIUM,1000.0,298.93,0,0.0
4,SEDAN,PETROL,PERSONAL,13128.35,51,8104,EXCELLENT,1,COMPREHENSIVE,1000.0,374.16,0,0.0
2,SEDAN,DIESEL,PERSONAL,24017.87,46,11490,GOOD,1,ZERO_DEP_PREMIUM,500.0,840.63,1,1769.7
6,SUV,PETROL,PERSONAL,22384.63,44,12345,GOOD,1,COMPREHENSIVE,1000.0,637.96,0,0.0
14,SEDAN,DIESEL,PERSONAL,6758.29,65,19700,EXCELLENT,0,ZERO_DEP_PREMIUM,1000.0,250.0,0,0.0
1,SUV,HYBRID,PERSONAL,37418.09,62,3000,POOR,0,THIRD_PARTY,250.0,467.73,0,0.0
7,TRUCK,PETROL,COMMERCIAL,30994.77,47,8848,POOR,0,COMPREHENSIVE,500.0,1192.52,0,0.0
8,SEDAN,DIESEL,COMMERCIAL,10015.74,23,13611,EXCELLENT,0,ZERO_DEP_PREMIUM,1000.0,591.55,0,0.0
5,SUV,PETROL,PERSONAL,17619.15,53,14381,EXCELLENT,0,COMPREHENSIVE,2000.0,502.15,0,0.0
8,HATCHBACK,DIESEL,PERSONAL,5442.69,74,7203,GOOD,1,ZERO_DEP_PREMIUM,2000.0,250.0,0,0.0
5,SEDAN,PETROL,PERSONAL,15489.58,56,12326,EXCELLENT,0,COMPREHENSIVE,1000.0,441.45,0,0.0
2,SEDAN,PETROL,PERSONAL,20159.96,19,12557,EXCELLENT,0,ZERO_DEP_PREMIUM,500.0,882.0,0,0.0
9,SEDAN,PETROL,COMMERCIAL,11143.68,72,19122,GOOD,1,THIRD_PARTY,500.0,250.0,1,3184.24
2,SEDAN,PETROL,COMMERCIAL,22657.02,59,13438,POOR,0,COMPREHENSIVE,500.0,871.73,1,748.22
1,TRUCK,HYBRID,RIDESHARE,49268.29,31,11861,POOR,0,COMPREHENSIVE,500.0,2106.22,0,0.0
4,HATCHBACK,PETROL,PERSONAL,10691.98,25,9333,FAIR,0,ZERO_DEP_PREMIUM,250.0,374.22,0,0.0
12,SUV,PETROL,PERSONAL,10813.07,20,15234,GOOD,0,COMPREHENSIVE,500.0,385.22,1,1741.68
13,TRUCK,PETROL,COMMERCIAL,16511.96,52,11353,FAIR,0,COMPREHENSIVE,500.0,635.3,0,0.0
3,HATCHBACK,PETROL,PERSONAL,15612.28,44,9950,GOOD,0,COMPREHENSIVE,1000.0,444.95,0,0.0
11,SEDAN,ELECTRIC,COMMERCIAL,7950.74,51,8089,GOOD,0,ZERO_DEP_PREMIUM,500.0,375.67,0,0.0
5,TRUCK,CNG,PERSONAL,25268.24,45,11164,GOOD,1,THIRD_PARTY,500.0,315.85,0,0.0
15,SUV,PETROL,PERSONAL,11176.66,48,15643,FAIR,1,COMPREHENSIVE,500.0,318.53,0,0.0
4,HATCHBACK,HYBRID,PERSONAL,8290.28,34,10191,EXCELLENT,0,COMPREHENSIVE,500.0,250.0,0,0.0
15,TRUCK,DIESEL,PERSONAL,9923.5,36,12654,EXCELLENT,0,COMPREHENSIVE,1000.0,282.82,0,0.0
5,SEDAN,PETROL,PERSONAL,16449.47,59,9993,POOR,1,COMPREHENSIVE,500.0,468.81,0,0.0
3,SEDAN,DIESEL,PERSONAL,16280.68,61,13266,GOOD,0,THIRD_PARTY,250.0,250.0,0,0.0
13,SEDAN,DIESEL,PERSONAL,6301.73,76,12874,EXCELLENT,0,ZERO_DEP_PREMIUM,1000.0,253.64,1,466.6
12,SUV,DIESEL,PERSONAL,11578.97,72,8957,GOOD,1,COMPREHENSIVE,500.0,379.5,0,0.0
2,HATCHBACK,HYBRID,PERSONAL,16272.7,28,16243,GOOD,1,ZERO_DEP_PREMIUM,1000.0,569.54,0,0.0
0,TRUCK,PETROL,PERSONAL,56679.18,26,5947,EXCELLENT,0,COMPREHENSIVE,250.0,1615.36,0,0.0
4,SEDAN,HYBRID,COMMERCIAL,24702.13,47,17608,EXCELLENT,0,THIRD_PARTY,500.0,416.85,0,0.0
5,SUV,ELECTRIC,PERSONAL,16889.05,74,13981,GOOD,0,COMPREHENSIVE,500.0,553.54,0,0.0
4,SUV,DIESEL,PERSONAL,21025.35,62,15145,EXCELLENT,0,ZERO_DEP_PREMIUM,500.0,735.89,0,0.0
4,SEDAN,DIESEL,RIDESHARE,21923.87,23,5072,GOOD,0,COMPREHENSIVE,500.0,1171.56,0,0.0
11,SEDAN,PETROL,RIDESHARE,9936.11,31,12270,EXCELLENT,1,COMPREHENSIVE,500.0,424.77,1,2122.86
5,SEDAN,CNG,PERSONAL,15078.97,48,19401,EXCELLENT,0,ZERO_DEP_PREMIUM,500.0,527.76,1,2819.57
3,TRUCK,DIESEL,COMMERCIAL,27981.72,71,11846,FAIR,2,COMPREHENSIVE,1000.0,1238.09,0,0.0
13,SEDAN,PETROL,PERSONAL,6838.82,28,13086,FAIR,0,COMPREHENSIVE,500.0,250.0,0,0.0
11,SUV,PETROL,PERSONAL,12763.68,22,7351,GOOD,0,THIRD_PARTY,500.0,250.0,0,0.0
3,HATCHBACK,DIESEL,PERSONAL,9935.15,48,6024,EXCELLENT,0,THIRD_PARTY,2000.0,250.0,0,0.0
10,SEDAN,PETROL,PERSONAL,13921.2,19,13536,EXCELLENT,0,COMPREHENSIVE,500.0,495.94,0,0.0
12,COMMERCIAL_VAN,PETROL,COMMERCIAL,9500.73,56,9448,FAIR,0,THIRD_PARTY,500.0,250.0,0,0.0
7,COMMERCIAL_VAN,DIESEL,PERSONAL,27293.44,34,10008,EXCELLENT,0,COMPREHENSIVE,1000.0,777.86,0,0.0
10,SEDAN,PETROL,RIDESHARE,13054.19,55,12784,FAIR,2,ZERO_DEP_PREMIUM,500.0,685.34,0,0.0
7,SUV,PETROL,PERSONAL,18532.82,63,15588,GOOD,0,COMPREHENSIVE,1000.0,528.19,0,0.0
11,SEDAN,PETROL,PERSONAL,11220.96,53,14865,FAIR,1,COMPREHENSIVE,500.0,319.8,1,1386.78
2,SEDAN,PETROL,PERSONAL,25192.11,20,12948,GOOD,0,COMPREHENSIVE,250.0,897.47,0,0.0
6,SEDAN,DIESEL,RIDESHARE,12539.59,60,16492,GOOD,1,THIRD_PARTY,500.0,250.0,0,0.0
14,SUV,DIESEL,PERSONAL,9011.21,46,17197,GOOD,0,THIRD_PARTY,1000.0,250.0,1,628.9
4,SUV,PETROL,COMMERCIAL,26148.1,50,11907,GOOD,1,COMPREHENSIVE,500.0,1006.05,0,0.0
4,SEDAN,PETROL,RIDESHARE,20441.35,31,20007,FAIR,0,COMPREHENSIVE,500.0,873.87,0,0.0
11,SEDAN,DIESEL,PERSONAL,9950.92,55,7607,EXCELLENT,1,THIRD_PARTY,2000.0,250.0,0,0.0
12,TRUCK,PETROL,PERSONAL,14630.07,46,5601,GOOD,0,COMPREHENSIVE,500.0,416.96,0,0.0
2,SEDAN,PETROL,COMMERCIAL,21750.35,40,18725,GOOD,0,COMPREHENSIVE,1000.0,836.84,0,0.0
1,SEDAN,PETROL,RIDESHARE,24814.26,76,9349,GOOD,2,ZERO_DEP_PREMIUM,1000.0,1498.16,0,0.0
12,SUV,ELECTRIC,PERSONAL,11656.09,34,3000,EXCELLENT,2,COMPREHENSIVE,250.0,332.2,0,0.0
2,COMMERCIAL_VAN,ELECTRIC,PERSONAL,33951.59,76,11033,POOR,2,COMPREHENSIVE,1000.0,1112.76,1,9678.66
14,SEDAN,ELECTRIC,PERSONAL,9175.92,66,18029,GOOD,0,COMPREHENSIVE,2000.0,261.51,0,0.0
6,SUV,ELECTRIC,PERSONAL,23366.29,72,11116,POOR,0,COMPREHENSIVE,1000.0,765.83,0,0.0
2,HATCHBACK,DIESEL,PERSONAL,15976.83,28,4511,FAIR,0,ZERO_DEP_PREMIUM,500.0,559.19,1,2344.58
15,SEDAN,DIESEL,PERSONAL,7065.27,45,11196,EXCELLENT,0,THIRD_PARTY,500.0,250.0,1,645.89
14,HATCHBACK,DIESEL,PERSONAL,4914.05,71,11664,EXCELLENT,0,ZERO_DEP_PREMIUM,500.0,250.0,1,514.62
10,SEDAN,PETROL,PERSONAL,11186.35,24,10987,FAIR,2,THIRD_PARTY,1000.0,250.0,0,0.0
15,SUV,DIESEL,PERSONAL,6288.33,62,9263,GOOD,1,COMPREHENSIVE,250.0,250.0,0,0.0
12,SUV,ELECTRIC,PERSONAL,16249.5,57,9477,EXCELLENT,0,COMPREHENSIVE,500.0,463.11,0,0.0
1,SUV,DIESEL,PERSONAL,23702.73,25,15774,POOR,0,THIRD_PARTY,500.0,296.28,0,0.0
3,SEDAN,PETROL,PERSONAL,19134.44,58,9890,GOOD,0,COMPREHENSIVE,500.0,545.33,0,0.0
11,HATCHBACK,PETROL,PERSONAL,4500.0,46,13226,GOOD,0,COMPREHENSIVE,1000.0,250.0,1,631.32
4,SEDAN,DIESEL,PERSONAL,13690.37,42,13210,GOOD,0,COMPREHENSIVE,1000.0,390.18,0,0.0
12,SEDAN,DIESEL,PERSONAL,10526.31,24,9726,FAIR,0,COMPREHENSIVE,500.0,375.0,0,0.0
6,SEDAN,HYBRID,PERSONAL,14737.26,74,9114,EXCELLENT,0,COMPREHENSIVE,500.0,483.01,0,0.0
0,SUV,PETROL,COMMERCIAL,45388.7,39,12814,GOOD,1,COMPREHENSIVE,1000.0,1746.33,0,0.0
13,SUV,ELECTRIC,PERSONAL,9412.27,26,5064,GOOD,0,THIRD_PARTY,1000.0,250.0,1,1317.05
7,SEDAN,DIESEL,PERSONAL,11817.1,28,21472,FAIR,0,COMPREHENSIVE,1000.0,336.79,0,0.0
9,SUV,HYBRID,COMMERCIAL,13493.07,51,9922,FAIR,0,COMPREHENSIVE,500.0,519.15,0,0.0
2,SEDAN,DIESEL,PERSONAL,24357.61,44,10742,GOOD,1,COMPREHENSIVE,250.0,694.19,0,0.0
13,SUV,DIESEL,RIDESHARE,13421.93,67,15814,GOOD,0,THIRD_PARTY,500.0,251.66,0,0.0
10,SEDAN,DIESEL,PERSONAL,10292.72,39,11735,GOOD,0,COMPREHENSIVE,1000.0,293.34,0,0.0
5,SUV,ELECTRIC,PERSONAL,21689.53,20,10620,GOOD,0,COMPREHENSIVE,500.0,772.69,1,4041.6
3,SUV,CNG,PERSONAL,37478.25,67,6482,POOR,0,THIRD_PARTY,2000.0,468.48,1,10976.17
13,TRUCK,PETROL,PERSONAL,10093.61,65,12958,GOOD,0,ZERO_DEP_PREMIUM,250.0,353.28,0,0.0
4,SEDAN,PETROL,PERSONAL,18554.13,57,10039,POOR,1,ZERO_DEP_PREMIUM,500.0,649.39,0,0.0
9,SEDAN,HYBRID,PERSONAL,10969.76,72,21866,FAIR,0,COMPREHENSIVE,500.0,359.53,0,0.0
11,SEDAN,DIESEL,PERSONAL,7082.38,25,11576,EXCELLENT,1,THIRD_PARTY,500.0,250.0,0,0.0
14,TRUCK,DIESEL,COMMERCIAL,10430.81,23,3000,FAIR,0,ZERO_DEP_PREMIUM,1000.0,616.07,0,0.0
5,TRUCK,DIESEL,PERSONAL,19766.84,74,16775,EXCELLENT,0,COMPREHENSIVE,500.0,647.86,0,0.0
1,SEDAN,PETROL,PERSONAL,31086.12,42,7999,GOOD,0,THIRD_PARTY,500.0,388.58,0,0.0
12,SUV,ELECTRIC,PERSONAL,13066.0,19,12978,GOOD,1,COMPREHENSIVE,250.0,465.48,1,4080.18
14,HATCHBACK,ELECTRIC,PERSONAL,5428.48,33,18821,FAIR,0,COMPREHENSIVE,500.0,250.0,1,694.92
2,SUV,PETROL,PERSONAL,31751.98,75,11110,EXCELLENT,1,THIRD_PARTY,250.0,456.43,0,0.0
14,SUV,PETROL,PERSONAL,10763.83,70,11578,FAIR,0,THIRD_PARTY,250.0,250.0,1,2174.06
7,SEDAN,ELECTRIC,PERSONAL,15996.62,58,16705,POOR,1,COMPREHENSIVE,250.0,455.9,0,0.0
7,SEDAN,PETROL,RIDESHARE,17944.95,68,18915,EXCELLENT,1,THIRD_PARTY,250.0,336.47,1,2339.05
0,TRUCK,HYBRID,PERSONAL,33625.96,38,11882,FAIR,0,THIRD_PARTY,2000.0,420.32,1,11794.27
9,TRUCK,PETROL,PERSONAL,17542.22,32,21601,EXCELLENT,1,THIRD_PARTY,500.0,250.0,0,0.0
7,SUV,DIESEL,PERSONAL,22255.58,73,4676,EXCELLENT,0,ZERO_DEP_PREMIUM,1000.0,895.79,0,0.0
10,SEDAN,HYBRID,PERSONAL,13879.56,51,8438,POOR,0,ZERO_DEP_PREMIUM,1000.0,485.78,0,0.0
1,SEDAN,DIESEL,PERSONAL,32806.13,64,10350,GOOD,0,COMPREHENSIVE,1000.0,934.97,0,0.0
9,HATCHBACK,PETROL,COMMERCIAL,7851.12,71,17254,GOOD,2,COMPREHENSIVE,250.0,347.38,0,0.0
9,TRUCK,DIESEL,RIDESHARE,15731.91,60,13537,GOOD,2,COMPREHENSIVE,500.0,672.54,0,0.0
12,TRUCK,PETROL,PERSONAL,11116.26,37,9462,EXCELLENT,0,COMPREHENSIVE,500.0,316.81,0,0.0
7,HATCHBACK,PETROL,PERSONAL,11263.16,61,7433,GOOD,0,THIRD_PARTY,500.0,250.0,0,0.0
11,SUV,CNG,PERSONAL,12805.1,48,5779,EXCELLENT,0,COMPREHENSIVE,500.0,364.95,0,0.0
9,SEDAN,ELECTRIC,PERSONAL,9305.61,32,14822,EXCELLENT,0,THIRD_PARTY,500.0,250.0,0,0.0
4,SEDAN,DIESEL,PERSONAL,24136.22,65,10747,POOR,1,COMPREHENSIVE,1000.0,687.88,0,0.0
0,TRUCK,PETROL,PERSONAL,34019.35,45,17064,POOR,0,ZERO_DEP_PREMIUM,250.0,1190.68,0,0.0
7,SUV,PETROL,PERSONAL,22523.13,23,6049,GOOD,0,THIRD_PARTY,1000.0,351.92,0,0.0
11,SEDAN,PETROL,PERSONAL,10482.15,20,14422,EXCELLENT,0,COMPREHENSIVE,250.0,373.43,0,0.0
4,SEDAN,DIESEL,COMMERCIAL,13575.63,55,12308,GOOD,1,THIRD_PARTY,1000.0,250.0,0,0.0
14,SUV,ELECTRIC,COMMERCIAL,9009.05,40,9739,FAIR,0,ZERO_DEP_PREMIUM,1000.0,425.68,0,0.0
0,SEDAN,DIESEL,PERSONAL,20928.74,75,10065,EXCELLENT,0,COMPREHENSIVE,250.0,685.94,0,0.0
14,SEDAN,ELECTRIC,PERSONAL,7798.13,20,12963,EXCELLENT,2,ZERO_DEP_PREMIUM,2000.0,341.17,0,0.0
3,SUV,PETROL,RIDESHARE,28050.36,70,12358,FAIR,0,COMPREHENSIVE,500.0,1379.03,0,0.0
12,SUV,PETROL,PERSONAL,8161.12,62,8487,GOOD,1,THIRD_PARTY,2000.0,250.0,0,0.0
0,SUV,PETROL,COMMERCIAL,49787.91,61,14820,EXCELLENT,0,ZERO_DEP_PREMIUM,250.0,2352.48,0,0.0
12,SEDAN,PETROL,PERSONAL,7920.79,25,17922,EXCELLENT,0,COMPREHENSIVE,1000.0,250.0,0,0.0
8,HATCHBACK,PETROL,PERSONAL,6626.75,19,11402,FAIR,0,COMPREHENSIVE,500.0,250.0,0,0.0
9,SEDAN,CNG,PERSONAL,9520.78,24,15117,GOOD,0,COMPREHENSIVE,500.0,339.18,0,0.0
1,SEDAN,PETROL,COMMERCIAL,19192.31,78,11782,EXCELLENT,0,COMPREHENSIVE,500.0,849.19,0,0.0
7,HATCHBACK,HYBRID,PERSONAL,11570.45,34,23346,FAIR,0,COMPREHENSIVE,500.0,329.76,0,0.0
3,SUV,PETROL,PERSONAL,24594.11,24,12562,FAIR,1,COMPREHENSIVE,500.0,876.17,0,0.0
8,HATCHBACK,CNG,PERSONAL,7402.6,50,15656,EXCELLENT,1,ZERO_DEP_PREMIUM,1000.0,259.09,0,0.0
1,SUV,DIESEL,COMMERCIAL,42913.93,53,17752,GOOD,0,THIRD_PARTY,1000.0,724.17,0,0.0
11,SUV,HYBRID,RIDESHARE,14662.2,64,9616,EXCELLENT,0,COMPREHENSIVE,500.0,626.81,0,0.0
2,SEDAN,PETROL,RIDESHARE,20628.17,21,15676,GOOD,0,ZERO_DEP_PREMIUM,500.0,1353.72,1,2820.33
1,SEDAN,ELECTRIC,RIDESHARE,31440.12,61,16380,EXCELLENT,2,THIRD_PARTY,500.0,589.5,0,0.0
9,SEDAN,HYBRID,PERSONAL,13627.42,33,14434,GOOD,0,COMPREHENSIVE,1000.0,388.38,1,2224.74
13,SEDAN,PETROL,PERSONAL,6558.02,38,15934,GOOD,0,THIRD_PARTY,500.0,250.0,0,0.0
4,COMMERCIAL_VAN,PETROL,PERSONAL,29983.34,35,9583,GOOD,0,COMPREHENSIVE,1000.0,854.53,0,0.0
10,SUV,PETROL,PERSONAL,18865.05,63,22162,GOOD,1,COMPREHENSIVE,1000.0,537.65,0,0.0
0,TRUCK,HYBRID,COMMERCIAL,46091.0,63,3000,EXCELLENT,0,ZERO_DEP_PREMIUM,1000.0,2177.8,0,0.0
11,SUV,DIESEL,COMMERCIAL,15481.32,45,8714,POOR,0,COMPREHENSIVE,1000.0,595.64,0,0.0
2,HATCHBACK,DIESEL,PERSONAL,18281.44,60,6480,EXCELLENT,0,COMPREHENSIVE,2000.0,521.02,0,0.0
0,SUV,PETROL,PERSONAL,42598.44,77,20253,GOOD,1,ZERO_DEP_PREMIUM,2000.0,1714.59,1,6275.45
9,SUV,PETROL,RIDESHARE,11888.51,33,11910,EXCELLENT,0,THIRD_PARTY,1000.0,250.0,0,0.0
14,SUV,ELECTRIC,PERSONAL,8375.21,64,8248,GOOD,1,COMPREHENSIVE,500.0,250.0,0,0.0
13,SEDAN,PETROL,PERSONAL,8519.15,39,9774,EXCELLENT,0,COMPREHENSIVE,500.0,250.0,1,1764.63
7,HATCHBACK,DIESEL,PERSONAL,7382.56,23,5637,EXCELLENT,0,THIRD_PARTY,500.0,250.0,0,0.0
14,SEDAN,HYBRID,PERSONAL,9513.97,47,15323,GOOD,3,ZERO_DEP_PREMIUM,500.0,332.99,0,0.0
15,SEDAN,PETROL,PERSONAL,6215.52,73,15776,GOOD,0,COMPREHENSIVE,1000.0,250.0,0,0.0
11,SUV,DIESEL,PERSONAL,13013.2,62,13865,GOOD,0,ZERO_DEP_PREMIUM,2000.0,455.46,0,0.0
3,SEDAN,PETROL,PERSONAL,23337.46,75,9278,EXCELLENT,1,ZERO_DEP_PREMIUM,250.0,939.33,1,5446.53
2,TRUCK,DIESEL,RIDESHARE,38876.72,45,19367,EXCELLENT,0,COMPREHENSIVE,500.0,1661.98,0,0.0
7,COMMERCIAL_VAN,PETROL,PERSONAL,18998.76,34,16018,FAIR,1,ZERO_DEP_PREMIUM,500.0,664.96,0,0.0
12,TRUCK,ELECTRIC,PERSONAL,10693.43,53,4649,EXCELLENT,0,COMPREHENSIVE,1000.0,304.76,0,0.0
8,SEDAN,PETROL,RIDESHARE,13663.33,29,11627,EXCELLENT,1,ZERO_DEP_PREMIUM,500.0,717.32,0,0.0
7,SEDAN,DIESEL,PERSONAL,17564.68,67,7294,EXCELLENT,0,THIRD_PARTY,500.0,250.0,0,0.0
5,TRUCK,DIESEL,PERSONAL,32400.67,76,19123,EXCELLENT,0,THIRD_PARTY,500.0,465.76,0,0.0
15,SUV,PETROL,COMMERCIAL,8460.01,57,10482,EXCELLENT,0,THIRD_PARTY,1000.0,250.0,0,0.0
15,COMMERCIAL_VAN,ELECTRIC,PERSONAL,7289.64,29,6293,GOOD,0,THIRD_PARTY,500.0,250.0,0,0.0
13,COMMERCIAL_VAN,PETROL,COMMERCIAL,14178.05,53,11842,EXCELLENT,0,COMPREHENSIVE,1000.0,545.5,0,0.0
14,TRUCK,DIESEL,PERSONAL,15970.67,57,19654,FAIR,1,THIRD_PARTY,250.0,250.0,0,0.0
2,SEDAN,PETROL,PERSONAL,20923.25,46,16390,EXCELLENT,1,THIRD_PARTY,1000.0,261.54,0,0.0
7,SUV,DIESEL,PERSONAL,22511.03,19,10154,FAIR,0,THIRD_PARTY,500.0,351.73,0,0.0
12,TRUCK,PETROL,PERSONAL,14012.05,46,11716,FAIR,0,COMPREHENSIVE,1000.0,399.34,0,0.0
4,SEDAN,PETROL,COMMERCIAL,18749.26,47,16977,EXCELLENT,0,COMPREHENSIVE,1000.0,721.38,0,0.0
4,SEDAN,PETROL,PERSONAL,22920.41,53,18775,EXCELLENT,0,COMPREHENSIVE,250.0,653.23,0,0.0
11,SUV,ELECTRIC,RIDESHARE,9675.08,61,5521,EXCELLENT,1,THIRD_PARTY,250.0,250.0,0,0.0
8,TRUCK,PETROL,COMMERCIAL,22165.04,42,13191,GOOD,1,COMPREHENSIVE,500.0,852.8,0,0.0
0,SUV,HYBRID,PERSONAL,30608.43,38,10903,GOOD,1,THIRD_PARTY,250.0,382.61,0,0.0
6,SUV,HYBRID,COMMERCIAL,19173.03,39,10305,GOOD,1,THIRD_PARTY,1000.0,323.54,0,0.0
7,SEDAN,PETROL,PERSONAL,15465.94,27,18539,GOOD,1,COMPREHENSIVE,2000.0,440.78,1,6116.94
10,SUV,DIESEL,PERSONAL,10080.49,48,6402,EXCELLENT,0,ZERO_DEP_PREMIUM,1000.0,352.82,0,0.0
9,COMMERCIAL_VAN,PETROL,COMMERCIAL,18142.4,64,16122,FAIR,0,ZERO_DEP_PREMIUM,500.0,857.23,0,0.0
2,SEDAN,PETROL,PERSONAL,19343.3,77,3000,GOOD,0,ZERO_DEP_PREMIUM,1000.0,778.57,0,0.0
7,SUV,ELECTRIC,PERSONAL,21740.66,26,9236,POOR,0,COMPREHENSIVE,1000.0,619.61,1,7614.6
0,TRUCK,DIESEL,PERSONAL,35160.71,58,12651,GOOD,0,COMPREHENSIVE,2000.0,1002.08,0,0.0
7,HATCHBACK,DIESEL,PERSONAL,10046.4,56,6599,EXCELLENT,0,ZERO_DEP_PREMIUM,250.0,351.62,0,0.0
6,SUV,PETROL,PERSONAL,23549.61,76,22417,FAIR,0,COMPREHENSIVE,500.0,771.84,1,3641.0
3,HATCHBACK,PETROL,PERSONAL,16637.27,51,9272,GOOD,0,THIRD_PARTY,500.0,250.0,0,0.0
15,SEDAN,PETROL,PERSONAL,8452.91,56,8910,FAIR,0,ZERO_DEP_PREMIUM,500.0,295.85,0,0.0
10,SEDAN,ELECTRIC,PERSONAL,9095.25,58,9378,GOOD,0,THIRD_PARTY,500.0,250.0,0,0.0
6,HATCHBACK,DIESEL,PERSONAL,6533.87,67,15126,FAIR,0,COMPREHENSIVE,500.0,250.0,0,0.0
9,HATCHBACK,ELECTRIC,PERSONAL,7933.87,40,16583,POOR,0,THIRD_PARTY,500.0,250.0,0,0.0
13,TRUCK,PETROL,PERSONAL,14487.45,29,10528,GOOD,1,THIRD_PARTY,250.0,250.0,0,0.0
10,TRUCK,PETROL,COMMERCIAL,12323.0,24,13924,EXCELLENT,0,COMPREHENSIVE,500.0,592.66,0,0.0
15,SUV,PETROL,PERSONAL,6875.06,49,14275,GOOD,0,THIRD_PARTY,1000.0,250.0,1,1000.64
6,SUV,PETROL,PERSONAL,22677.56,36,6014,POOR,0,ZERO_DEP_PREMIUM,250.0,793.71,1,2905.93
12,HATCHBACK,PETROL,PERSONAL,6905.0,39,11964,GOOD,0,COMPREHENSIVE,1000.0,250.0,0,0.0
9,SUV,ELECTRIC,PERSONAL,20559.38,73,9662,POOR,0,COMPREHENSIVE,500.0,673.83,0,0.0
12,HATCHBACK,HYBRID,PERSONAL,4500.0,33,5495,GOOD,0,COMPREHENSIVE,500.0,250.0,0,0.0
11,HATCHBACK,DIESEL,RIDESHARE,5495.28,75,13459,POOR,1,COMPREHENSIVE,2000.0,270.16,1,1669.46
0,TRUCK,DIESEL,RIDESHARE,32130.65,25,17066,EXCELLENT,0,ZERO_DEP_PREMIUM,1000.0,1686.86,1,5722.54
2,SEDAN,PETROL,COMMERCIAL,22144.01,47,12697,GOOD,0,COMPREHENSIVE,1000.0,851.99,0,0.0
6,SEDAN,HYBRID,RIDESHARE,18118.5,68,3000,GOOD,0,ZERO_DEP_PREMIUM,1000.0,951.22,1,15225.95
10,SEDAN,PETROL,PERSONAL,12686.2,23,10443,GOOD,0,ZERO_DEP_PREMIUM,500.0,555.02,0,0.0
12,SUV,HYBRID,PERSONAL,12181.36,19,8478,GOOD,0,THIRD_PARTY,1000.0,250.0,0,0.0
4,SEDAN,DIESEL,COMMERCIAL,13677.16,51,20508,POOR,1,ZERO_DEP_PREMIUM,500.0,646.25,1,1962.31
8,SUV,PETROL,PERSONAL,16369.67,46,10973,POOR,0,COMPREHENSIVE,1000.0,466.54,0,0.0
6,SUV,HYBRID,COMMERCIAL,27648.97,57,5237,FAIR,1,ZERO_DEP_PREMIUM,1000.0,1306.41,0,0.0
2,SEDAN,PETROL,PERSONAL,18532.01,76,12293,EXCELLENT,0,COMPREHENSIVE,1000.0,607.39,1,8064.13
14,SUV,DIESEL,RIDESHARE,8881.23,59,15359,EXCELLENT,0,COMPREHENSIVE,1000.0,379.67,0,0.0
0,SEDAN,DIESEL,PERSONAL,31792.25,70,12945,GOOD,2,THIRD_PARTY,1000.0,457.01,0,0.0
4,SEDAN,PETROL,COMMERCIAL,21636.2,70,8888,FAIR,0,ZERO_DEP_PREMIUM,500.0,1175.66,1,9472.38
15,HATCHBACK,PETROL,PERSONAL,5204.42,60,10436,EXCELLENT,0,COMPREHENSIVE,500.0,250.0,0,0.0
13,SEDAN,DIESEL,PERSONAL,7413.72,69,15944,GOOD,1,COMPREHENSIVE,1000.0,250.0,0,0.0
14,SEDAN,ELECTRIC,PERSONAL,7361.2,76,12955,GOOD,2,COMPREHENSIVE,250.0,250.0,1,3163.2
12,SUV,PETROL,COMMERCIAL,11924.59,75,21612,FAIR,1,COMPREHENSIVE,500.0,527.62,1,1420.17
9,HATCHBACK,HYBRID,RIDESHARE,9239.36,37,12941,GOOD,0,ZERO_DEP_PREMIUM,250.0,485.07,0,0.0
12,SEDAN,PETROL,PERSONAL,10384.3,73,5623,GOOD,0,ZERO_DEP_PREMIUM,250.0,417.97,0,0.0
4,SUV,PETROL,PERSONAL,31648.94,20,11601,EXCELLENT,0,ZERO_DEP_PREMIUM,1000.0,1384.64,0,0.0
6,SEDAN,PETROL,PERSONAL,11710.82,76,9965,EXCELLENT,0,COMPREHENSIVE,2000.0,383.82,0,0.0
13,SEDAN,PETROL,RIDESHARE,9569.96,65,5514,POOR,0,ZERO_DEP_PREMIUM,250.0,502.42,0,0.0
0,SUV,PETROL,PERSONAL,36111.06,52,13087,GOOD,0,COMPREHENSIVE,1000.0,1029.17,0,0.0
9,SUV,CNG,PERSONAL,11035.51,25,10618,POOR,0,COMPREHENSIVE,500.0,314.51,0,0.0
1,SUV,PETROL,PERSONAL,24309.95,68,13172,EXCELLENT,2,THIRD_PARTY,1000.0,303.87,0,0.0
10,HATCHBACK,PETROL,PERSONAL,7318.13,29,20735,GOOD,0,ZERO_DEP_PREMIUM,1000.0,256.13,0,0.0
5,COMMERCIAL_VAN,PETROL,PERSONAL,22774.38,67,11918,GOOD,0,COMPREHENSIVE,1000.0,649.07,0,0.0
7,SUV,ELECTRIC,PERSONAL,24327.31,62,17110,POOR,0,THIRD_PARTY,250.0,304.09,0,0.0
3,SEDAN,HYBRID,RIDESHARE,23785.54,60,11637,POOR,0,COMPREHENSIVE,250.0,1016.83,0,0.0
2,HATCHBACK,PETROL,COMMERCIAL,9475.8,49,14369,EXCELLENT,0,COMPREHENSIVE,2000.0,364.58,0,0.0
2,SEDAN,PETROL,PERSONAL,25423.8,46,13039,EXCELLENT,0,ZERO_DEP_PREMIUM,250.0,889.83,0,0.0
15,SUV,PETROL,RIDESHARE,7301.74,62,13703,FAIR,1,COMPREHENSIVE,500.0,312.15,1,1032.49
2,SEDAN,PETROL,PERSONAL,21440.34,38,11907,FAIR,0,COMPREHENSIVE,500.0,611.05,0,0.0
1,SEDAN,PETROL,PERSONAL,26908.86,76,19026,GOOD,1,ZERO_DEP_PREMIUM,1000.0,1083.08,1,3603.37
0,COMMERCIAL_VAN,PETROL,PERSONAL,49814.29,20,15343,FAIR,0,COMPREHENSIVE,1000.0,1774.63,0,0.0
14,HATCHBACK,PETROL,PERSONAL,4500.0,55,13020,EXCELLENT,1,THIRD_PARTY,1000.0,250.0,0,0.0
15,SUV,DIESEL,COMMERCIAL,11074.84,44,16588,GOOD,2,ZERO_DEP_PREMIUM,1000.0,523.29,0,0.0
4,SUV,PETROL,PERSONAL,30811.23,72,13078,FAIR,0,ZERO_DEP_PREMIUM,1000.0,1240.15,0,0.0
9,SEDAN,HYBRID,PERSONAL,11016.88,20,17525,EXCELLENT,1,THIRD_PARTY,500.0,250.0,1,4635.82
4,SEDAN,HYBRID,COMMERCIAL,18733.2,74,7191,FAIR,0,ZERO_DEP_PREMIUM,250.0,1017.92,0,0.0
15,SEDAN,DIESEL,PERSONAL,7520.82,75,22092,POOR,0,COMPREHENSIVE,250.0,250.0,0,0.0
4,SUV,PETROL,COMMERCIAL,17819.16,18,13275,FAIR,0,COMPREHENSIVE,500.0,856.99,0,0.0
3,HATCHBACK,PETROL,COMMERCIAL,15958.44,63,7364,EXCELLENT,1,THIRD_PARTY,250.0,269.3,0,0.0
14,SUV,PETROL,PERSONAL,11909.9,72,15870,GOOD,0,THIRD_PARTY,1000.0,250.0,0,0.0
2,SEDAN,ELECTRIC,COMMERCIAL,18830.47,37,18321,GOOD,0,COMPREHENSIVE,1000.0,724.5,0,0.0
11,COMMERCIAL_VAN,DIESEL,PERSONAL,18675.01,24,7888,EXCELLENT,0,THIRD_PARTY,1000.0,291.8,0,0.0
2,HATCHBACK,HYBRID,PERSONAL,10938.52,74,10376,POOR,2,THIRD_PARTY,500.0,250.0,0,0.0
1,SUV,HYBRID,PERSONAL,43893.84,58,17067,EXCELLENT,0,COMPREHENSIVE,1000.0,1250.97,0,0.0
4,SUV,PETROL,PERSONAL,22888.08,18,15040,FAIR,0,COMPREHENSIVE,500.0,815.39,0,0.0
3,SUV,DIESEL,RIDESHARE,33482.14,27,10519,GOOD,0,ZERO_DEP_PREMIUM,1000.0,1757.81,1,3664.77
15,SEDAN,PETROL,PERSONAL,6441.19,62,11378,GOOD,0,THIRD_PARTY,2000.0,250.0,0,0.0
15,SEDAN,PETROL,PERSONAL,7679.96,29,6872,EXCELLENT,0,THIRD_PARTY,1000.0,250.0,0,0.0
5,HATCHBACK,PETROL,RIDESHARE,8077.95,21,8054,EXCELLENT,0,COMPREHENSIVE,500.0,431.67,0,0.0
1,SEDAN,PETROL,PERSONAL,21025.57,24,4971,GOOD,0,COMPREHENSIVE,500.0,749.04,0,0.0
1,SEDAN,HYBRID,PERSONAL,18215.85,27,10932,GOOD,0,ZERO_DEP_PREMIUM,1000.0,637.55,0,0.0
7,SEDAN,PETROL,PERSONAL,17541.77,39,15549,FAIR,0,COMPREHENSIVE,250.0,499.94,0,0.0
5,SEDAN,DIESEL,COMMERCIAL,14722.5,42,11300,EXCELLENT,0,ZERO_DEP_PREMIUM,500.0,695.64,0,0.0
2,TRUCK,DIESEL,PERSONAL,43218.43,46,17524,EXCELLENT,0,THIRD_PARTY,500.0,540.23,0,0.0
4,HATCHBACK,DIESEL,PERSONAL,13980.02,56,9593,FAIR,0,COMPREHENSIVE,1000.0,398.43,0,0.0
2,SUV,PETROL,PERSONAL,39679.02,32,5790,FAIR,1,COMPREHENSIVE,250.0,1130.85,0,0.0
10,SEDAN,HYBRID,PERSONAL,7840.74,36,17696,EXCELLENT,0,THIRD_PARTY,500.0,250.0,0,0.0
1,SUV,DIESEL,PERSONAL,43410.62,56,14152,EXCELLENT,0,COMPREHENSIVE,500.0,1237.2,0,0.0
15,SUV,PETROL,PERSONAL,7331.74,75,18023,EXCELLENT,0,THIRD_PARTY,500.0,250.0,0,0.0
2,SEDAN,PETROL,PERSONAL,26177.58,63,10985,EXCELLENT,0,COMPREHENSIVE,500.0,746.06,0,0.0
0,SUV,DIESEL,PERSONAL,43567.0,70,19657,EXCELLENT,1,THIRD_PARTY,1000.0,626.28,0,0.0
13,SUV,ELECTRIC,PERSONAL,7457.89,63,7654,GOOD,0,ZERO_DEP_PREMIUM,1000.0,261.03,0,0.0
6,SUV,DIESEL,COMMERCIAL,17467.5,35,11207,POOR,1,THIRD_PARTY,2000.0,294.76,0,0.0
5,SUV,ELECTRIC,PERSONAL,23461.17,59,14334,EXCELLENT,0,COMPREHENSIVE,500.0,668.64,0,0.0
4,SEDAN,DIESEL,PERSONAL,17722.95,20,10388,FAIR,0,THIRD_PARTY,500.0,276.92,0,0.0
5,SEDAN,PETROL,PERSONAL,21789.98,23,13523,GOOD,0,THIRD_PARTY,500.0,340.47,0,0.0
7,SUV,PETROL,PERSONAL,17707.06,78,18114,POOR,1,COMPREHENSIVE,250.0,580.35,1,1771.83
2,SUV,PETROL,PERSONAL,40421.21,39,14195,FAIR,0,ZERO_DEP_PREMIUM,500.0,1414.74,0,0.0
2,TRUCK,DIESEL,PERSONAL,37223.45,72,11697,FAIR,0,COMPREHENSIVE,500.0,1220.0,0,0.0
11,SUV,ELECTRIC,PERSONAL,17541.85,71,18018,GOOD,0,COMPREHENSIVE,1000.0,574.93,0,0.0
4,SEDAN,PETROL,RIDESHARE,21683.3,58,14806,FAIR,0,ZERO_DEP_PREMIUM,500.0,1138.37,0,0.0
4,SEDAN,DIESEL,PERSONAL,22831.27,63,12464,GOOD,2,COMPREHENSIVE,500.0,650.69,0,0.0
13,SUV,PETROL,COMMERCIAL,8170.57,70,12140,EXCELLENT,0,THIRD_PARTY,1000.0,250.0,0,0.0
10,SEDAN,PETROL,PERSONAL,11241.58,48,10845,POOR,0,ZERO_DEP_PREMIUM,1000.0,393.46,0,0.0
0,SUV,PETROL,RIDESHARE,28796.05,38,16293,FAIR,0,ZERO_DEP_PREMIUM,250.0,1511.79,0,0.0
15,TRUCK,PETROL,PERSONAL,9712.24,73,16462,EXCELLENT,0,COMPREHENSIVE,2000.0,318.32,0,0.0
15,SUV,PETROL,PERSONAL,9942.4,25,18193,FAIR,0,THIRD_PARTY,250.0,250.0,0,0.0
3,SUV,PETROL,COMMERCIAL,32781.01,18,14436,GOOD,1,THIRD_PARTY,250.0,691.47,0,0.0
8,SUV,PETROL,PERSONAL,12314.71,20,10050,GOOD,1,COMPREHENSIVE,500.0,438.71,1,3002.19
7,SUV,PETROL,PERSONAL,19936.53,46,13988,GOOD,0,ZERO_DEP_PREMIUM,250.0,697.78,0,0.0
2,SUV,DIESEL,PERSONAL,32665.16,71,9969,GOOD,1,THIRD_PARTY,250.0,469.56,0,0.0
4,TRUCK,PETROL,COMMERCIAL,22786.02,23,13229,GOOD,0,COMPREHENSIVE,1000.0,1095.87,0,0.0
4,SUV,CNG,PERSONAL,25933.23,50,18844,EXCELLENT,0,THIRD_PARTY,1000.0,324.17,0,0.0
6,COMMERCIAL_VAN,PETROL,COMMERCIAL,25888.14,35,17815,POOR,0,ZERO_DEP_PREMIUM,500.0,1223.21,1,1533.01
7,TRUCK,PETROL,PERSONAL,16763.42,59,16573,POOR,1,COMPREHENSIVE,500.0,477.76,1,4305.1
8,SEDAN,PETROL,PERSONAL,15065.42,72,12398,EXCELLENT,0,ZERO_DEP_PREMIUM,2000.0,606.38,0,0.0
6,SEDAN,PETROL,PERSONAL,16292.72,66,16531,GOOD,0,ZERO_DEP_PREMIUM,250.0,570.25,0,0.0
14,SEDAN,ELECTRIC,PERSONAL,8909.78,75,9616,EXCELLENT,1,COMPREHENSIVE,500.0,292.02,1,601.2
1,SEDAN,PETROL,PERSONAL,20173.55,70,5922,FAIR,0,THIRD_PARTY,500.0,289.99,0,0.0
7,SEDAN,HYBRID,PERSONAL,17242.03,18,13723,FAIR,1,COMPREHENSIVE,500.0,614.25,0,0.0
7,SUV,HYBRID,PERSONAL,14253.79,39,10810,GOOD,0,THIRD_PARTY,500.0,250.0,0,0.0
10,SEDAN,DIESEL,PERSONAL,9949.47,48,20528,FAIR,2,ZERO_DEP_PREMIUM,500.0,348.23,0,0.0
12,SEDAN,DIESEL,PERSONAL,7039.84,40,19845,FAIR,0,THIRD_PARTY,500.0,250.0,0,0.0
13,HATCHBACK,DIESEL,COMMERCIAL,6165.86,25,9399,GOOD,0,ZERO_DEP_PREMIUM,2000.0,291.34,0,0.0
1,SEDAN,PETROL,COMMERCIAL,28236.88,46,15626,GOOD,2,COMPREHENSIVE,250.0,1086.41,0,0.0
12,HATCHBACK,DIESEL,COMMERCIAL,4500.0,61,3614,EXCELLENT,0,THIRD_PARTY,1000.0,250.0,0,0.0
5,SEDAN,PETROL,PERSONAL,11465.55,68,14027,EXCELLENT,0,COMPREHENSIVE,250.0,326.77,0,0.0
12,SEDAN,PETROL,COMMERCIAL,7578.41,63,13912,GOOD,0,COMPREHENSIVE,500.0,291.58,0,0.0
9,SUV,DIESEL,PERSONAL,12328.97,36,8031,EXCELLENT,0,COMPREHENSIVE,500.0,351.38,0,0.0
0,SUV,DIESEL,PERSONAL,41083.67,76,13242,EXCELLENT,0,THIRD_PARTY,2000.0,590.58,0,0.0
10,TRUCK,HYBRID,COMMERCIAL,19955.61,66,8322,EXCELLENT,0,THIRD_PARTY,1000.0,336.75,0,0.0
6,HATCHBACK,PETROL,RIDESHARE,12351.07,77,16333,GOOD,0,COMPREHENSIVE,500.0,607.21,0,0.0
9,HATCHBACK,ELECTRIC,PERSONAL,9355.76,33,13338,POOR,0,COMPREHENSIVE,2000.0,266.64,1,1052.0
1,SEDAN,PETROL,PERSONAL,27474.65,36,19217,FAIR,0,ZERO_DEP_PREMIUM,1000.0,961.61,0,0.0
14,SEDAN,PETROL,PERSONAL,4887.75,54,5611,FAIR,1,COMPREHENSIVE,2000.0,250.0,0,0.0
15,HATCHBACK,PETROL,PERSONAL,4500.0,39,8593,FAIR,0,THIRD_PARTY,1000.0,250.0,0,0.0
4,HATCHBACK,PETROL,COMMERCIAL,11621.53,36,10317,GOOD,0,THIRD_PARTY,250.0,250.0,0,0.0
15,COMMERCIAL_VAN,PETROL,PERSONAL,9690.72,21,14707,GOOD,0,THIRD_PARTY,1000.0,250.0,0,0.0
13,SUV,DIESEL,COMMERCIAL,11856.72,22,13719,GOOD,1,COMPREHENSIVE,2000.0,570.23,0,0.0
6,SEDAN,ELECTRIC,PERSONAL,20262.73,22,14413,EXCELLENT,0,ZERO_DEP_PREMIUM,500.0,886.49,0,0.0
9,HATCHBACK,PETROL,COMMERCIAL,9035.38,42,9578,GOOD,0,ZERO_DEP_PREMIUM,1000.0,426.92,0,0.0
15,SEDAN,DIESEL,RIDESHARE,4904.42,41,3936,EXCELLENT,0,ZERO_DEP_PREMIUM,500.0,257.48,0,0.0
10,TRUCK,ELECTRIC,PERSONAL,15184.19,18,9080,FAIR,0,COMPREHENSIVE,500.0,540.94,0,0.0
14,TRUCK,ELECTRIC,PERSONAL,15077.13,67,18836,EXCELLENT,0,ZERO_DEP_PREMIUM,250.0,527.7,0,0.0
14,SUV,DIESEL,COMMERCIAL,12276.6,45,9708,EXCELLENT,0,THIRD_PARTY,500.0,250.0,0,0.0
8,HATCHBACK,PETROL,PERSONAL,6717.16,64,13297,POOR,1,ZERO_DEP_PREMIUM,1000.0,250.0,0,0.0
13,HATCHBACK,HYBRID,PERSONAL,5687.87,38,12774,EXCELLENT,0,THIRD_PARTY,250.0,250.0,0,0.0
15,SEDAN,DIESEL,PERSONAL,7395.0,77,13326,GOOD,0,COMPREHENSIVE,500.0,250.0,0,0.0
0,TRUCK,PETROL,PERSONAL,45384.54,36,6491,EXCELLENT,0,COMPREHENSIVE,1000.0,1293.46,0,0.0
15,SUV,PETROL,COMMERCIAL,7357.48,40,16181,EXCELLENT,0,THIRD_PARTY,2000.0,250.0,1,2477.86
8,HATCHBACK,ELECTRIC,PERSONAL,9947.16,31,12052,GOOD,0,COMPREHENSIVE,500.0,283.49,0,0.0
10,SEDAN,PETROL,RIDESHARE,11891.56,76,22896,GOOD,0,COMPREHENSIVE,500.0,584.62,1,1208.86
4,TRUCK,CNG,PERSONAL,24690.4,23,10821,EXCELLENT,0,COMPREHENSIVE,500.0,879.6,0,0.0
5,SUV,PETROL,COMMERCIAL,26809.06,49,16897,FAIR,1,COMPREHENSIVE,500.0,1031.48,0,0.0
13,SEDAN,ELECTRIC,PERSONAL,9300.72,67,10754,FAIR,1,THIRD_PARTY,1000.0,250.0,0,0.0
7,TRUCK,PETROL,PERSONAL,30032.04,49,21136,GOOD,1,THIRD_PARTY,2000.0,375.4,1,5582.99
14,SEDAN,DIESEL,PERSONAL,5943.2,25,15788,EXCELLENT,3,ZERO_DEP_PREMIUM,500.0,250.0,0,0.0
10,SEDAN,HYBRID,COMMERCIAL,14095.04,54,6716,FAIR,0,COMPREHENSIVE,500.0,542.31,1,4927.23
15,COMMERCIAL_VAN,PETROL,PERSONAL,7455.56,39,18831,FAIR,0,COMPREHENSIVE,1000.0,250.0,0,0.0
13,COMMERCIAL_VAN,DIESEL,COMMERCIAL,12494.72,25,15988,EXCELLENT,1,ZERO_DEP_PREMIUM,500.0,590.38,0,0.0
1,SUV,PETROL,PERSONAL,38002.37,78,10397,GOOD,0,COMPREHENSIVE,250.0,1245.53,0,0.0
11,SUV,PETROL,PERSONAL,12671.38,55,5240,EXCELLENT,0,THIRD_PARTY,1000.0,250.0,0,0.0
6,SUV,PETROL,COMMERCIAL,21108.24,27,17890,GOOD,0,COMPREHENSIVE,500.0,812.14,1,1426.75
11,SEDAN,DIESEL,PERSONAL,12195.44,20,20274,GOOD,0,ZERO_DEP_PREMIUM,500.0,533.55,1,2064.97
3,SEDAN,PETROL,PERSONAL,22564.92,30,17536,POOR,2,COMPREHENSIVE,500.0,643.1,1,5323.18
8,SUV,PETROL,PERSONAL,17740.01,56,16413,FAIR,0,COMPREHENSIVE,2000.0,505.59,0,0.0
15,HATCHBACK,PETROL,PERSONAL,4500.0,47,15009,FAIR,0,COMPREHENSIVE,500.0,250.0,0,0.0
5,HATCHBACK,DIESEL,PERSONAL,7040.44,21,17265,EXCELLENT,0,COMPREHENSIVE,500.0,250.82,0,0.0
15,HATCHBACK,ELECTRIC,PERSONAL,4500.0,62,11321,EXCELLENT,1,THIRD_PARTY,500.0,250.0,1,249.84
6,SEDAN,PETROL,PERSONAL,20217.6,23,4334,EXCELLENT,0,THIRD_PARTY,250.0,315.9,0,0.0
10,SUV,PETROL,PERSONAL,17311.49,33,15915,GOOD,0,COMPREHENSIVE,500.0,493.38,0,0.0
5,SEDAN,HYBRID,RIDESHARE,22341.3,39,14266,GOOD,0,COMPREHENSIVE,1000.0,955.09,0,0.0
10,SUV,PETROL,PERSONAL,10163.71,44,6183,EXCELLENT,0,ZERO_DEP_PREMIUM,500.0,355.73,0,0.0
7,SUV,HYBRID,PERSONAL,21880.46,38,3000,EXCELLENT,0,THIRD_PARTY,1000.0,273.51,0,0.0
5,TRUCK,HYBRID,PERSONAL,20071.52,46,12866,FAIR,1,THIRD_PARTY,250.0,250.89,0,0.0
6,SEDAN,ELECTRIC,COMMERCIAL,18417.95,18,11800,GOOD,0,THIRD_PARTY,500.0,388.5,0,0.0
7,SEDAN,PETROL,PERSONAL,12987.91,47,11419,EXCELLENT,1,COMPREHENSIVE,250.0,370.16,0,0.0
14,SEDAN,ELECTRIC,PERSONAL,5325.6,41,15108,FAIR,2,COMPREHENSIVE,500.0,250.0,0,0.0
0,HATCHBACK,ELECTRIC,RIDESHARE,17562.12,30,9146,FAIR,1,COMPREHENSIVE,1000.0,750.78,0,0.0
14,SUV,DIESEL,PERSONAL,8614.51,47,15592,GOOD,0,THIRD_PARTY,500.0,250.0,0,0.0
9,SEDAN,PETROL,COMMERCIAL,12925.3,43,15625,EXCELLENT,0,COMPREHENSIVE,1000.0,497.3,0,0.0
11,SEDAN,PETROL,PERSONAL,10694.41,51,3000,FAIR,1,ZERO_DEP_PREMIUM,1000.0,374.3,1,775.85
3,HATCHBACK,PETROL,PERSONAL,14390.25,37,12191,GOOD,0,COMPREHENSIVE,500.0,410.12,0,0.0
5,SEDAN,DIESEL,COMMERCIAL,22629.19,78,13400,FAIR,0,COMPREHENSIVE,500.0,1001.26,0,0.0
0,HATCHBACK,DIESEL,PERSONAL,15531.01,77,15866,EXCELLENT,0,THIRD_PARTY,250.0,250.0,0,0.0
3,HATCHBACK,PETROL,PERSONAL,12367.26,68,14970,GOOD,0,ZERO_DEP_PREMIUM,500.0,432.85,0,0.0
5,SEDAN,DIESEL,PERSONAL,20495.67,23,4620,EXCELLENT,0,COMPREHENSIVE,1000.0,730.16,0,0.0
6,SEDAN,PETROL,COMMERCIAL,16312.8,60,12930,GOOD,0,ZERO_DEP_PREMIUM,1000.0,770.78,0,0.0
12,COMMERCIAL_VAN,DIESEL,PERSONAL,8897.43,66,11332,POOR,1,COMPREHENSIVE,1000.0,253.58,0,0.0
5,SEDAN,HYBRID,PERSONAL,20932.55,26,17336,GOOD,1,THIRD_PARTY,250.0,261.66,0,0.0
10,SEDAN,PETROL,PERSONAL,7452.36,54,7106,EXCELLENT,0,COMPREHENSIVE,250.0,250.0,0,0.0
3,HATCHBACK,PETROL,PERSONAL,9881.72,54,12488,GOOD,1,COMPREHENSIVE,1000.0,281.63,0,0.0
11,TRUCK,PETROL,PERSONAL,12028.71,33,16420,FAIR,0,COMPREHENSIVE,2000.0,342.82,1,5591.41
12,COMMERCIAL_VAN,DIESEL,PERSONAL,9246.3,21,15921,FAIR,1,ZERO_DEP_PREMIUM,1000.0,404.53,0,0.0
6,HATCHBACK,ELECTRIC,PERSONAL,6523.49,49,11805,EXCELLENT,0,THIRD_PARTY,500.0,250.0,0,0.0
9,SEDAN,HYBRID,PERSONAL,8216.9,37,17808,POOR,0,THIRD_PARTY,250.0,250.0,0,0.0
15,SEDAN,PETROL,PERSONAL,6379.55,46,9210,GOOD,0,THIRD_PARTY,1000.0,250.0,0,0.0
13,HATCHBACK,CNG,PERSONAL,4500.0,48,15794,EXCELLENT,0,ZERO_DEP_PREMIUM,250.0,250.0,0,0.0
1,SUV,PETROL,PERSONAL,25833.74,62,16541,GOOD,0,THIRD_PARTY,500.0,322.92,0,0.0
5,SUV,DIESEL,RIDESHARE,26084.16,34,6343,GOOD,0,COMPREHENSIVE,1000.0,1115.1,0,0.0
4,TRUCK,PETROL,PERSONAL,25896.82,58,18362,FAIR,1,COMPREHENSIVE,500.0,738.06,0,0.0
1,SEDAN,HYBRID,PERSONAL,16875.84,42,5081,GOOD,0,COMPREHENSIVE,500.0,480.96,0,0.0
8,SUV,DIESEL,PERSONAL,16808.79,62,14181,FAIR,1,ZERO_DEP_PREMIUM,250.0,588.31,0,0.0
12,SEDAN,DIESEL,COMMERCIAL,7691.0,33,10390,FAIR,0,THIRD_PARTY,2000.0,250.0,0,0.0
6,SUV,ELECTRIC,PERSONAL,18869.63,37,17055,GOOD,1,THIRD_PARTY,250.0,250.0,1,1268.94
15,SEDAN,PETROL,PERSONAL,6392.07,59,13984,EXCELLENT,0,COMPREHENSIVE,2000.0,250.0,0,0.0
13,SEDAN,PETROL,PERSONAL,8913.4,27,20559,POOR,0,COMPREHENSIVE,500.0,254.03,0,0.0
2,SEDAN,HYBRID,PERSONAL,24362.64,69,17615,GOOD,1,COMPREHENSIVE,1000.0,798.49,0,0.0
14,SUV,PETROL,COMMERCIAL,13036.72,77,13093,POOR,0,COMPREHENSIVE,2000.0,576.83,1,1531.04
6,HATCHBACK,PETROL,PERSONAL,9652.88,65,17922,EXCELLENT,0,ZERO_DEP_PREMIUM,500.0,337.85,0,0.0
10,SUV,DIESEL,PERSONAL,14450.75,40,12035,POOR,0,ZERO_DEP_PREMIUM,1000.0,505.78,0,0.0
10,COMMERCIAL_VAN,DIESEL,COMMERCIAL,12569.12,69,7598,FAIR,0,ZERO_DEP_PREMIUM,500.0,682.97,1,459.8
5,SEDAN,PETROL,PERSONAL,19936.54,50,10441,POOR,0,ZERO_DEP_PREMIUM,500.0,697.78,0,0.0
6,SEDAN,PETROL,COMMERCIAL,11790.17,60,11983,EXCELLENT,2,THIRD_PARTY,1000.0,250.0,0,0.0
3,TRUCK,PETROL,PERSONAL,34609.17,30,3000,GOOD,1,THIRD_PARTY,1000.0,432.61,0,0.0
12,SEDAN,PETROL,COMMERCIAL,8341.82,42,18726,EXCELLENT,1,COMPREHENSIVE,1000.0,320.95,1,721.87
12,COMMERCIAL_VAN,HYBRID,COMMERCIAL,14224.65,67,12063,EXCELLENT,0,COMPREHENSIVE,250.0,547.29,0,0.0
15,SEDAN,CNG,PERSONAL,8481.16,54,16838,GOOD,0,COMPREHENSIVE,500.0,250.0,0,0.0
9,COMMERCIAL_VAN,DIESEL,COMMERCIAL,22157.97,53,13222,POOR,0,COMPREHENSIVE,1000.0,852.53,0,0.0
12,SEDAN,PETROL,PERSONAL,6853.88,41,5564,GOOD,1,ZERO_DEP_PREMIUM,500.0,250.0,0,0.0
7,TRUCK,HYBRID,PERSONAL,20083.38,23,12857,GOOD,0,COMPREHENSIVE,500.0,715.47,0,0.0
7,SUV,DIESEL,PERSONAL,23591.8,32,11960,POOR,1,COMPREHENSIVE,500.0,672.37,0,0.0
6,COMMERCIAL_VAN,PETROL,PERSONAL,22934.1,72,9414,FAIR,1,THIRD_PARTY,500.0,329.68,0,0.0
12,SEDAN,HYBRID,COMMERCIAL,8527.94,51,10743,POOR,0,COMPREHENSIVE,500.0,328.11,0,0.0
6,SUV,ELECTRIC,PERSONAL,24479.57,21,12619,POOR,1,COMPREHENSIVE,1000.0,872.08,1,6322.0
9,COMMERCIAL_VAN,ELECTRIC,RIDESHARE,18234.6,31,3000,FAIR,1,COMPREHENSIVE,1000.0,779.53,0,0.0
12,SUV,ELECTRIC,PERSONAL,16014.78,21,14120,EXCELLENT,1,THIRD_PARTY,1000.0,250.23,0,0.0
12,SUV,PETROL,PERSONAL,12871.98,45,15217,POOR,0,ZERO_DEP_PREMIUM,1000.0,450.52,1,3777.0
7,SUV,PETROL,PERSONAL,19090.46,46,14754,GOOD,0,COMPREHENSIVE,500.0,544.08,0,0.0
0,SUV,DIESEL,PERSONAL,38879.0,35,11233,GOOD,0,THIRD_PARTY,250.0,485.99,0,0.0
5,SUV,PETROL,COMMERCIAL,28440.39,75,21338,FAIR,0,THIRD_PARTY,1000.0,551.92,0,0.0
1,SUV,PETROL,COMMERCIAL,36981.86,37,14799,EXCELLENT,0,ZERO_DEP_PREMIUM,2000.0,1747.39,0,0.0
0,TRUCK,ELECTRIC,COMMERCIAL,50729.08,65,10619,GOOD,1,ZERO_DEP_PREMIUM,500.0,2396.95,1,13263.58
11,SEDAN,ELECTRIC,COMMERCIAL,12714.81,58,6925,GOOD,0,COMPREHENSIVE,2000.0,489.2,0,0.0
9,SEDAN,DIESEL,PERSONAL,12604.59,49,6357,EXCELLENT,1,COMPREHENSIVE,2000.0,359.23,0,0.0
6,COMMERCIAL_VAN,ELECTRIC,PERSONAL,20849.65,25,14299,EXCELLENT,0,ZERO_DEP_PREMIUM,250.0,729.74,0,0.0
5,TRUCK,ELECTRIC,PERSONAL,32507.61,60,15748,FAIR,0,THIRD_PARTY,2000.0,406.35,0,0.0
4,SUV,DIESEL,PERSONAL,28676.94,63,13059,EXCELLENT,0,COMPREHENSIVE,1000.0,817.29,0,0.0
14,SUV,PETROL,PERSONAL,6822.64,66,12245,FAIR,0,THIRD_PARTY,500.0,250.0,0,0.0
4,SEDAN,PETROL,PERSONAL,18313.21,30,10974,GOOD,0,COMPREHENSIVE,500.0,521.93,0,0.0
8,SEDAN,PETROL,PERSONAL,14916.81,57,14716,GOOD,1,COMPREHENSIVE,1000.0,425.13,0,0.0
8,SUV,PETROL,PERSONAL,17764.19,63,9008,FAIR,0,ZERO_DEP_PREMIUM,1000.0,621.75,0,0.0
11,SEDAN,PETROL,COMMERCIAL,11477.68,60,12411,GOOD,0,COMPREHENSIVE,250.0,441.6,0,0.0
11,SUV,PETROL,PERSONAL,12956.52,26,12916,GOOD,0,ZERO_DEP_PREMIUM,500.0,453.48,0,0.0
5,SEDAN,DIESEL,PERSONAL,22525.35,57,15095,EXCELLENT,2,ZERO_DEP_PREMIUM,1000.0,788.39,0,0.0
12,COMMERCIAL_VAN,HYBRID,PERSONAL,11090.23,63,8817,GOOD,0,THIRD_PARTY,250.0,250.0,0,0.0
14,COMMERCIAL_VAN,PETROL,COMMERCIAL,7757.69,64,7980,GOOD,0,ZERO_DEP_PREMIUM,1000.0,366.55,1,1135.61
2,SUV,ELECTRIC,RIDESHARE,29841.66,75,12724,GOOD,0,COMPREHENSIVE,2000.0,1467.09,0,0.0
6,SUV,DIESEL,PERSONAL,22062.33,50,13431,GOOD,0,COMPREHENSIVE,1000.0,628.78,0,0.0
15,SEDAN,PETROL,PERSONAL,5966.7,73,12476,GOOD,1,THIRD_PARTY,250.0,250.0,0,0.0
3,HATCHBACK,HYBRID,RIDESHARE,10484.85,29,3000,FAIR,1,COMPREHENSIVE,2000.0,448.23,0,0.0
4,SUV,DIESEL,PERSONAL,28894.66,54,13996,GOOD,0,THIRD_PARTY,1000.0,361.18,0,0.0
6,SEDAN,PETROL,COMMERCIAL,14232.89,42,24057,POOR,0,THIRD_PARTY,250.0,250.0,0,0.0
14,TRUCK,ELECTRIC,COMMERCIAL,13417.83,63,16631,GOOD,1,THIRD_PARTY,1000.0,250.0,0,0.0
11,HATCHBACK,PETROL,PERSONAL,7061.01,42,3697,FAIR,0,COMPREHENSIVE,250.0,250.0,0,0.0
15,TRUCK,DIESEL,PERSONAL,13180.49,71,10675,GOOD,0,ZERO_DEP_PREMIUM,250.0,530.51,0,0.0
6,HATCHBACK,PETROL,PERSONAL,8747.15,33,11621,GOOD,0,COMPREHENSIVE,500.0,250.0,0,0.0
14,SUV,ELECTRIC,PERSONAL,10551.1,68,11055,GOOD,0,THIRD_PARTY,500.0,250.0,0,0.0
9,SUV,PETROL,COMMERCIAL,15632.87,77,6924,GOOD,0,ZERO_DEP_PREMIUM,1000.0,849.45,1,1104.85
7,TRUCK,DIESEL,COMMERCIAL,29776.18,33,8481,POOR,1,COMPREHENSIVE,250.0,1145.64,0,0.0
0,TRUCK,PETROL,COMMERCIAL,57865.76,56,16702,EXCELLENT,1,THIRD_PARTY,1000.0,976.48,0,0.0
4,SEDAN,DIESEL,PERSONAL,16770.76,52,15862,EXCELLENT,0,THIRD_PARTY,2000.0,250.0,0,0.0
14,SEDAN,ELECTRIC,PERSONAL,5306.02,40,11997,FAIR,0,ZERO_DEP_PREMIUM,1000.0,250.0,0,0.0
11,SEDAN,DIESEL,PERSONAL,7530.33,25,16766,GOOD,0,COMPREHENSIVE,1000.0,250.0,0,0.0
8,HATCHBACK,DIESEL,PERSONAL,7199.76,70,9544,GOOD,0,THIRD_PARTY,2000.0,250.0,0,0.0
15,COMMERCIAL_VAN,DIESEL,PERSONAL,10111.34,70,10957,GOOD,0,THIRD_PARTY,1000.0,250.0,0,0.0
14,SEDAN,HYBRID,PERSONAL,8052.26,63,10858,GOOD,1,COMPREHENSIVE,1000.0,250.0,0,0.0
6,SUV,DIESEL,PERSONAL,19052.33,69,5518,GOOD,0,ZERO_DEP_PREMIUM,250.0,766.86,0,0.0
10,SUV,ELECTRIC,RIDESHARE,16363.65,20,11348,FAIR,0,ZERO_DEP_PREMIUM,500.0,1073.86,0,0.0
11,COMMERCIAL_VAN,ELECTRIC,PERSONAL,18265.54,77,19870,GOOD,1,COMPREHENSIVE,500.0,598.65,0,0.0
12,HATCHBACK,PETROL,COMMERCIAL,5966.62,41,19378,GOOD,1,THIRD_PARTY,500.0,250.0,0,0.0
1,HATCHBACK,PETROL,PERSONAL,11808.1,60,13027,FAIR,0,COMPREHENSIVE,500.0,336.53,1,2365.8
0,SUV,PETROL,PERSONAL,39807.66,39,11515,FAIR,1,ZERO_DEP_PREMIUM,2000.0,1393.27,0,0.0
7,SUV,ELECTRIC,COMMERCIAL,20079.15,31,20460,EXCELLENT,0,ZERO_DEP_PREMIUM,1000.0,948.74,0,0.0
8,SEDAN,PETROL,PERSONAL,16010.57,39,11390,GOOD,0,ZERO_DEP_PREMIUM,250.0,560.37,0,0.0
9,SEDAN,DIESEL,PERSONAL,10516.6,51,10166,GOOD,1,COMPREHENSIVE,500.0,299.72,0,0.0
4,TRUCK,ELECTRIC,PERSONAL,30054.16,53,16806,FAIR,0,COMPREHENSIVE,2000.0,856.54,0,0.0
13,HATCHBACK,PETROL,PERSONAL,5254.27,48,4800,FAIR,1,ZERO_DEP_PREMIUM,1000.0,250.0,0,0.0
15,COMMERCIAL_VAN,DIESEL,PERSONAL,9853.91,38,12000,GOOD,0,ZERO_DEP_PREMIUM,1000.0,344.89,0,0.0
10,COMMERCIAL_VAN,PETROL,RIDESHARE,17806.38,76,12204,POOR,0,THIRD_PARTY,500.0,383.95,0,0.0
5,SUV,PETROL,PERSONAL,16360.75,75,14818,GOOD,0,ZERO_DEP_PREMIUM,500.0,658.52,1,1801.6
15,HATCHBACK,ELECTRIC,PERSONAL,4500.0,22,9834,FAIR,0,ZERO_DEP_PREMIUM,500.0,250.0,0,0.0
14,TRUCK,PETROL,RIDESHARE,9225.63,36,11734,FAIR,1,ZERO_DEP_PREMIUM,250.0,484.35,1,448.94
1,HATCHBACK,PETROL,PERSONAL,13404.61,59,12920,POOR,0,COMPREHENSIVE,2000.0,382.03,0,0.0
10,SEDAN,HYBRID,PERSONAL,11776.57,70,11354,POOR,0,COMPREHENSIVE,500.0,385.98,0,0.0
4,SUV,PETROL,PERSONAL,20001.15,38,11665,GOOD,1,ZERO_DEP_PREMIUM,500.0,700.04,0,0.0
11,SEDAN,CNG,PERSONAL,8441.39,19,16247,EXCELLENT,0,COMPREHENSIVE,1000.0,300.72,0,0.0
3,COMMERCIAL_VAN,CNG,PERSONAL,34136.75,70,15114,GOOD,2,COMPREHENSIVE,500.0,1118.83,0,0.0
7,SUV,PETROL,PERSONAL,21497.41,20,14831,FAIR,0,COMPREHENSIVE,500.0,765.85,0,0.0
7,SEDAN,PETROL,PERSONAL,10261.28,64,5104,FAIR,0,COMPREHENSIVE,1000.0,292.45,0,0.0
13,SUV,ELECTRIC,COMMERCIAL,11663.91,68,14434,GOOD,0,COMPREHENSIVE,1000.0,448.77,0,0.0
4,SUV,DIESEL,COMMERCIAL,19825.58,70,8717,EXCELLENT,0,COMPREHENSIVE,2000.0,877.21,1,3034.59
10,SEDAN,PETROL,PERSONAL,8875.31,74,21461,GOOD,0,COMPREHENSIVE,1000.0,290.89,0,0.0
7,SEDAN,ELECTRIC,PERSONAL,13723.96,47,12458,GOOD,0,COMPREHENSIVE,1000.0,391.13,0,0.0
15,SUV,PETROL,PERSONAL,6793.42,51,11617,EXCELLENT,0,COMPREHENSIVE,500.0,250.0,0,0.0
5,SUV,HYBRID,PERSONAL,31351.31,42,19335,FAIR,1,ZERO_DEP_PREMIUM,250.0,1097.3,0,0.0
9,HATCHBACK,PETROL,COMMERCIAL,5585.4,52,17938,GOOD,0,COMPREHENSIVE,250.0,250.0,0,0.0
5,SUV,PETROL,PERSONAL,28012.23,46,11432,GOOD,0,ZERO_DEP_PREMIUM,1000.0,980.43,0,0.0
12,TRUCK,PETROL,PERSONAL,18174.41,29,7205,EXCELLENT,1,THIRD_PARTY,250.0,250.0,0,0.0
14,SUV,CNG,PERSONAL,13421.66,40,4563,FAIR,0,THIRD_PARTY,2000.0,250.0,0,0.0
12,SUV,DIESEL,PERSONAL,11609.78,45,7786,FAIR,1,THIRD_PARTY,1000.0,250.0,0,0.0
3,TRUCK,ELECTRIC,PERSONAL,43497.71,63,13944,GOOD,0,ZERO_DEP_PREMIUM,500.0,1522.42,1,15873.21
9,SUV,PETROL,COMMERCIAL,21109.77,34,11835,GOOD,1,COMPREHENSIVE,500.0,812.2,1,6888.46
11,SEDAN,PETROL,RIDESHARE,7564.59,33,8283,EXCELLENT,0,COMPREHENSIVE,1000.0,323.39,0,0.0
10,SEDAN,PETROL,COMMERCIAL,10485.32,66,10735,POOR,1,ZERO_DEP_PREMIUM,1000.0,495.43,0,0.0
2,HATCHBACK,DIESEL,RIDESHARE,9831.3,73,20226,FAIR,0,THIRD_PARTY,1000.0,250.0,0,0.0
8,SUV,DIESEL,RIDESHARE,19206.17,26,17538,FAIR,1,THIRD_PARTY,1000.0,360.12,0,0.0
4,HATCHBACK,DIESEL,PERSONAL,12145.82,20,20387,EXCELLENT,0,COMPREHENSIVE,500.0,432.69,0,0.0
9,SEDAN,PETROL,PERSONAL,9378.12,39,9395,EXCELLENT,0,THIRD_PARTY,1000.0,250.0,0,0.0
9,SEDAN,HYBRID,COMMERCIAL,14002.65,48,16131,GOOD,0,COMPREHENSIVE,1000.0,538.75,0,0.0
3,SEDAN,PETROL,PERSONAL,14226.13,31,15664,EXCELLENT,2,ZERO_DEP_PREMIUM,1000.0,497.91,0,0.0
5,SEDAN,CNG,PERSONAL,20514.02,20,19107,FAIR,0,COMPREHENSIVE,500.0,730.81,0,0.0
13,SUV,PETROL,PERSONAL,7592.05,55,12552,GOOD,0,COMPREHENSIVE,1000.0,250.0,1,2596.7
3,SUV,DIESEL,PERSONAL,31463.16,40,8977,GOOD,0,COMPREHENSIVE,2000.0,896.7,0,0.0
14,SUV,PETROL,PERSONAL,7259.53,38,8442,EXCELLENT,0,COMPREHENSIVE,500.0,250.0,0,0.0
5,TRUCK,PETROL,PERSONAL,24048.79,68,12440,POOR,0,ZERO_DEP_PREMIUM,1000.0,841.71,0,0.0
9,SEDAN,DIESEL,PERSONAL,13410.82,41,12848,POOR,1,ZERO_DEP_PREMIUM,500.0,469.38,0,0.0
7,SUV,PETROL,COMMERCIAL,16673.91,49,13727,EXCELLENT,1,ZERO_DEP_PREMIUM,500.0,787.84,0,0.0
15,HATCHBACK,PETROL,PERSONAL,4500.0,62,6218,GOOD,1,THIRD_PARTY,500.0,250.0,0,0.0
7,SUV,ELECTRIC,COMMERCIAL,24941.09,22,18322,GOOD,0,ZERO_DEP_PREMIUM,1000.0,1473.08,0,0.0
11,SUV,DIESEL,PERSONAL,9373.33,50,6412,GOOD,0,THIRD_PARTY,250.0,250.0,0,0.0
15,TRUCK,ELECTRIC,PERSONAL,13555.3,61,18308,POOR,0,COMPREHENSIVE,2000.0,386.33,0,0.0
5,TRUCK,PETROL,PERSONAL,20474.73,64,11046,FAIR,0,COMPREHENSIVE,1000.0,583.53,0,0.0
0,SEDAN,DIESEL,PERSONAL,20507.67,74,20805,POOR,0,THIRD_PARTY,500.0,294.8,1,3802.39
12,TRUCK,DIESEL,PERSONAL,11117.35,36,4643,FAIR,0,ZERO_DEP_PREMIUM,500.0,389.11,0,0.0
0,SUV,PETROL,COMMERCIAL,50251.38,51,17789,FAIR,0,ZERO_DEP_PREMIUM,500.0,2374.38,0,0.0
13,SEDAN,DIESEL,COMMERCIAL,6303.19,20,7861,GOOD,0,ZERO_DEP_PREMIUM,1000.0,372.28,0,0.0
2,SUV,PETROL,RIDESHARE,39581.85,56,7539,FAIR,0,THIRD_PARTY,250.0,742.16,0,0.0
1,COMMERCIAL_VAN,PETROL,PERSONAL,48192.5,45,19952,GOOD,1,COMPREHENSIVE,500.0,1373.49,0,0.0
0,SUV,PETROL,PERSONAL,34871.38,28,15888,EXCELLENT,0,ZERO_DEP_PREMIUM,250.0,1220.5,0,0.0
0,SEDAN,PETROL,PERSONAL,29685.08,77,5849,GOOD,0,THIRD_PARTY,250.0,426.72,0,0.0
11,SUV,DIESEL,PERSONAL,15887.45,27,13408,GOOD,0,COMPREHENSIVE,1000.0,452.79,1,1243.18
11,SEDAN,DIESEL,PERSONAL,8981.88,57,18821,POOR,0,COMPREHENSIVE,500.0,255.98,0,0.0
11,SEDAN,CNG,PERSONAL,7493.13,19,15012,GOOD,0,THIRD_PARTY,250.0,250.0,0,0.0
5,SEDAN,ELECTRIC,PERSONAL,16283.8,63,12639,EXCELLENT,0,ZERO_DEP_PREMIUM,500.0,569.93,0,0.0
6,SEDAN,PETROL,PERSONAL,18312.85,62,17678,EXCELLENT,0,THIRD_PARTY,500.0,250.0,0,0.0
14,SEDAN,HYBRID,PERSONAL,8654.8,56,14158,POOR,0,COMPREHENSIVE,1000.0,250.0,0,0.0
7,SEDAN,HYBRID,PERSONAL,11573.28,44,5031,POOR,0,COMPREHENSIVE,1000.0,329.84,0,0.0
2,SUV,PETROL,PERSONAL,24519.32,70,12932,FAIR,0,COMPREHENSIVE,1000.0,803.62,0,0.0
0,SEDAN,DIESEL,PERSONAL,34954.2,26,14679,EXCELLENT,0,THIRD_PARTY,500.0,436.93,1,7908.18
4,SEDAN,CNG,PERSONAL,13029.78,56,13501,EXCELLENT,0,COMPREHENSIVE,250.0,371.35,0,0.0
7,TRUCK,DIESEL,PERSONAL,27610.51,18,10678,GOOD,0,ZERO_DEP_PREMIUM,1000.0,1207.96,0,0.0
15,SUV,HYBRID,PERSONAL,6408.08,50,14560,POOR,0,ZERO_DEP_PREMIUM,250.0,250.0,0,0.0
11,SUV,PETROL,PERSONAL,16412.61,55,13326,FAIR,0,COMPREHENSIVE,500.0,467.76,0,0.0
10,SEDAN,PETROL,COMMERCIAL,13504.39,74,3536,POOR,0,ZERO_DEP_PREMIUM,500.0,733.79,0,0.0
13,SEDAN,PETROL,COMMERCIAL,6929.31,50,6531,GOOD,1,ZERO_DEP_PREMIUM,500.0,327.41,0,0.0
15,SEDAN,DIESEL,PERSONAL,4749.75,65,13895,FAIR,1,COMPREHENSIVE,1000.0,250.0,0,0.0
10,SEDAN,ELECTRIC,PERSONAL,10494.16,20,15855,GOOD,0,COMPREHENSIVE,500.0,373.85,0,0.0
3,SEDAN,CNG,RIDESHARE,17808.41,49,8999,EXCELLENT,0,ZERO_DEP_PREMIUM,500.0,934.94,0,0.0
1,SEDAN,PETROL,PERSONAL,23470.61,30,15816,POOR,0,COMPREHENSIVE,1000.0,668.91,0,0.0
15,SEDAN,PETROL,COMMERCIAL,7363.81,38,14752,EXCELLENT,0,THIRD_PARTY,1000.0,250.0,0,0.0
8,SEDAN,ELECTRIC,PERSONAL,10354.41,21,11649,FAIR,1,ZERO_DEP_PREMIUM,500.0,453.01,0,0.0
11,SUV,DIESEL,PERSONAL,12117.7,34,14420,GOOD,0,THIRD_PARTY,500.0,250.0,0,0.0
12,SEDAN,PETROL,COMMERCIAL,10461.96,59,14321,EXCELLENT,1,ZERO_DEP_PREMIUM,500.0,494.33,0,0.0
8,SEDAN,DIESEL,PERSONAL,14068.29,21,16444,EXCELLENT,0,ZERO_DEP_PREMIUM,500.0,615.49,0,0.0
2,SUV,ELECTRIC,PERSONAL,27676.88,37,16658,GOOD,0,ZERO_DEP_PREMIUM,500.0,968.69,0,0.0
6,SUV,ELECTRIC,PERSONAL,23816.66,76,7811,FAIR,1,THIRD_PARTY,500.0,342.36,0,0.0
12,SEDAN,DIESEL,PERSONAL,10360.72,29,9201,EXCELLENT,0,ZERO_DEP_PREMIUM,500.0,362.63,0,0.0
0,HATCHBACK,PETROL,COMMERCIAL,17835.84,43,19144,GOOD,2,COMPREHENSIVE,1000.0,686.23,0,0.0
7,SUV,CNG,PERSONAL,16141.2,62,16473,GOOD,0,ZERO_DEP_PREMIUM,500.0,564.94,1,2691.3
7,SEDAN,DIESEL,PERSONAL,9407.36,53,15373,EXCELLENT,1,COMPREHENSIVE,1000.0,268.11,0,0.0
12,TRUCK,PETROL,COMMERCIAL,17906.34,33,16075,EXCELLENT,0,COMPREHENSIVE,500.0,688.95,0,0.0
2,TRUCK,PETROL,PERSONAL,46487.14,68,17621,GOOD,1,COMPREHENSIVE,1000.0,1324.88,0,0.0
15,SEDAN,ELECTRIC,PERSONAL,7508.08,24,13101,GOOD,1,THIRD_PARTY,2000.0,250.0,0,0.0
15,SEDAN,PETROL,PERSONAL,4761.45,50,10794,GOOD,1,COMPREHENSIVE,2000.0,250.0,1,596.58
11,HATCHBACK,PETROL,RIDESHARE,6291.63,65,15024,POOR,0,THIRD_PARTY,500.0,250.0,0,0.0
14,HATCHBACK,DIESEL,PERSONAL,5446.44,19,12381,EXCELLENT,1,COMPREHENSIVE,250.0,250.0,1,1302.88
4,SEDAN,PETROL,PERSONAL,17343.95,50,19471,POOR,1,COMPREHENSIVE,2000.0,494.3,0,0.0
3,SEDAN,DIESEL,COMMERCIAL,16430.57,31,19404,GOOD,1,COMPREHENSIVE,250.0,632.17,0,0.0
6,SEDAN,PETROL,COMMERCIAL,16408.48,37,16509,GOOD,0,THIRD_PARTY,2000.0,276.89,0,0.0
10,SUV,DIESEL,COMMERCIAL,17922.07,54,6754,FAIR,0,COMPREHENSIVE,1000.0,689.55,1,3701.34
6,SUV,PETROL,PERSONAL,15009.65,44,7572,GOOD,0,ZERO_DEP_PREMIUM,2000.0,525.34,0,0.0
10,SEDAN,PETROL,PERSONAL,11318.19,64,6582,EXCELLENT,0,COMPREHENSIVE,1000.0,322.57,0,0.0
7,SUV,PETROL,PERSONAL,21398.03,59,13339,EXCELLENT,0,COMPREHENSIVE,2000.0,609.84,0,0.0
4,HATCHBACK,HYBRID,COMMERCIAL,12306.81,38,16653,FAIR,1,COMPREHENSIVE,500.0,473.5,1,1196.27
12,SEDAN,HYBRID,COMMERCIAL,9684.14,19,11114,EXCELLENT,0,COMPREHENSIVE,500.0,465.75,0,0.0
10,SEDAN,PETROL,PERSONAL,11562.17,60,9591,GOOD,1,THIRD_PARTY,500.0,250.0,0,0.0
4,HATCHBACK,ELECTRIC,PERSONAL,8681.95,33,12967,GOOD,0,THIRD_PARTY,500.0,250.0,0,0.0
7,TRUCK,DIESEL,PERSONAL,19655.55,36,8972,GOOD,0,COMPREHENSIVE,500.0,560.18,0,0.0
4,SUV,CNG,RIDESHARE,27977.66,21,13696,FAIR,0,COMPREHENSIVE,1000.0,1495.06,1,2632.32
12,SUV,PETROL,PERSONAL,8270.16,27,11405,FAIR,3,COMPREHENSIVE,1000.0,250.0,0,0.0
13,SEDAN,DIESEL,PERSONAL,8730.91,71,9543,GOOD,0,COMPREHENSIVE,1000.0,286.16,0,0.0
12,SUV,PETROL,PERSONAL,13533.57,39,13018,GOOD,1,COMPREHENSIVE,500.0,385.71,0,0.0
0,SUV,PETROL,PERSONAL,31227.2,29,16493,EXCELLENT,1,COMPREHENSIVE,2000.0,889.98,0,0.0
10,SEDAN,CNG,PERSONAL,11326.56,19,5664,GOOD,0,ZERO_DEP_PREMIUM,500.0,495.54,1,758.14
2,SEDAN,DIESEL,COMMERCIAL,23120.92,19,13256,FAIR,0,COMPREHENSIVE,500.0,1111.97,1,4150.66
1,SEDAN,PETROL,COMMERCIAL,20879.57,58,3054,GOOD,0,ZERO_DEP_PREMIUM,1000.0,986.56,0,0.0
11,SEDAN,PETROL,PERSONAL,9435.47,61,11353,POOR,0,ZERO_DEP_PREMIUM,1000.0,330.24,1,2670.8
9,SEDAN,ELECTRIC,PERSONAL,14872.77,51,15628,EXCELLENT,0,ZERO_DEP_PREMIUM,500.0,520.55,0,0.0
4,SEDAN,DIESEL,COMMERCIAL,17804.92,35,17100,POOR,0,COMPREHENSIVE,500.0,685.04,1,1765.45
12,SEDAN,PETROL,PERSONAL,9565.64,33,10138,GOOD,0,COMPREHENSIVE,500.0,272.62,0,0.0
7,SEDAN,CNG,PERSONAL,9737.53,36,10090,FAIR,0,COMPREHENSIVE,500.0,277.52,0,0.0
15,TRUCK,PETROL,RIDESHARE,8066.96,64,11465,GOOD,0,ZERO_DEP_PREMIUM,1000.0,423.52,0,0.0
14,SUV,PETROL,COMMERCIAL,7276.62,42,7539,GOOD,2,COMPREHENSIVE,1000.0,279.97,0,0.0
8,SUV,HYBRID,COMMERCIAL,21072.8,47,13231,FAIR,1,COMPREHENSIVE,500.0,810.78,0,0.0
8,HATCHBACK,PETROL,PERSONAL,7111.57,65,7988,FAIR,0,COMPREHENSIVE,500.0,250.0,0,0.0
0,SUV,PETROL,PERSONAL,30935.81,23,15004,GOOD,0,THIRD_PARTY,500.0,483.37,0,0.0
0,SEDAN,DIESEL,PERSONAL,31801.31,44,9274,GOOD,0,ZERO_DEP_PREMIUM,1000.0,1113.05,0,0.0
0,SUV,ELECTRIC,PERSONAL,29482.99,32,11061,GOOD,0,COMPREHENSIVE,2000.0,840.27,1,2096.86
0,SUV,PETROL,COMMERCIAL,31411.61,48,14747,POOR,0,COMPREHENSIVE,1000.0,1208.56,0,0.0
8,HATCHBACK,HYBRID,PERSONAL,7536.47,61,15359,GOOD,0,THIRD_PARTY,500.0,250.0,0,0.0
0,SUV,ELECTRIC,COMMERCIAL,33552.24,39,15154,GOOD,1,COMPREHENSIVE,250.0,1290.92,0,0.0
6,SEDAN,PETROL,PERSONAL,16385.38,29,13686,FAIR,1,COMPREHENSIVE,2000.0,466.98,0,0.0
5,SEDAN,ELECTRIC,PERSONAL,15194.37,27,7610,GOOD,0,COMPREHENSIVE,500.0,433.04,1,3241.97
8,SEDAN,PETROL,RIDESHARE,11921.71,38,12358,GOOD,1,ZERO_DEP_PREMIUM,500.0,625.89,0,0.0
10,SUV,PETROL,PERSONAL,18281.04,64,11716,EXCELLENT,0,ZERO_DEP_PREMIUM,500.0,639.84,0,0.0
8,SUV,ELECTRIC,PERSONAL,22332.38,72,10606,FAIR,0,COMPREHENSIVE,500.0,731.94,1,10115.92
3,SEDAN,CNG,PERSONAL,25067.04,76,12833,GOOD,0,ZERO_DEP_PREMIUM,2000.0,1008.95,0,0.0
8,COMMERCIAL_VAN,PETROL,PERSONAL,23326.64,48,8621,EXCELLENT,0,COMPREHENSIVE,500.0,664.81,0,0.0
13,SUV,PETROL,PERSONAL,11608.16,53,12343,GOOD,0,COMPREHENSIVE,1000.0,330.83,0,0.0
14,SEDAN,DIESEL,PERSONAL,8000.96,27,11151,GOOD,0,COMPREHENSIVE,250.0,250.0,0,0.0
15,SEDAN,PETROL,PERSONAL,6886.99,75,10441,GOOD,0,COMPREHENSIVE,500.0,250.0,0,0.0
15,SEDAN,PETROL,COMMERCIAL,7897.21,36,7476,GOOD,0,COMPREHENSIVE,1000.0,303.85,0,0.0
12,SEDAN,PETROL,PERSONAL,9102.91,40,7356,FAIR,0,THIRD_PARTY,1000.0,250.0,0,0.0
13,SEDAN,DIESEL,PERSONAL,5934.08,63,18540,EXCELLENT,1,COMPREHENSIVE,500.0,250.0,0,0.0
5,SEDAN,PETROL,PERSONAL,20552.1,27,13016,EXCELLENT,0,THIRD_PARTY,1000.0,256.9,0,0.0
4,SEDAN,PETROL,PERSONAL,21973.23,66,20655,GOOD,0,THIRD_PARTY,2000.0,274.67,0,0.0
8,SEDAN,ELECTRIC,PERSONAL,15579.22,71,20878,EXCELLENT,0,THIRD_PARTY,2000.0,250.0,0,0.0
14,TRUCK,ELECTRIC,PERSONAL,9791.15,78,18033,GOOD,0,COMPREHENSIVE,500.0,320.9,0,0.0
6,SEDAN,DIESEL,PERSONAL,13142.44,76,6731,POOR,0,THIRD_PARTY,500.0,250.0,0,0.0
8,SUV,PETROL,COMMERCIAL,15355.13,44,18849,GOOD,1,ZERO_DEP_PREMIUM,1000.0,725.53,0,0.0
4,SUV,DIESEL,RIDESHARE,26060.97,60,11930,EXCELLENT,0,ZERO_DEP_PREMIUM,1000.0,1368.2,0,0.0
3,COMMERCIAL_VAN,PETROL,COMMERCIAL,22728.55,67,11250,EXCELLENT,0,COMPREHENSIVE,500.0,874.48,0,0.0
9,SEDAN,PETROL,PERSONAL,10789.8,19,10607,EXCELLENT,0,COMPREHENSIVE,500.0,384.39,0,0.0
2,SUV,ELECTRIC,PERSONAL,24669.42,28,10922,EXCELLENT,0,THIRD_PARTY,1000.0,308.37,0,0.0
4,COMMERCIAL_VAN,PETROL,RIDESHARE,23070.46,25,14297,GOOD,1,ZERO_DEP_PREMIUM,500.0,1211.2,1,13937.21
8,TRUCK,PETROL,PERSONAL,24714.94,36,22849,EXCELLENT,0,COMPREHENSIVE,250.0,704.38,0,0.0
2,HATCHBACK,PETROL,COMMERCIAL,17202.85,74,5122,FAIR,0,THIRD_PARTY,1000.0,333.84,0,0.0
15,SEDAN,PETROL,PERSONAL,4524.06,33,21245,FAIR,0,ZERO_DEP_PREMIUM,1000.0,250.0,0,0.0
15,SEDAN,PETROL,PERSONAL,6925.57,21,19290,GOOD,0,COMPREHENSIVE,500.0,250.0,1,3000.73
0,SUV,CNG,COMMERCIAL,26108.71,31,11700,EXCELLENT,0,COMPREHENSIVE,1000.0,1004.53,0,0.0
1,TRUCK,PETROL,COMMERCIAL,30417.37,39,10260,FAIR,0,ZERO_DEP_PREMIUM,250.0,1437.22,1,4407.63
9,SUV,PETROL,COMMERCIAL,18387.34,34,6438,EXCELLENT,1,ZERO_DEP_PREMIUM,500.0,868.8,0,0.0
4,SUV,PETROL,RIDESHARE,29992.85,60,8413,EXCELLENT,0,COMPREHENSIVE,2000.0,1282.19,0,0.0
2,SEDAN,HYBRID,PERSONAL,27339.26,75,9767,GOOD,0,ZERO_DEP_PREMIUM,500.0,1100.41,0,0.0
5,HATCHBACK,DIESEL,PERSONAL,10303.71,43,12035,GOOD,1,COMPREHENSIVE,500.0,293.66,0,0.0
14,SEDAN,PETROL,RIDESHARE,9038.97,52,12366,GOOD,1,COMPREHENSIVE,500.0,386.42,0,0.0
14,SEDAN,HYBRID,PERSONAL,5671.02,53,15925,EXCELLENT,0,COMPREHENSIVE,500.0,250.0,0,0.0
10,SUV,PETROL,PERSONAL,12263.82,70,15431,EXCELLENT,0,THIRD_PARTY,500.0,250.0,0,0.0
7,SUV,PETROL,PERSONAL,14773.92,62,13574,FAIR,0,COMPREHENSIVE,2000.0,421.06,0,0.0
5,SEDAN,PETROL,PERSONAL,20415.32,66,12303,GOOD,0,COMPREHENSIVE,500.0,581.84,0,0.0
15,SEDAN,PETROL,PERSONAL,5434.12,47,17644,EXCELLENT,0,ZERO_DEP_PREMIUM,250.0,250.0,0,0.0
9,SUV,PETROL,PERSONAL,12460.84,69,16277,GOOD,0,COMPREHENSIVE,1000.0,408.4,0,0.0
8,SEDAN,DIESEL,COMMERCIAL,13891.55,38,14502,EXCELLENT,1,THIRD_PARTY,500.0,250.0,0,0.0
14,SUV,PETROL,PERSONAL,7248.18,37,10674,GOOD,0,COMPREHENSIVE,1000.0,250.0,1,578.75
5,SEDAN,DIESEL,PERSONAL,11867.33,59,17475,EXCELLENT,1,COMPREHENSIVE,500.0,338.22,0,0.0
13,SUV,PETROL,PERSONAL,8184.19,43,16256,GOOD,0,COMPREHENSIVE,2000.0,250.0,0,0.0
4,SUV,PETROL,PERSONAL,17285.05,72,11393,GOOD,1,THIRD_PARTY,500.0,250.0,0,0.0
3,SEDAN,PETROL,PERSONAL,23274.21,73,3871,FAIR,1,COMPREHENSIVE,1000.0,762.81,0,0.0
1,SEDAN,HYBRID,PERSONAL,25873.74,29,12927,EXCELLENT,0,THIRD_PARTY,1000.0,323.42,0,0.0
5,SEDAN,PETROL,PERSONAL,13741.02,25,9384,GOOD,1,COMPREHENSIVE,500.0,391.62,0,0.0
15,SEDAN,DIESEL,PERSONAL,5453.27,52,15727,POOR,0,ZERO_DEP_PREMIUM,1000.0,250.0,0,0.0
15,COMMERCIAL_VAN,PETROL,PERSONAL,11706.13,46,13471,FAIR,0,THIRD_PARTY,1000.0,250.0,0,0.0
1,SEDAN,PETROL,PERSONAL,24873.14,70,4972,POOR,0,COMPREHENSIVE,2000.0,815.22,0,0.0
15,HATCHBACK,PETROL,PERSONAL,4622.87,59,13826,POOR,0,COMPREHENSIVE,2000.0,250.0,0,0.0
4,SEDAN,PETROL,PERSONAL,18131.32,73,20218,GOOD,0,COMPREHENSIVE,500.0,594.25,0,0.0
0,SUV,PETROL,PERSONAL,31190.49,24,11812,EXCELLENT,0,COMPREHENSIVE,1000.0,1111.16,0,0.0
2,HATCHBACK,PETROL,PERSONAL,18274.93,74,12462,FAIR,0,COMPREHENSIVE,2000.0,598.96,0,0.0
9,SUV,ELECTRIC,RIDESHARE,16883.68,78,10956,GOOD,0,COMPREHENSIVE,250.0,830.04,0,0.0
4,SUV,PETROL,PERSONAL,19544.37,27,12824,GOOD,0,ZERO_DEP_PREMIUM,1000.0,684.05,1,4485.96
12,SUV,DIESEL,COMMERCIAL,11426.43,56,19430,GOOD,0,COMPREHENSIVE,500.0,439.63,0,0.0
12,SEDAN,PETROL,PERSONAL,7801.95,67,17249,GOOD,0,THIRD_PARTY,1000.0,250.0,0,0.0
6,TRUCK,DIESEL,COMMERCIAL,21234.84,37,9908,GOOD,0,ZERO_DEP_PREMIUM,1000.0,1003.35,0,0.0
7,HATCHBACK,DIESEL,PERSONAL,11190.22,45,12172,GOOD,0,THIRD_PARTY,1000.0,250.0,0,0.0
6,COMMERCIAL_VAN,PETROL,COMMERCIAL,28411.9,31,12464,EXCELLENT,0,ZERO_DEP_PREMIUM,2000.0,1342.46,0,0.0
6,SEDAN,PETROL,PERSONAL,12393.45,29,14352,FAIR,1,COMPREHENSIVE,500.0,353.21,0,0.0
10,HATCHBACK,ELECTRIC,COMMERCIAL,5897.34,25,14435,FAIR,1,COMPREHENSIVE,1000.0,250.0,1,841.93
14,TRUCK,HYBRID,PERSONAL,14494.85,74,12068,GOOD,0,COMPREHENSIVE,500.0,475.07,0,0.0
1,SEDAN,PETROL,PERSONAL,20015.28,24,6898,EXCELLENT,0,THIRD_PARTY,2000.0,312.74,0,0.0
5,SEDAN,PETROL,COMMERCIAL,18076.01,22,11984,EXCELLENT,0,COMPREHENSIVE,2000.0,869.34,0,0.0
4,HATCHBACK,HYBRID,PERSONAL,13055.09,18,10868,EXCELLENT,0,COMPREHENSIVE,2000.0,465.09,0,0.0
10,SUV,PETROL,RIDESHARE,16230.9,64,8461,EXCELLENT,0,COMPREHENSIVE,2000.0,693.87,1,2117.78
14,HATCHBACK,DIESEL,PERSONAL,5103.65,26,16047,GOOD,0,ZERO_DEP_PREMIUM,1000.0,250.0,0,0.0
8,SEDAN,PETROL,PERSONAL,14606.95,61,12586,EXCELLENT,0,COMPREHENSIVE,2000.0,416.3,0,0.0
11,HATCHBACK,PETROL,COMMERCIAL,7798.18,71,7852,EXCELLENT,1,COMPREHENSIVE,250.0,345.04,0,0.0
9,SEDAN,DIESEL,PERSONAL,10486.97,35,21409,GOOD,0,THIRD_PARTY,500.0,250.0,0,0.0
10,SEDAN,DIESEL,PERSONAL,13314.27,60,14374,POOR,2,ZERO_DEP_PREMIUM,1000.0,466.0,0,0.0
3,SEDAN,PETROL,COMMERCIAL,14014.08,59,16063,EXCELLENT,1,ZERO_DEP_PREMIUM,1000.0,662.17,0,0.0
11,HATCHBACK,DIESEL,COMMERCIAL,5112.79,27,17216,GOOD,0,COMPREHENSIVE,1000.0,250.0,0,0.0
6,SUV,ELECTRIC,RIDESHARE,15006.58,67,10537,POOR,1,COMPREHENSIVE,1000.0,641.53,0,0.0
10,SUV,DIESEL,PERSONAL,16203.74,75,14946,POOR,0,ZERO_DEP_PREMIUM,250.0,652.2,0,0.0
7,SEDAN,PETROL,PERSONAL,10352.99,18,3815,GOOD,0,THIRD_PARTY,2000.0,250.0,0,0.0
13,TRUCK,DIESEL,PERSONAL,16682.13,77,16830,GOOD,1,COMPREHENSIVE,1000.0,546.76,0,0.0
5,SUV,ELECTRIC,PERSONAL,25893.66,37,12193,EXCELLENT,0,COMPREHENSIVE,1000.0,737.97,1,14691.79
2,HATCHBACK,ELECTRIC,COMMERCIAL,9541.97,75,14870,EXCELLENT,0,THIRD_PARTY,500.0,250.0,0,0.0
10,SUV,DIESEL,PERSONAL,16827.6,60,12184,GOOD,0,COMPREHENSIVE,1000.0,479.59,0,0.0
4,SEDAN,PETROL,PERSONAL,23239.39,46,20679,GOOD,1,THIRD_PARTY,500.0,290.49,0,0.0
0,SUV,ELECTRIC,PERSONAL,41860.25,19,18008,FAIR,0,COMPREHENSIVE,1000.0,1491.27,0,0.0
13,SEDAN,DIESEL,PERSONAL,5503.86,43,3000,EXCELLENT,0,COMPREHENSIVE,2000.0,250.0,1,2177.42
12,HATCHBACK,PETROL,RIDESHARE,6710.3,28,14987,FAIR,0,COMPREHENSIVE,500.0,286.87,0,0.0
7,SUV,PETROL,PERSONAL,22560.8,42,11230,GOOD,1,THIRD_PARTY,250.0,282.01,1,5285.19
11,SEDAN,PETROL,PERSONAL,8890.34,51,15165,GOOD,0,COMPREHENSIVE,500.0,253.37,0,0.0
11,TRUCK,DIESEL,COMMERCIAL,14501.41,76,15102,GOOD,0,COMPREHENSIVE,1000.0,641.63,0,0.0
11,SUV,PETROL,PERSONAL,13214.93,58,9156,GOOD,0,THIRD_PARTY,1000.0,250.0,1,1852.82
10,SUV,DIESEL,PERSONAL,18322.4,18,11978,EXCELLENT,0,COMPREHENSIVE,500.0,652.74,1,2762.96
15,TRUCK,HYBRID,PERSONAL,9371.23,72,7912,GOOD,1,THIRD_PARTY,500.0,250.0,0,0.0
1,SUV,ELECTRIC,PERSONAL,25247.3,48,19187,EXCELLENT,0,THIRD_PARTY,1000.0,315.59,1,1284.97
12,SEDAN,HYBRID,PERSONAL,10943.65,55,13972,GOOD,0,ZERO_DEP_PREMIUM,500.0,383.03,0,0.0
9,TRUCK,CNG,COMMERCIAL,13526.74,39,14446,EXCELLENT,1,THIRD_PARTY,500.0,250.0,0,0.0
6,SUV,PETROL,PERSONAL,27346.95,19,13867,GOOD,0,ZERO_DEP_PREMIUM,250.0,1196.43,0,0.0
8,SEDAN,DIESEL,PERSONAL,11175.35,64,7730,EXCELLENT,0,COMPREHENSIVE,2000.0,318.5,0,0.0
0,SEDAN,PETROL,RIDESHARE,27449.65,18,15347,GOOD,0,THIRD_PARTY,500.0,643.35,0,0.0
12,HATCHBACK,HYBRID,COMMERCIAL,4500.0,75,20533,GOOD,0,COMPREHENSIVE,500.0,250.0,0,0.0
3,SUV,PETROL,PERSONAL,36123.8,73,5497,GOOD,0,ZERO_DEP_PREMIUM,2000.0,1453.98,0,0.0
6,SUV,CNG,PERSONAL,25040.69,41,12861,GOOD,0,COMPREHENSIVE,500.0,713.66,0,0.0
13,TRUCK,DIESEL,PERSONAL,17391.18,67,15918,GOOD,0,COMPREHENSIVE,1000.0,495.65,0,0.0
15,HATCHBACK,ELECTRIC,PERSONAL,4581.23,53,9131,FAIR,1,COMPREHENSIVE,500.0,250.0,0,0.0
8,SEDAN,PETROL,PERSONAL,10139.32,78,15795,EXCELLENT,0,COMPREHENSIVE,1000.0,332.32,0,0.0
1,SEDAN,PETROL,PERSONAL,21667.52,62,12702,GOOD,0,THIRD_PARTY,500.0,270.84,0,0.0
1,SEDAN,ELECTRIC,PERSONAL,24625.19,53,9293,GOOD,0,THIRD_PARTY,1000.0,307.81,0,0.0
5,HATCHBACK,PETROL,PERSONAL,11233.38,64,3000,POOR,0,COMPREHENSIVE,500.0,320.15,0,0.0
2,SEDAN,ELECTRIC,PERSONAL,29034.48,51,12052,EXCELLENT,0,ZERO_DEP_PREMIUM,1000.0,1016.21,0,0.0
3,SUV,PETROL,PERSONAL,26281.22,76,12170,GOOD,0,COMPREHENSIVE,1000.0,861.37,0,0.0
2,HATCHBACK,DIESEL,PERSONAL,15795.52,26,18413,POOR,1,COMPREHENSIVE,2000.0,450.17,0,0.0
12,TRUCK,PETROL,PERSONAL,19477.22,29,14024,GOOD,0,ZERO_DEP_PREMIUM,500.0,681.7,0,0.0
0,SEDAN,DIESEL,PERSONAL,20973.21,63,10115,GOOD,0,COMPREHENSIVE,1000.0,597.74,1,6542.67
13,HATCHBACK,DIESEL,PERSONAL,6122.11,37,5428,GOOD,1,COMPREHENSIVE,2000.0,250.0,0,0.0
13,SEDAN,PETROL,PERSONAL,7587.76,21,16435,EXCELLENT,0,COMPREHENSIVE,500.0,270.31,0,0.0
5,HATCHBACK,PETROL,PERSONAL,12108.17,32,13028,GOOD,1,THIRD_PARTY,500.0,250.0,0,0.0
10,SEDAN,PETROL,PERSONAL,9167.79,21,10726,EXCELLENT,0,COMPREHENSIVE,1000.0,326.6,1,3409.86
15,SUV,DIESEL,COMMERCIAL,8169.06,22,10064,EXCELLENT,0,THIRD_PARTY,500.0,250.0,0,0.0
10,HATCHBACK,DIESEL,RIDESHARE,4500.0,27,18095,EXCELLENT,0,THIRD_PARTY,500.0,250.0,0,0.0
12,SEDAN,ELECTRIC,PERSONAL,11570.28,61,18760,FAIR,0,COMPREHENSIVE,500.0,329.75,0,0.0
1,SEDAN,DIESEL,RIDESHARE,30034.4,61,9679,POOR,0,ZERO_DEP_PREMIUM,2000.0,1576.81,0,0.0
1,HATCHBACK,PETROL,PERSONAL,11149.21,57,3000,GOOD,0,ZERO_DEP_PREMIUM,250.0,390.22,0,0.0
6,HATCHBACK,PETROL,PERSONAL,12717.15,53,11539,EXCELLENT,0,ZERO_DEP_PREMIUM,500.0,445.1,1,1117.05
4,SUV,PETROL,RIDESHARE,27736.25,52,13517,FAIR,0,ZERO_DEP_PREMIUM,250.0,1456.15,0,0.0
7,SUV,PETROL,PERSONAL,24139.95,76,12825,GOOD,0,THIRD_PARTY,1000.0,347.01,0,0.0
13,SUV,CNG,PERSONAL,7887.96,18,5415,FAIR,0,THIRD_PARTY,250.0,250.0,0,0.0
1,SEDAN,HYBRID,PERSONAL,23012.09,35,19398,GOOD,0,THIRD_PARTY,250.0,287.65,0,0.0
12,SEDAN,PETROL,PERSONAL,9799.27,69,4128,POOR,1,COMPREHENSIVE,2000.0,321.17,1,947.03
9,SEDAN,DIESEL,PERSONAL,8617.26,74,9129,EXCELLENT,1,THIRD_PARTY,1000.0,250.0,0,0.0
7,TRUCK,ELECTRIC,PERSONAL,23697.73,48,7901,EXCELLENT,0,COMPREHENSIVE,1000.0,675.39,0,0.0
6,SUV,PETROL,PERSONAL,20645.16,63,7663,GOOD,0,COMPREHENSIVE,500.0,588.39,0,0.0
12,SUV,PETROL,PERSONAL,9882.01,66,3000,GOOD,1,THIRD_PARTY,500.0,250.0,0,0.0
9,SUV,PETROL,PERSONAL,14021.89,23,12772,POOR,1,COMPREHENSIVE,2000.0,499.53,0,0.0
13,TRUCK,DIESEL,RIDESHARE,17779.49,23,18865,POOR,0,THIRD_PARTY,2000.0,416.71,0,0.0
7,SEDAN,CNG,COMMERCIAL,12119.8,59,11758,FAIR,1,COMPREHENSIVE,1000.0,466.31,0,0.0
10,SUV,DIESEL,PERSONAL,11907.7,36,7965,EXCELLENT,0,COMPREHENSIVE,2000.0,339.37,0,0.0
15,SUV,PETROL,PERSONAL,9407.45,49,18843,FAIR,0,ZERO_DEP_PREMIUM,1000.0,329.26,0,0.0
2,SUV,PETROL,COMMERCIAL,34869.75,59,16276,GOOD,0,ZERO_DEP_PREMIUM,500.0,1647.6,0,0.0
7,SEDAN,ELECTRIC,PERSONAL,16224.59,74,8699,POOR,0,THIRD_PARTY,2000.0,250.0,0,0.0
14,TRUCK,ELECTRIC,PERSONAL,14428.49,47,13950,EXCELLENT,0,ZERO_DEP_PREMIUM,500.0,505.0,0,0.0
5,TRUCK,DIESEL,PERSONAL,19928.12,43,17355,EXCELLENT,1,COMPREHENSIVE,1000.0,567.95,0,0.0
1,SUV,DIESEL,COMMERCIAL,31961.71,20,8432,FAIR,1,COMPREHENSIVE,500.0,1537.16,1,9487.97
5,SUV,PETROL,PERSONAL,27896.57,50,13047,FAIR,0,COMPREHENSIVE,250.0,795.05,0,0.0
4,TRUCK,ELECTRIC,PERSONAL,40232.55,67,10751,FAIR,1,COMPREHENSIVE,1000.0,1146.63,0,0.0
2,HATCHBACK,ELECTRIC,PERSONAL,14859.96,48,7133,EXCELLENT,0,COMPREHENSIVE,2000.0,423.51,0,0.0
0,SEDAN,PETROL,PERSONAL,19151.98,64,13248,FAIR,0,THIRD_PARTY,500.0,250.0,0,0.0
6,SUV,ELECTRIC,PERSONAL,19986.43,37,14445,GOOD,0,COMPREHENSIVE,500.0,569.61,0,0.0
1,SUV,PETROL,PERSONAL,24634.18,21,12698,GOOD,0,COMPREHENSIVE,1000.0,877.59,0,0.0
0,SUV,PETROL,PERSONAL,44063.15,49,8827,GOOD,0,COMPREHENSIVE,500.0,1255.8,0,0.0
0,HATCHBACK,PETROL,PERSONAL,11911.26,35,21953,FAIR,0,ZERO_DEP_PREMIUM,250.0,416.89,0,0.0
15,TRUCK,PETROL,PERSONAL,8874.78,27,10296,GOOD,0,THIRD_PARTY,500.0,250.0,1,1060.79
6,TRUCK,PETROL,COMMERCIAL,24783.13,39,15012,EXCELLENT,0,ZERO_DEP_PREMIUM,500.0,1171.0,0,0.0
11,SUV,PETROL,COMMERCIAL,13061.58,71,16133,GOOD,1,ZERO_DEP_PREMIUM,1000.0,709.73,0,0.0
0,SEDAN,DIESEL,PERSONAL,25597.97,68,3000,FAIR,0,THIRD_PARTY,500.0,319.97,0,0.0
8,COMMERCIAL_VAN,DIESEL,PERSONAL,18305.21,34,16232,EXCELLENT,0,COMPREHENSIVE,1000.0,521.7,0,0.0
5,HATCHBACK,PETROL,PERSONAL,11974.1,59,12540,EXCELLENT,0,COMPREHENSIVE,500.0,341.26,0,0.0
3,SEDAN,PETROL,PERSONAL,18779.51,74,11316,GOOD,1,COMPREHENSIVE,2000.0,615.5,0,0.0
11,TRUCK,DIESEL,PERSONAL,16893.01,21,11946,EXCELLENT,0,COMPREHENSIVE,1000.0,601.81,1,5610.93
3,TRUCK,PETROL,PERSONAL,30251.18,74,15122,EXCELLENT,0,COMPREHENSIVE,500.0,991.48,0,0.0
14,SUV,PETROL,PERSONAL,9109.18,54,3000,FAIR,0,COMPREHENSIVE,500.0,259.61,1,790.42
12,SUV,HYBRID,PERSONAL,13114.35,24,12643,EXCELLENT,1,COMPREHENSIVE,250.0,467.2,1,1581.38
11,SUV,ELECTRIC,RIDESHARE,13310.25,68,14439,GOOD,0,COMPREHENSIVE,500.0,569.01,0,0.0
13,SEDAN,HYBRID,PERSONAL,9202.46,68,22224,GOOD,0,COMPREHENSIVE,500.0,262.27,0,0.0
4,SEDAN,DIESEL,PERSONAL,19476.52,25,6424,GOOD,0,ZERO_DEP_PREMIUM,1000.0,681.68,0,0.0
1,HATCHBACK,PETROL,PERSONAL,18382.03,18,14495,GOOD,1,COMPREHENSIVE,1000.0,654.86,0,0.0
4,SEDAN,DIESEL,COMMERCIAL,18014.66,73,10321,POOR,0,THIRD_PARTY,500.0,349.6,0,0.0
1,SEDAN,PETROL,COMMERCIAL,24694.5,25,14680,GOOD,0,COMPREHENSIVE,500.0,950.12,0,0.0
11,SUV,PETROL,PERSONAL,14913.0,36,16399,GOOD,0,COMPREHENSIVE,1000.0,425.02,0,0.0
3,SUV,PETROL,PERSONAL,23191.41,34,9191,GOOD,0,COMPREHENSIVE,1000.0,660.96,0,0.0
9,TRUCK,ELECTRIC,PERSONAL,18266.88,58,21298,GOOD,1,COMPREHENSIVE,500.0,520.61,0,0.0
10,SEDAN,PETROL,PERSONAL,11515.86,69,18447,EXCELLENT,1,COMPREHENSIVE,500.0,377.43,0,0.0
13,SEDAN,HYBRID,PERSONAL,5495.06,72,16046,POOR,0,ZERO_DEP_PREMIUM,500.0,250.0,0,0.0
4,HATCHBACK,HYBRID,PERSONAL,11036.51,65,10894,EXCELLENT,0,THIRD_PARTY,250.0,250.0,0,0.0
5,SUV,DIESEL,PERSONAL,25142.89,26,10004,GOOD,0,ZERO_DEP_PREMIUM,2000.0,880.0,0,0.0
5,SEDAN,ELECTRIC,COMMERCIAL,22344.24,68,14478,FAIR,0,COMPREHENSIVE,1000.0,859.69,1,4818.54
8,SUV,DIESEL,PERSONAL,22243.33,33,10726,FAIR,1,ZERO_DEP_PREMIUM,1000.0,778.52,0,0.0
3,SEDAN,ELECTRIC,PERSONAL,17565.37,70,10143,EXCELLENT,0,ZERO_DEP_PREMIUM,1000.0,707.01,0,0.0
12,SEDAN,PETROL,PERSONAL,8845.9,75,21118,GOOD,0,COMPREHENSIVE,500.0,289.92,0,0.0
13,SUV,ELECTRIC,COMMERCIAL,7812.19,76,14963,EXCELLENT,0,COMPREHENSIVE,500.0,345.66,0,0.0
4,SUV,DIESEL,PERSONAL,21441.34,62,16205,FAIR,0,COMPREHENSIVE,2000.0,611.08,0,0.0
5,TRUCK,HYBRID,RIDESHARE,34113.07,68,20944,GOOD,0,COMPREHENSIVE,500.0,1458.33,0,0.0
3,SEDAN,DIESEL,PERSONAL,15406.24,54,12874,EXCELLENT,0,COMPREHENSIVE,250.0,439.08,1,1842.41
5,SUV,DIESEL,RIDESHARE,19777.95,44,9653,FAIR,0,ZERO_DEP_PREMIUM,500.0,1038.34,0,0.0
1,SUV,ELECTRIC,COMMERCIAL,44580.78,19,7684,GOOD,1,THIRD_PARTY,500.0,940.38,0,0.0
11,SEDAN,ELECTRIC,PERSONAL,11762.98,53,18595,EXCELLENT,0,THIRD_PARTY,250.0,250.0,1,1350.91
12,SUV,DIESEL,RIDESHARE,14479.81,29,10822,GOOD,0,COMPREHENSIVE,500.0,619.01,1,1636.95
6,SEDAN,PETROL,PERSONAL,19270.61,67,3000,EXCELLENT,0,ZERO_DEP_PREMIUM,500.0,674.47,0,0.0
2,COMMERCIAL_VAN,DIESEL,PERSONAL,38539.37,52,3000,POOR,0,COMPREHENSIVE,500.0,1098.37,0,0.0
13,SEDAN,CNG,PERSONAL,5984.87,48,5860,GOOD,1,THIRD_PARTY,500.0,250.0,0,0.0
9,SUV,ELECTRIC,PERSONAL,16354.34,70,10809,GOOD,0,COMPREHENSIVE,250.0,536.01,0,0.0
3,SEDAN,ELECTRIC,COMMERCIAL,19807.79,74,11480,POOR,2,THIRD_PARTY,250.0,384.39,0,0.0
8,COMMERCIAL_VAN,PETROL,COMMERCIAL,16400.82,36,14867,GOOD,0,ZERO_DEP_PREMIUM,1000.0,774.94,0,0.0
14,SUV,DIESEL,PERSONAL,12342.1,43,7383,GOOD,1,ZERO_DEP_PREMIUM,2000.0,431.97,0,0.0
14,SUV,DIESEL,PERSONAL,9852.86,71,13482,EXCELLENT,0,THIRD_PARTY,1000.0,250.0,0,0.0
11,SEDAN,ELECTRIC,PERSONAL,6838.4,53,16478,POOR,0,COMPREHENSIVE,1000.0,250.0,0,0.0
15,HATCHBACK,PETROL,PERSONAL,4500.0,21,11852,FAIR,0,ZERO_DEP_PREMIUM,1000.0,250.0,1,1097.95
14,SEDAN,HYBRID,PERSONAL,5971.3,65,10408,EXCELLENT,0,COMPREHENSIVE,2000.0,250.0,0,0.0
12,TRUCK,DIESEL,RIDESHARE,18746.9,60,8600,GOOD,0,COMPREHENSIVE,2000.0,801.43,0,0.0
4,SEDAN,PETROL,PERSONAL,20561.09,78,17656,POOR,0,THIRD_PARTY,1000.0,295.57,0,0.0
8,SEDAN,PETROL,PERSONAL,13354.63,48,6335,GOOD,0,THIRD_PARTY,1000.0,250.0,0,0.0
9,SEDAN,PETROL,COMMERCIAL,11734.27,75,19596,GOOD,0,ZERO_DEP_PREMIUM,500.0,637.61,1,3453.63
12,SUV,DIESEL,PERSONAL,13409.45,75,12398,GOOD,0,COMPREHENSIVE,250.0,439.49,0,0.0
9,SUV,PETROL,PERSONAL,18924.28,30,7825,FAIR,0,ZERO_DEP_PREMIUM,250.0,662.35,0,0.0
9,SEDAN,PETROL,PERSONAL,12106.05,70,16283,POOR,2,COMPREHENSIVE,1000.0,396.78,1,2563.85
11,HATCHBACK,ELECTRIC,PERSONAL,7692.92,60,14786,FAIR,0,THIRD_PARTY,250.0,250.0,0,0.0
9,SUV,PETROL,RIDESHARE,21317.85,56,14370,POOR,0,COMPREHENSIVE,1000.0,911.34,0,0.0
5,SUV,PETROL,PERSONAL,31377.98,76,15668,FAIR,0,ZERO_DEP_PREMIUM,500.0,1262.96,0,0.0
7,SUV,DIESEL,PERSONAL,21739.44,63,13228,EXCELLENT,2,THIRD_PARTY,500.0,271.74,0,0.0
4,SUV,DIESEL,PERSONAL,33397.4,21,14564,EXCELLENT,1,THIRD_PARTY,500.0,521.83,0,0.0
4,SUV,ELECTRIC,PERSONAL,24270.66,57,18623,FAIR,1,COMPREHENSIVE,1000.0,691.71,0,0.0
2,SEDAN,PETROL,COMMERCIAL,28026.7,61,13411,EXCELLENT,0,COMPREHENSIVE,500.0,1078.33,0,0.0
6,SEDAN,ELECTRIC,RIDESHARE,19731.74,30,16188,FAIR,1,THIRD_PARTY,500.0,369.97,1,1816.33
1,TRUCK,DIESEL,COMMERCIAL,53369.25,74,3000,FAIR,0,ZERO_DEP_PREMIUM,1000.0,2899.95,0,0.0
10,TRUCK,PETROL,PERSONAL,21959.2,58,13959,GOOD,1,THIRD_PARTY,1000.0,274.49,0,0.0
11,SEDAN,PETROL,PERSONAL,9071.88,26,23852,GOOD,1,ZERO_DEP_PREMIUM,1000.0,317.52,0,0.0
2,SEDAN,PETROL,PERSONAL,17466.38,19,4459,EXCELLENT,0,COMPREHENSIVE,500.0,622.24,0,0.0
14,SUV,PETROL,PERSONAL,8976.8,52,21501,EXCELLENT,0,COMPREHENSIVE,1000.0,255.84,0,0.0
1,SUV,ELECTRIC,PERSONAL,40527.46,70,15744,FAIR,0,COMPREHENSIVE,1000.0,1328.29,1,15837.45
15,SEDAN,DIESEL,PERSONAL,5452.74,29,4862,EXCELLENT,0,COMPREHENSIVE,250.0,250.0,0,0.0
14,SEDAN,PETROL,RIDESHARE,7184.64,34,12682,POOR,0,COMPREHENSIVE,500.0,307.14,0,0.0
12,HATCHBACK,PETROL,PERSONAL,5653.79,21,14309,GOOD,1,COMPREHENSIVE,2000.0,250.0,0,0.0
7,SUV,PETROL,PERSONAL,20886.05,76,16600,FAIR,0,ZERO_DEP_PREMIUM,2000.0,840.66,0,0.0
3,SEDAN,DIESEL,PERSONAL,26548.46,31,10541,EXCELLENT,1,THIRD_PARTY,500.0,331.86,0,0.0
9,SEDAN,PETROL,PERSONAL,12940.24,38,15633,GOOD,0,COMPREHENSIVE,1000.0,368.8,0,0.0
7,SEDAN,DIESEL,PERSONAL,16800.23,58,18733,GOOD,0,COMPREHENSIVE,250.0,478.81,0,0.0
7,SUV,PETROL,PERSONAL,20599.82,25,16489,EXCELLENT,1,THIRD_PARTY,1000.0,257.5,0,0.0
7,SEDAN,DIESEL,PERSONAL,17244.92,50,17869,GOOD,1,COMPREHENSIVE,500.0,491.48,0,0.0
7,SEDAN,HYBRID,PERSONAL,11884.82,62,10495,POOR,1,COMPREHENSIVE,250.0,338.72,1,2131.62
7,HATCHBACK,PETROL,COMMERCIAL,7002.44,45,15583,EXCELLENT,0,COMPREHENSIVE,500.0,269.42,0,0.0
15,SEDAN,DIESEL,PERSONAL,8519.63,20,22849,EXCELLENT,1,THIRD_PARTY,1000.0,250.0,0,0.0
11,SUV,CNG,PERSONAL,15122.94,31,7640,FAIR,0,COMPREHENSIVE,500.0,431.0,0,0.0
8,SEDAN,PETROL,PERSONAL,14305.91,36,14399,FAIR,0,ZERO_DEP_PREMIUM,500.0,500.71,0,0.0
15,SEDAN,DIESEL,PERSONAL,6489.48,76,7482,EXCELLENT,0,COMPREHENSIVE,1000.0,250.0,0,0.0
1,SEDAN,PETROL,RIDESHARE,22800.86,23,18146,EXCELLENT,1,COMPREHENSIVE,1000.0,1218.42,0,0.0
8,HATCHBACK,DIESEL,PERSONAL,8193.56,53,3604,EXCELLENT,0,ZERO_DEP_PREMIUM,1000.0,286.77,0,0.0
7,TRUCK,PETROL,PERSONAL,17835.2,37,9944,EXCELLENT,1,ZERO_DEP_PREMIUM,500.0,624.23,0,0.0
10,HATCHBACK,CNG,COMMERCIAL,6344.67,18,22881,EXCELLENT,0,ZERO_DEP_PREMIUM,1000.0,374.73,0,0.0
9,SUV,ELECTRIC,PERSONAL,15694.44,77,10274,GOOD,0,THIRD_PARTY,1000.0,250.0,0,0.0
0,SUV,ELECTRIC,PERSONAL,38766.08,27,12225,GOOD,0,COMPREHENSIVE,2000.0,1104.83,0,0.0
13,SEDAN,ELECTRIC,PERSONAL,8730.59,30,18109,GOOD,0,THIRD_PARTY,500.0,250.0,0,0.0
4,SEDAN,DIESEL,PERSONAL,24428.59,29,11876,EXCELLENT,0,COMPREHENSIVE,500.0,696.21,0,0.0
10,TRUCK,PETROL,COMMERCIAL,19816.14,28,3354,GOOD,0,COMPREHENSIVE,2000.0,762.43,0,0.0
1,SEDAN,HYBRID,PERSONAL,31198.26,53,7683,EXCELLENT,0,COMPREHENSIVE,500.0,889.15,0,0.0
9,SEDAN,CNG,PERSONAL,12121.0,34,18431,EXCELLENT,0,COMPREHENSIVE,1000.0,345.45,0,0.0
4,SEDAN,DIESEL,PERSONAL,20305.11,64,19121,GOOD,2,ZERO_DEP_PREMIUM,2000.0,710.68,0,0.0
12,SEDAN,HYBRID,PERSONAL,6278.93,70,3467,EXCELLENT,0,COMPREHENSIVE,1000.0,250.0,0,0.0
14,SEDAN,DIESEL,PERSONAL,5507.85,46,8227,FAIR,1,ZERO_DEP_PREMIUM,1000.0,250.0,0,0.0
7,SUV,DIESEL,PERSONAL,20571.07,20,9474,EXCELLENT,0,ZERO_DEP_PREMIUM,250.0,899.98,0,0.0
8,SUV,DIESEL,PERSONAL,16539.71,46,10786,FAIR,0,COMPREHENSIVE,500.0,471.38,0,0.0
8,TRUCK,PETROL,PERSONAL,26053.57,27,8319,GOOD,0,COMPREHENSIVE,1000.0,742.53,0,0.0
0,HATCHBACK,PETROL,RIDESHARE,17283.59,70,12976,GOOD,2,THIRD_PARTY,1000.0,372.68,1,5408.71
6,SEDAN,PETROL,PERSONAL,19453.89,63,9921,GOOD,0,COMPREHENSIVE,250.0,554.44,0,0.0
15,SEDAN,DIESEL,PERSONAL,8723.13,36,10571,EXCELLENT,0,COMPREHENSIVE,250.0,250.0,0,0.0
11,SEDAN,PETROL,PERSONAL,7401.68,70,7402,EXCELLENT,1,COMPREHENSIVE,500.0,250.0,0,0.0
10,SUV,PETROL,RIDESHARE,13687.84,21,16026,GOOD,0,THIRD_PARTY,1000.0,320.81,0,0.0
7,SEDAN,CNG,COMMERCIAL,15659.23,74,6257,GOOD,0,ZERO_DEP_PREMIUM,500.0,850.88,0,0.0
9,SUV,PETROL,COMMERCIAL,14078.17,63,14217,GOOD,0,ZERO_DEP_PREMIUM,250.0,665.19,0,0.0
2,SUV,DIESEL,PERSONAL,26440.58,55,17014,GOOD,2,COMPREHENSIVE,500.0,753.56,0,0.0
12,SUV,PETROL,COMMERCIAL,14739.13,29,21459,EXCELLENT,0,COMPREHENSIVE,1000.0,567.09,0,0.0
15,SUV,PETROL,PERSONAL,12127.45,48,14752,POOR,0,THIRD_PARTY,500.0,250.0,0,0.0
5,SEDAN,ELECTRIC,PERSONAL,20145.77,75,13517,EXCELLENT,1,COMPREHENSIVE,250.0,660.28,0,0.0
10,TRUCK,DIESEL,PERSONAL,18275.0,19,4893,EXCELLENT,0,THIRD_PARTY,250.0,285.55,0,0.0
2,HATCHBACK,ELECTRIC,COMMERCIAL,13378.89,66,19127,POOR,0,ZERO_DEP_PREMIUM,1000.0,632.15,0,0.0
8,SEDAN,PETROL,COMMERCIAL,13177.22,18,13143,EXCELLENT,0,COMPREHENSIVE,500.0,633.74,0,0.0
12,TRUCK,DIESEL,COMMERCIAL,14529.28,34,13892,POOR,1,THIRD_PARTY,500.0,250.0,0,0.0
2,SUV,PETROL,RIDESHARE,31362.45,42,14279,EXCELLENT,0,THIRD_PARTY,250.0,588.05,0,0.0
1,TRUCK,PETROL,PERSONAL,33730.38,22,13014,EXCELLENT,1,COMPREHENSIVE,500.0,1201.64,0,0.0
8,HATCHBACK,PETROL,PERSONAL,10026.68,65,12535,EXCELLENT,0,ZERO_DEP_PREMIUM,1000.0,350.93,0,0.0
14,SUV,PETROL,PERSONAL,11807.07,31,10859,GOOD,0,ZERO_DEP_PREMIUM,250.0,413.25,0,0.0
10,SEDAN,PETROL,COMMERCIAL,11913.71,69,15771,GOOD,1,THIRD_PARTY,2000.0,250.0,1,724.34
12,SEDAN,PETROL,PERSONAL,11444.21,27,5748,EXCELLENT,0,ZERO_DEP_PREMIUM,1000.0,400.55,0,0.0
15,SUV,CNG,COMMERCIAL,7865.38,38,5652,EXCELLENT,0,COMPREHENSIVE,1000.0,302.62,0,0.0
13,SUV,PETROL,PERSONAL,7995.18,42,8687,EXCELLENT,0,COMPREHENSIVE,500.0,250.0,0,0.0
7,SEDAN,PETROL,PERSONAL,17174.93,52,18119,EXCELLENT,0,COMPREHENSIVE,500.0,489.49,0,0.0
7,SEDAN,PETROL,PERSONAL,18795.21,20,14503,POOR,0,THIRD_PARTY,1000.0,293.68,0,0.0
1,HATCHBACK,DIESEL,PERSONAL,16087.38,77,9644,GOOD,0,COMPREHENSIVE,500.0,527.26,0,0.0
5,COMMERCIAL_VAN,PETROL,COMMERCIAL,17575.45,35,8897,FAIR,1,ZERO_DEP_PREMIUM,250.0,830.44,0,0.0
12,SUV,HYBRID,PERSONAL,14468.76,73,12142,EXCELLENT,0,COMPREHENSIVE,500.0,474.21,0,0.0
12,SEDAN,CNG,PERSONAL,6301.89,72,14301,EXCELLENT,0,ZERO_DEP_PREMIUM,500.0,253.65,0,0.0
4,SEDAN,PETROL,PERSONAL,19220.36,67,18624,GOOD,0,COMPREHENSIVE,500.0,547.78,0,0.0
13,SEDAN,DIESEL,PERSONAL,6823.1,53,21737,FAIR,1,ZERO_DEP_PREMIUM,500.0,250.0,0,0.0
11,TRUCK,PETROL,PERSONAL,20901.67,56,11933,FAIR,0,COMPREHENSIVE,500.0,595.7,0,0.0
1,SEDAN,DIESEL,PERSONAL,24036.95,50,22409,GOOD,0,THIRD_PARTY,1000.0,300.46,0,0.0
4,SUV,PETROL,COMMERCIAL,32807.14,65,12858,GOOD,1,THIRD_PARTY,1000.0,553.62,0,0.0
3,SEDAN,PETROL,PERSONAL,17816.89,34,13860,EXCELLENT,1,ZERO_DEP_PREMIUM,500.0,623.59,1,6051.39
8,SUV,PETROL,PERSONAL,16440.75,57,16904,GOOD,0,COMPREHENSIVE,1000.0,468.56,0,0.0
11,SUV,DIESEL,PERSONAL,17387.95,23,17557,GOOD,0,THIRD_PARTY,2000.0,271.69,0,0.0
0,HATCHBACK,PETROL,PERSONAL,13454.72,51,19589,FAIR,2,ZERO_DEP_PREMIUM,1000.0,470.92,0,0.0
5,SEDAN,PETROL,PERSONAL,17927.65,43,6714,GOOD,0,ZERO_DEP_PREMIUM,1000.0,627.47,0,0.0
6,SEDAN,DIESEL,PERSONAL,14350.56,59,13049,FAIR,1,ZERO_DEP_PREMIUM,500.0,502.27,0,0.0
14,SEDAN,DIESEL,PERSONAL,8622.74,48,18148,GOOD,1,COMPREHENSIVE,2000.0,250.0,0,0.0
11,TRUCK,HYBRID,PERSONAL,12325.77,66,7693,FAIR,0,THIRD_PARTY,500.0,250.0,0,0.0
5,TRUCK,PETROL,PERSONAL,27623.54,68,4075,GOOD,0,THIRD_PARTY,1000.0,345.29,0,0.0
4,SUV,ELECTRIC,COMMERCIAL,29359.07,45,5812,GOOD,0,COMPREHENSIVE,500.0,1129.59,0,0.0
11,SUV,DIESEL,RIDESHARE,12564.78,53,11952,EXCELLENT,0,COMPREHENSIVE,500.0,537.14,0,0.0
3,SUV,PETROL,PERSONAL,20101.51,30,21597,GOOD,0,THIRD_PARTY,500.0,251.27,0,0.0
4,SEDAN,DIESEL,PERSONAL,21280.9,38,5711,GOOD,0,COMPREHENSIVE,500.0,606.51,0,0.0
8,TRUCK,PETROL,PERSONAL,21771.99,76,7253,FAIR,0,COMPREHENSIVE,1000.0,713.58,0,0.0
4,SUV,HYBRID,PERSONAL,17476.31,43,10235,FAIR,1,COMPREHENSIVE,2000.0,498.07,0,0.0
9,SUV,PETROL,COMMERCIAL,17390.61,68,8029,GOOD,0,COMPREHENSIVE,500.0,669.1,0,0.0
14,SUV,DIESEL,COMMERCIAL,12919.76,48,7215,EXCELLENT,1,THIRD_PARTY,1000.0,250.0,0,0.0
7,SEDAN,PETROL,PERSONAL,10449.26,33,3326,POOR,1,COMPREHENSIVE,1000.0,297.8,0,0.0
15,SEDAN,CNG,PERSONAL,7035.14,48,10123,EXCELLENT,0,ZERO_DEP_PREMIUM,250.0,250.0,1,813.16
6,HATCHBACK,PETROL,PERSONAL,10994.57,30,21320,FAIR,0,THIRD_PARTY,2000.0,250.0,0,0.0
3,SEDAN,CNG,PERSONAL,14685.65,47,14996,GOOD,1,ZERO_DEP_PREMIUM,500.0,514.0,0,0.0
9,SUV,HYBRID,COMMERCIAL,11027.71,49,17793,FAIR,1,THIRD_PARTY,2000.0,250.0,1,1213.6
4,SEDAN,PETROL,PERSONAL,18274.11,22,9778,GOOD,2,COMPREHENSIVE,2000.0,651.02,1,3640.16
6,SUV,ELECTRIC,PERSONAL,25632.43,29,8708,GOOD,0,COMPREHENSIVE,250.0,730.52,0,0.0
5,SEDAN,CNG,PERSONAL,13182.74,56,14846,GOOD,1,COMPREHENSIVE,1000.0,375.71,0,0.0
12,SEDAN,PETROL,PERSONAL,10779.32,76,12877,FAIR,0,COMPREHENSIVE,1000.0,353.29,0,0.0
2,HATCHBACK,PETROL,PERSONAL,15364.29,58,12249,EXCELLENT,0,COMPREHENSIVE,1000.0,437.88,0,0.0
9,SEDAN,DIESEL,PERSONAL,10375.4,54,20047,FAIR,0,COMPREHENSIVE,250.0,295.7,0,0.0
14,SUV,PETROL,PERSONAL,10200.68,21,8876,EXCELLENT,0,ZERO_DEP_PREMIUM,1000.0,446.28,1,364.2
2,SUV,PETROL,PERSONAL,41017.85,59,8254,FAIR,0,ZERO_DEP_PREMIUM,1000.0,1435.62,0,0.0
1,SUV,PETROL,COMMERCIAL,27895.33,65,16332,GOOD,0,ZERO_DEP_PREMIUM,500.0,1318.05,0,0.0
15,TRUCK,PETROL,PERSONAL,11223.5,60,15726,EXCELLENT,2,COMPREHENSIVE,1000.0,319.87,0,0.0
13,HATCHBACK,PETROL,RIDESHARE,5339.15,46,7801,FAIR,0,COMPREHENSIVE,1000.0,250.0,0,0.0
2,SEDAN,PETROL,PERSONAL,17151.5,58,12855,FAIR,1,THIRD_PARTY,500.0,250.0,1,3286.81
10,SEDAN,HYBRID,PERSONAL,7395.83,73,4429,GOOD,0,THIRD_PARTY,2000.0,250.0,0,0.0
9,SEDAN,ELECTRIC,COMMERCIAL,7893.15,22,13841,POOR,0,THIRD_PARTY,500.0,250.0,0,0.0
12,SUV,PETROL,PERSONAL,10764.96,74,10392,EXCELLENT,0,COMPREHENSIVE,1000.0,352.82,0,0.0
0,SEDAN,DIESEL,COMMERCIAL,19545.84,28,11393,EXCELLENT,0,COMPREHENSIVE,250.0,752.03,0,0.0
12,SUV,DIESEL,PERSONAL,14658.12,47,7370,GOOD,2,COMPREHENSIVE,2000.0,417.76,0,0.0
8,SUV,CNG,PERSONAL,23668.96,26,17876,GOOD,0,ZERO_DEP_PREMIUM,1000.0,828.41,0,0.0
1,SEDAN,PETROL,PERSONAL,17577.31,66,13680,GOOD,0,COMPREHENSIVE,250.0,500.95,0,0.0
11,HATCHBACK,PETROL,COMMERCIAL,5686.39,45,16971,GOOD,0,THIRD_PARTY,1000.0,250.0,0,0.0
12,SEDAN,HYBRID,COMMERCIAL,6020.08,39,12028,EXCELLENT,1,THIRD_PARTY,500.0,250.0,0,0.0
2,SEDAN,HYBRID,PERSONAL,17090.85,28,17853,GOOD,1,THIRD_PARTY,500.0,250.0,1,2112.17
4,HATCHBACK,ELECTRIC,PERSONAL,10160.57,38,4094,GOOD,0,THIRD_PARTY,250.0,250.0,0,0.0
15,SUV,ELECTRIC,PERSONAL,8534.74,23,12526,EXCELLENT,0,ZERO_DEP_PREMIUM,500.0,373.39,0,0.0
9,SUV,PETROL,RIDESHARE,20918.29,43,17877,GOOD,0,ZERO_DEP_PREMIUM,2000.0,1098.21,0,0.0
15,SUV,DIESEL,PERSONAL,8547.83,33,3585,EXCELLENT,1,THIRD_PARTY,500.0,250.0,1,3450.16
11,SEDAN,PETROL,COMMERCIAL,9650.26,68,13081,POOR,0,THIRD_PARTY,250.0,250.0,1,1750.22
3,HATCHBACK,PETROL,PERSONAL,10512.72,31,15097,GOOD,1,COMPREHENSIVE,500.0,299.61,0,0.0
12,HATCHBACK,ELECTRIC,PERSONAL,4500.0,52,10770,FAIR,1,ZERO_DEP_PREMIUM,2000.0,250.0,0,0.0
4,SUV,PETROL,PERSONAL,32822.19,59,16975,GOOD,0,COMPREHENSIVE,500.0,935.43,0,0.0
15,SEDAN,DIESEL,RIDESHARE,4784.15,70,17021,EXCELLENT,0,COMPREHENSIVE,250.0,250.0,0,0.0
5,SUV,HYBRID,PERSONAL,30889.01,72,9718,EXCELLENT,0,ZERO_DEP_PREMIUM,1000.0,1243.28,1,2311.81
4,SEDAN,PETROL,RIDESHARE,14113.66,53,10759,GOOD,0,ZERO_DEP_PREMIUM,2000.0,740.97,1,1208.3
9,SEDAN,CNG,PERSONAL,12499.31,39,7273,POOR,0,ZERO_DEP_PREMIUM,1000.0,437.48,0,0.0
0,TRUCK,CNG,PERSONAL,61581.85,70,13929,EXCELLENT,0,COMPREHENSIVE,1000.0,2018.35,0,0.0
5,SEDAN,DIESEL,PERSONAL,12929.98,19,13411,EXCELLENT,0,COMPREHENSIVE,500.0,460.63,0,0.0
8,COMMERCIAL_VAN,PETROL,COMMERCIAL,17811.7,30,12510,GOOD,0,THIRD_PARTY,1000.0,300.57,0,0.0
15,SUV,PETROL,RIDESHARE,10902.97,28,12953,GOOD,1,COMPREHENSIVE,1000.0,466.1,0,0.0
2,SEDAN,PETROL,PERSONAL,15556.57,29,8642,FAIR,0,COMPREHENSIVE,1000.0,443.36,0,0.0
14,SUV,PETROL,PERSONAL,11371.32,50,6070,GOOD,1,COMPREHENSIVE,500.0,324.08,0,0.0
1,TRUCK,PETROL,PERSONAL,30280.7,39,14498,EXCELLENT,1,THIRD_PARTY,500.0,378.51,0,0.0
5,HATCHBACK,CNG,PERSONAL,8642.24,70,11608,POOR,0,COMPREHENSIVE,500.0,283.25,0,0.0
15,HATCHBACK,PETROL,RIDESHARE,4500.0,26,7860,GOOD,0,COMPREHENSIVE,1000.0,250.0,0,0.0
11,SUV,ELECTRIC,PERSONAL,17032.69,61,9237,GOOD,1,ZERO_DEP_PREMIUM,1000.0,596.14,1,456.77
13,SUV,PETROL,PERSONAL,8729.49,24,16633,GOOD,1,COMPREHENSIVE,250.0,310.99,0,0.0
2,HATCHBACK,DIESEL,PERSONAL,9649.73,34,16376,EXCELLENT,0,COMPREHENSIVE,250.0,275.02,0,0.0
3,SEDAN,HYBRID,PERSONAL,21774.27,78,15483,EXCELLENT,1,ZERO_DEP_PREMIUM,2000.0,876.41,0,0.0
5,SUV,PETROL,PERSONAL,21169.52,27,12314,EXCELLENT,1,COMPREHENSIVE,250.0,603.33,1,17385.23
15,SEDAN,PETROL,PERSONAL,6217.09,55,9430,POOR,0,COMPREHENSIVE,1000.0,250.0,0,0.0
11,COMMERCIAL_VAN,DIESEL,PERSONAL,10548.52,76,18450,FAIR,0,COMPREHENSIVE,500.0,345.73,1,274.14
12,TRUCK,ELECTRIC,PERSONAL,17363.89,56,11044,EXCELLENT,1,COMPREHENSIVE,1000.0,494.87,0,0.0
11,SEDAN,DIESEL,RIDESHARE,10329.24,68,13717,GOOD,0,ZERO_DEP_PREMIUM,250.0,542.29,0,0.0
5,HATCHBACK,PETROL,PERSONAL,9534.73,63,8672,GOOD,0,COMPREHENSIVE,1000.0,271.74,0,0.0
11,TRUCK,PETROL,PERSONAL,12787.22,42,11427,EXCELLENT,0,THIRD_PARTY,1000.0,250.0,0,0.0
1,SEDAN,CNG,RIDESHARE,26390.75,44,3000,GOOD,0,COMPREHENSIVE,1000.0,1128.2,0,0.0
12,SUV,HYBRID,COMMERCIAL,14453.56,47,9670,FAIR,0,THIRD_PARTY,500.0,250.0,0,0.0
12,TRUCK,DIESEL,RIDESHARE,13035.05,47,5643,EXCELLENT,1,COMPREHENSIVE,1000.0,557.25,0,0.0
2,SEDAN,ELECTRIC,RIDESHARE,15461.17,60,13477,FAIR,1,THIRD_PARTY,500.0,289.9,0,0.0
12,SUV,DIESEL,PERSONAL,9868.22,51,9819,GOOD,1,COMPREHENSIVE,2000.0,281.24,0,0.0
8,SEDAN,PETROL,PERSONAL,14398.96,50,11142,EXCELLENT,0,ZERO_DEP_PREMIUM,1000.0,503.96,0,0.0
1,TRUCK,PETROL,PERSONAL,55750.39,49,22086,FAIR,0,THIRD_PARTY,1000.0,696.88,0,0.0
2,COMMERCIAL_VAN,PETROL,PERSONAL,22322.1,75,7903,EXCELLENT,3,COMPREHENSIVE,250.0,731.61,0,0.0
8,TRUCK,DIESEL,COMMERCIAL,18918.04,59,13048,FAIR,1,THIRD_PARTY,500.0,319.24,1,1943.6
3,SUV,PETROL,PERSONAL,20167.76,29,13487,GOOD,0,ZERO_DEP_PREMIUM,250.0,705.87,0,0.0
14,TRUCK,PETROL,PERSONAL,10826.83,58,8225,GOOD,0,ZERO_DEP_PREMIUM,250.0,378.94,0,0.0
0,HATCHBACK,ELECTRIC,COMMERCIAL,15746.24,40,17465,FAIR,0,COMPREHENSIVE,500.0,605.84,0,0.0
10,SEDAN,DIESEL,PERSONAL,13613.87,75,19908,GOOD,1,ZERO_DEP_PREMIUM,500.0,547.96,0,0.0
12,HATCHBACK,DIESEL,COMMERCIAL,4500.0,46,17897,GOOD,0,COMPREHENSIVE,500.0,250.0,0,0.0
1,SEDAN,HYBRID,PERSONAL,29432.89,60,8207,GOOD,0,COMPREHENSIVE,500.0,838.84,0,0.0
14,SUV,PETROL,PERSONAL,9391.19,18,9337,GOOD,0,THIRD_PARTY,500.0,250.0,0,0.0
2,SEDAN,DIESEL,COMMERCIAL,27298.3,37,3379,GOOD,1,ZERO_DEP_PREMIUM,500.0,1289.84,0,0.0
8,SEDAN,ELECTRIC,PERSONAL,12952.6,27,11682,POOR,1,COMPREHENSIVE,1000.0,369.15,0,0.0
14,SEDAN,DIESEL,COMMERCIAL,5051.08,78,12004,FAIR,0,ZERO_DEP_PREMIUM,1000.0,274.46,0,0.0
8,SUV,PETROL,PERSONAL,23063.25,36,16007,EXCELLENT,0,ZERO_DEP_PREMIUM,500.0,807.21,0,0.0
15,SEDAN,PETROL,PERSONAL,4788.66,76,20435,GOOD,0,THIRD_PARTY,1000.0,250.0,0,0.0
10,HATCHBACK,HYBRID,COMMERCIAL,6968.23,40,6835,GOOD,0,COMPREHENSIVE,1000.0,268.1,1,1756.16
14,SEDAN,DIESEL,PERSONAL,9125.77,38,13123,FAIR,1,COMPREHENSIVE,250.0,260.08,0,0.0
5,SEDAN,HYBRID,PERSONAL,12263.36,74,11483,GOOD,1,ZERO_DEP_PREMIUM,1000.0,493.6,0,0.0
13,SUV,DIESEL,PERSONAL,11491.05,60,11818,EXCELLENT,0,COMPREHENSIVE,1000.0,327.49,0,0.0
10,HATCHBACK,DIESEL,COMMERCIAL,7956.57,52,19539,EXCELLENT,1,COMPREHENSIVE,1000.0,306.13,0,0.0
5,SEDAN,ELECTRIC,PERSONAL,22559.45,76,12930,POOR,0,COMPREHENSIVE,500.0,739.39,0,0.0
2,SUV,DIESEL,COMMERCIAL,35983.47,65,14973,GOOD,0,COMPREHENSIVE,500.0,1384.46,0,0.0
4,TRUCK,PETROL,PERSONAL,26999.81,49,14632,EXCELLENT,0,ZERO_DEP_PREMIUM,500.0,944.99,0,0.0
14,SUV,DIESEL,PERSONAL,11437.19,71,13481,GOOD,0,THIRD_PARTY,1000.0,250.0,0,0.0
10,SEDAN,ELECTRIC,RIDESHARE,12089.41,27,9048,GOOD,2,THIRD_PARTY,1000.0,250.0,0,0.0
3,SEDAN,PETROL,PERSONAL,23315.02,19,20922,EXCELLENT,0,COMPREHENSIVE,500.0,830.6,0,0.0
9,TRUCK,PETROL,PERSONAL,24439.59,68,12346,GOOD,0,THIRD_PARTY,500.0,305.49,0,0.0
9,SEDAN,PETROL,COMMERCIAL,8468.87,53,14890,EXCELLENT,0,COMPREHENSIVE,500.0,325.84,0,0.0
11,TRUCK,HYBRID,COMMERCIAL,12097.91,65,13642,GOOD,0,THIRD_PARTY,500.0,250.0,0,0.0
8,SUV,PETROL,PERSONAL,19441.91,23,3000,GOOD,0,COMPREHENSIVE,500.0,692.62,0,0.0
8,TRUCK,DIESEL,PERSONAL,28299.58,60,7810,GOOD,0,COMPREHENSIVE,250.0,806.54,0,0.0
0,HATCHBACK,PETROL,COMMERCIAL,16417.39,34,13012,GOOD,1,THIRD_PARTY,250.0,277.04,0,0.0
7,COMMERCIAL_VAN,PETROL,COMMERCIAL,26949.59,32,8676,GOOD,0,COMPREHENSIVE,500.0,1036.89,0,0.0
14,SEDAN,DIESEL,COMMERCIAL,9419.41,71,14313,EXCELLENT,0,ZERO_DEP_PREMIUM,500.0,511.83,0,0.0
8,HATCHBACK,PETROL,PERSONAL,10022.3,53,8404,GOOD,0,COMPREHENSIVE,1000.0,285.64,0,0.0
4,SUV,DIESEL,RIDESHARE,33003.92,41,12576,EXCELLENT,1,THIRD_PARTY,2000.0,618.82,0,0.0
3,SUV,ELECTRIC,PERSONAL,36049.05,74,4816,GOOD,1,COMPREHENSIVE,1000.0,1181.51,0,0.0
9,SUV,ELECTRIC,PERSONAL,19625.38,57,16261,GOOD,0,ZERO_DEP_PREMIUM,1000.0,686.89,0,0.0
3,TRUCK,PETROL,PERSONAL,39340.44,73,14529,GOOD,0,COMPREHENSIVE,1000.0,1289.38,0,0.0
1,COMMERCIAL_VAN,HYBRID,PERSONAL,24796.82,78,14739,GOOD,0,COMPREHENSIVE,1000.0,812.72,1,10390.21
8,HATCHBACK,DIESEL,PERSONAL,5963.39,46,12091,GOOD,1,ZERO_DEP_PREMIUM,500.0,250.0,0,0.0
4,SUV,HYBRID,PERSONAL,19600.54,67,9362,EXCELLENT,1,THIRD_PARTY,500.0,250.0,0,0.0
10,SUV,DIESEL,PERSONAL,10044.29,31,19600,GOOD,1,COMPREHENSIVE,250.0,286.26,0,0.0
2,HATCHBACK,DIESEL,PERSONAL,10357.1,75,19999,POOR,1,COMPREHENSIVE,1000.0,339.45,1,5493.16
5,SEDAN,HYBRID,PERSONAL,21803.3,19,12178,EXCELLENT,1,ZERO_DEP_PREMIUM,250.0,953.89,0,0.0
8,SEDAN,HYBRID,PERSONAL,14239.83,65,9928,EXCELLENT,0,THIRD_PARTY,500.0,250.0,0,0.0
8,SEDAN,PETROL,PERSONAL,11229.5,39,4721,EXCELLENT,0,ZERO_DEP_PREMIUM,1000.0,393.03,0,0.0
11,SEDAN,PETROL,PERSONAL,11566.29,64,13513,GOOD,1,ZERO_DEP_PREMIUM,500.0,404.82,0,0.0
12,SEDAN,PETROL,PERSONAL,8735.32,70,9491,GOOD,0,COMPREHENSIVE,500.0,286.3,0,0.0
4,SEDAN,PETROL,PERSONAL,14254.48,23,10341,FAIR,0,ZERO_DEP_PREMIUM,1000.0,623.63,0,0.0
7,SEDAN,PETROL,RIDESHARE,17723.84,26,16838,GOOD,0,ZERO_DEP_PREMIUM,250.0,930.5,0,0.0
3,SEDAN,PETROL,COMMERCIAL,18359.74,29,8169,EXCELLENT,1,THIRD_PARTY,250.0,309.82,0,0.0
4,COMMERCIAL_VAN,HYBRID,COMMERCIAL,30988.79,59,21134,POOR,1,ZERO_DEP_PREMIUM,500.0,1464.22,0,0.0
6,SUV,PETROL,PERSONAL,18468.8,56,7923,EXCELLENT,0,COMPREHENSIVE,1000.0,526.36,0,0.0
6,SUV,DIESEL,PERSONAL,21466.48,22,3288,EXCELLENT,1,THIRD_PARTY,500.0,335.41,0,0.0
12,SUV,PETROL,PERSONAL,14759.56,75,9538,EXCELLENT,0,THIRD_PARTY,1000.0,250.0,0,0.0
6,SEDAN,PETROL,COMMERCIAL,11955.55,72,14105,EXCELLENT,0,ZERO_DEP_PREMIUM,500.0,649.63,0,0.0
7,TRUCK,PETROL,PERSONAL,31470.41,57,13114,FAIR,0,ZERO_DEP_PREMIUM,500.0,1101.46,0,0.0
10,HATCHBACK,PETROL,PERSONAL,4667.7,76,13323,GOOD,0,ZERO_DEP_PREMIUM,500.0,250.0,0,0.0
4,SEDAN,ELECTRIC,PERSONAL,19145.42,61,11253,FAIR,0,COMPREHENSIVE,1000.0,545.64,0,0.0
14,SUV,HYBRID,PERSONAL,12893.81,18,10244,FAIR,0,ZERO_DEP_PREMIUM,1000.0,564.1,0,0.0
0,TRUCK,PETROL,RIDESHARE,59927.37,27,6922,EXCELLENT,0,COMPREHENSIVE,500.0,2561.9,0,0.0
10,TRUCK,DIESEL,COMMERCIAL,14777.94,28,13082,GOOD,1,THIRD_PARTY,500.0,250.0,0,0.0
8,SUV,DIESEL,COMMERCIAL,13556.64,44,17255,GOOD,1,COMPREHENSIVE,500.0,521.59,0,0.0
8,SUV,HYBRID,PERSONAL,20434.8,40,12563,FAIR,1,ZERO_DEP_PREMIUM,2000.0,715.22,0,0.0
14,SEDAN,ELECTRIC,COMMERCIAL,5064.16,37,9076,EXCELLENT,0,COMPREHENSIVE,500.0,250.0,0,0.0
6,COMMERCIAL_VAN,DIESEL,PERSONAL,22435.01,22,13156,GOOD,1,COMPREHENSIVE,1000.0,799.25,1,3138.6
11,SEDAN,DIESEL,RIDESHARE,11585.61,30,19087,FAIR,0,COMPREHENSIVE,500.0,495.28,0,0.0
5,TRUCK,ELECTRIC,PERSONAL,29988.39,67,11581,EXCELLENT,0,COMPREHENSIVE,1000.0,854.67,0,0.0
12,SUV,PETROL,PERSONAL,9654.25,27,6935,EXCELLENT,0,THIRD_PARTY,1000.0,250.0,0,0.0
12,SUV,PETROL,PERSONAL,12084.29,70,13489,GOOD,1,THIRD_PARTY,1000.0,250.0,0,0.0
4,SUV,HYBRID,PERSONAL,33201.34,74,15153,GOOD,0,THIRD_PARTY,2000.0,477.27,0,0.0
4,SEDAN,ELECTRIC,COMMERCIAL,20183.86,66,16402,GOOD,0,COMPREHENSIVE,1000.0,776.57,0,0.0
14,SEDAN,DIESEL,RIDESHARE,8366.73,68,15637,FAIR,1,COMPREHENSIVE,2000.0,357.68,0,0.0
2,SEDAN,DIESEL,PERSONAL,20139.39,53,13247,GOOD,1,THIRD_PARTY,1000.0,251.74,1,4293.76
9,SEDAN,PETROL,PERSONAL,9256.29,58,8748,GOOD,0,COMPREHENSIVE,1000.0,263.8,0,0.0
0,HATCHBACK,DIESEL,PERSONAL,14063.19,67,8075,EXCELLENT,1,COMPREHENSIVE,1000.0,400.8,0,0.0
5,SEDAN,DIESEL,COMMERCIAL,17412.89,33,10978,FAIR,0,COMPREHENSIVE,250.0,669.96,0,0.0
7,SEDAN,PETROL,PERSONAL,12040.54,24,15268,FAIR,0,THIRD_PARTY,500.0,250.0,1,1458.38
13,COMMERCIAL_VAN,ELECTRIC,PERSONAL,12036.33,49,9572,EXCELLENT,0,COMPREHENSIVE,500.0,343.04,0,0.0
1,TRUCK,HYBRID,PERSONAL,47865.99,42,10292,GOOD,0,COMPREHENSIVE,250.0,1364.18,0,0.0
7,TRUCK,PETROL,PERSONAL,27605.06,61,8515,FAIR,0,COMPREHENSIVE,2000.0,786.74,0,0.0
7,COMMERCIAL_VAN,DIESEL,COMMERCIAL,16009.58,43,19523,GOOD,0,COMPREHENSIVE,250.0,615.97,0,0.0
9,SEDAN,PETROL,PERSONAL,13632.92,53,11500,GOOD,0,COMPREHENSIVE,500.0,388.54,0,0.0
7,SUV,DIESEL,PERSONAL,21782.38,70,15522,GOOD,0,THIRD_PARTY,500.0,313.12,0,0.0
9,HATCHBACK,PETROL,COMMERCIAL,4850.35,45,19611,EXCELLENT,0,ZERO_DEP_PREMIUM,1000.0,250.0,0,0.0
14,SUV,DIESEL,PERSONAL,7125.63,61,8217,GOOD,1,THIRD_PARTY,1000.0,250.0,0,0.0
2,SEDAN,HYBRID,PERSONAL,24811.32,29,15915,FAIR,0,COMPREHENSIVE,1000.0,707.12,1,1252.31
9,HATCHBACK,PETROL,PERSONAL,6631.84,43,12080,GOOD,0,ZERO_DEP_PREMIUM,1000.0,250.0,0,0.0
7,SEDAN,HYBRID,PERSONAL,10779.17,21,18825,GOOD,0,COMPREHENSIVE,500.0,384.01,0,0.0
15,SEDAN,CNG,PERSONAL,4619.1,61,8934,EXCELLENT,0,COMPREHENSIVE,2000.0,250.0,0,0.0
10,SUV,PETROL,RIDESHARE,11377.51,40,13464,EXCELLENT,2,ZERO_DEP_PREMIUM,500.0,597.32,0,0.0
14,SUV,PETROL,COMMERCIAL,13173.01,57,15354,EXCELLENT,1,COMPREHENSIVE,500.0,506.83,0,0.0
11,SUV,CNG,COMMERCIAL,15427.32,41,9419,EXCELLENT,0,COMPREHENSIVE,1000.0,593.57,0,0.0
15,SEDAN,CNG,RIDESHARE,6756.66,48,11565,GOOD,1,ZERO_DEP_PREMIUM,500.0,354.72,0,0.0
15,TRUCK,PETROL,PERSONAL,14531.75,47,11866,GOOD,0,THIRD_PARTY,1000.0,250.0,0,0.0
11,SEDAN,PETROL,PERSONAL,10442.47,20,17422,EXCELLENT,0,COMPREHENSIVE,500.0,372.01,0,0.0
13,SEDAN,PETROL,PERSONAL,9216.39,33,22480,POOR,0,COMPREHENSIVE,500.0,262.67,0,0.0
3,TRUCK,CNG,COMMERCIAL,29770.33,51,19596,GOOD,1,ZERO_DEP_PREMIUM,500.0,1406.65,0,0.0
2,COMMERCIAL_VAN,PETROL,PERSONAL,35001.23,55,18971,FAIR,0,COMPREHENSIVE,1000.0,997.54,1,2525.62
10,TRUCK,DIESEL,PERSONAL,13714.88,45,3000,EXCELLENT,0,COMPREHENSIVE,250.0,390.87,0,0.0
8,HATCHBACK,ELECTRIC,PERSONAL,7397.17,66,13097,EXCELLENT,0,THIRD_PARTY,500.0,250.0,0,0.0
7,SUV,PETROL,PERSONAL,13455.25,61,12787,GOOD,1,COMPREHENSIVE,1000.0,383.47,0,0.0
9,SUV,DIESEL,PERSONAL,13119.91,58,16103,EXCELLENT,2,COMPREHENSIVE,1000.0,373.92,1,591.79
12,SEDAN,PETROL,COMMERCIAL,6308.46,65,6016,EXCELLENT,0,ZERO_DEP_PREMIUM,500.0,298.07,0,0.0
12,SUV,HYBRID,PERSONAL,11277.62,24,15763,EXCELLENT,0,THIRD_PARTY,500.0,250.0,0,0.0
1,SEDAN,PETROL,RIDESHARE,30524.35,25,3115,EXCELLENT,0,THIRD_PARTY,1000.0,572.33,0,0.0
12,SEDAN,DIESEL,PERSONAL,8087.17,24,17123,GOOD,0,COMPREHENSIVE,500.0,288.11,0,0.0
12,HATCHBACK,DIESEL,COMMERCIAL,6615.38,70,5082,GOOD,1,COMPREHENSIVE,2000.0,292.71,1,1238.04
14,SUV,PETROL,RIDESHARE,11147.33,54,18011,GOOD,0,THIRD_PARTY,500.0,250.0,0,0.0
12,SEDAN,PETROL,RIDESHARE,8859.51,72,17786,EXCELLENT,0,COMPREHENSIVE,500.0,435.56,0,0.0
13,SEDAN,PETROL,PERSONAL,6606.04,24,10998,FAIR,1,ZERO_DEP_PREMIUM,250.0,289.01,0,0.0
15,SUV,PETROL,PERSONAL,11770.91,67,14472,EXCELLENT,1,COMPREHENSIVE,250.0,335.47,0,0.0
15,SEDAN,ELECTRIC,PERSONAL,4662.47,35,12485,GOOD,0,THIRD_PARTY,1000.0,250.0,0,0.0
7,TRUCK,ELECTRIC,PERSONAL,26881.14,65,5845,POOR,1,THIRD_PARTY,1000.0,336.01,1,3173.18
10,SUV,DIESEL,PERSONAL,15909.69,56,15032,EXCELLENT,0,THIRD_PARTY,500.0,250.0,0,0.0
10,SUV,DIESEL,RIDESHARE,14141.35,38,17842,EXCELLENT,1,COMPREHENSIVE,2000.0,604.54,0,0.0
2,SUV,DIESEL,PERSONAL,25883.17,51,11048,POOR,0,ZERO_DEP_PREMIUM,1000.0,905.91,1,3404.93
9,HATCHBACK,ELECTRIC,PERSONAL,6857.06,66,15373,EXCELLENT,0,ZERO_DEP_PREMIUM,500.0,250.0,0,0.0
11,SEDAN,PETROL,PERSONAL,12078.47,74,8553,EXCELLENT,0,COMPREHENSIVE,500.0,395.87,1,2900.37
13,SUV,PETROL,COMMERCIAL,13582.9,44,16631,GOOD,2,ZERO_DEP_PREMIUM,500.0,641.79,1,2422.76
5,SUV,PETROL,RIDESHARE,30529.4,25,12545,EXCELLENT,0,ZERO_DEP_PREMIUM,1000.0,1602.79,0,0.0
4,SEDAN,DIESEL,PERSONAL,16322.1,51,12432,POOR,0,COMPREHENSIVE,1000.0,465.18,1,3892.47
7,TRUCK,PETROL,PERSONAL,22077.48,35,14611,EXCELLENT,0,COMPREHENSIVE,500.0,629.21,1,11769.53
8,HATCHBACK,PETROL,COMMERCIAL,5365.46,68,19381,GOOD,2,THIRD_PARTY,1000.0,250.0,1,461.61
10,SUV,PETROL,PERSONAL,19066.72,69,14869,GOOD,0,COMPREHENSIVE,2000.0,624.91,0,0.0
6,TRUCK,ELECTRIC,PERSONAL,23251.53,58,7629,GOOD,2,COMPREHENSIVE,1000.0,662.67,1,939.72
5,TRUCK,PETROL,COMMERCIAL,26988.3,29,9268,GOOD,1,ZERO_DEP_PREMIUM,1000.0,1275.2,0,0.0
5,HATCHBACK,PETROL,RIDESHARE,13333.95,39,12176,POOR,0,COMPREHENSIVE,500.0,570.03,1,1332.38
0,HATCHBACK,PETROL,PERSONAL,17097.9,68,14732,FAIR,1,THIRD_PARTY,250.0,250.0,0,0.0
4,SUV,PETROL,PERSONAL,27064.89,57,7272,GOOD,1,THIRD_PARTY,2000.0,338.31,0,0.0
13,SUV,DIESEL,PERSONAL,8698.25,39,14071,GOOD,1,COMPREHENSIVE,1000.0,250.0,0,0.0
7,SUV,PETROL,PERSONAL,19516.12,25,16501,EXCELLENT,1,COMPREHENSIVE,1000.0,556.21,1,2533.09
5,HATCHBACK,PETROL,PERSONAL,13406.67,59,10248,GOOD,0,ZERO_DEP_PREMIUM,250.0,469.23,0,0.0
11,SEDAN,DIESEL,PERSONAL,10052.97,45,21369,EXCELLENT,0,ZERO_DEP_PREMIUM,1000.0,351.85,0,0.0
0,TRUCK,PETROL,PERSONAL,38657.58,67,9158,FAIR,0,ZERO_DEP_PREMIUM,1000.0,1353.02,0,0.0
14,TRUCK,PETROL,PERSONAL,8481.35,64,13406,EXCELLENT,1,COMPREHENSIVE,1000.0,250.0,0,0.0
14,SEDAN,HYBRID,PERSONAL,6494.65,73,3101,FAIR,0,ZERO_DEP_PREMIUM,1000.0,261.41,0,0.0
4,HATCHBACK,PETROL,PERSONAL,12078.12,49,11074,GOOD,0,COMPREHENSIVE,2000.0,344.23,0,0.0
12,SEDAN,PETROL,PERSONAL,6119.15,28,11830,POOR,0,THIRD_PARTY,250.0,250.0,0,0.0
10,SEDAN,PETROL,PERSONAL,11409.2,38,10574,GOOD,0,COMPREHENSIVE,500.0,325.16,1,2321.53
11,HATCHBACK,DIESEL,PERSONAL,6046.32,43,9183,FAIR,1,COMPREHENSIVE,1000.0,250.0,0,0.0
4,SEDAN,DIESEL,PERSONAL,22258.42,31,10172,GOOD,1,COMPREHENSIVE,250.0,634.36,0,0.0
15,HATCHBACK,DIESEL,COMMERCIAL,4500.0,32,15351,POOR,0,COMPREHENSIVE,2000.0,250.0,0,0.0
11,HATCHBACK,ELECTRIC,PERSONAL,7068.06,31,3867,FAIR,2,COMPREHENSIVE,250.0,250.0,0,0.0
2,SUV,PETROL,RIDESHARE,31737.84,29,4128,FAIR,1,THIRD_PARTY,1000.0,595.08,0,0.0
7,SEDAN,PETROL,PERSONAL,12889.9,53,10288,EXCELLENT,0,COMPREHENSIVE,1000.0,367.36,0,0.0
14,SEDAN,ELECTRIC,PERSONAL,9552.08,20,11950,GOOD,0,COMPREHENSIVE,1000.0,340.29,0,0.0
8,SUV,HYBRID,PERSONAL,13747.84,61,8978,GOOD,0,THIRD_PARTY,1000.0,250.0,0,0.0
5,COMMERCIAL_VAN,PETROL,PERSONAL,25584.85,74,12784,EXCELLENT,0,COMPREHENSIVE,250.0,838.54,0,0.0
5,SUV,DIESEL,COMMERCIAL,20773.24,75,15290,FAIR,1,THIRD_PARTY,500.0,403.13,0,0.0
1,SEDAN,PETROL,RIDESHARE,25298.23,24,16904,EXCELLENT,0,ZERO_DEP_PREMIUM,1000.0,1660.2,0,0.0
9,SUV,PETROL,RIDESHARE,16739.48,56,18454,GOOD,1,COMPREHENSIVE,1000.0,715.61,1,4168.34
1,SUV,PETROL,PERSONAL,24983.23,71,6540,GOOD,0,THIRD_PARTY,250.0,359.13,0,0.0
5,HATCHBACK,PETROL,PERSONAL,11609.94,74,9029,EXCELLENT,2,COMPREHENSIVE,1000.0,380.52,0,0.0
11,SEDAN,ELECTRIC,PERSONAL,10541.6,68,8552,EXCELLENT,0,COMPREHENSIVE,500.0,300.44,0,0.0
7,HATCHBACK,DIESEL,PERSONAL,10241.19,63,17049,GOOD,1,THIRD_PARTY,1000.0,250.0,1,729.11
1,SUV,PETROL,PERSONAL,25010.98,18,9652,EXCELLENT,0,ZERO_DEP_PREMIUM,250.0,1094.23,0,0.0
8,COMMERCIAL_VAN,PETROL,COMMERCIAL,16227.04,56,13881,GOOD,0,COMPREHENSIVE,500.0,624.34,0,0.0
12,SEDAN,ELECTRIC,RIDESHARE,9684.59,42,6132,EXCELLENT,1,THIRD_PARTY,500.0,250.0,0,0.0
15,SUV,PETROL,PERSONAL,6961.12,48,9603,POOR,0,ZERO_DEP_PREMIUM,1000.0,250.0,0,0.0
11,TRUCK,DIESEL,PERSONAL,18310.24,39,8464,POOR,0,THIRD_PARTY,1000.0,250.0,0,0.0
13,SEDAN,PETROL,PERSONAL,5656.09,27,15575,GOOD,0,ZERO_DEP_PREMIUM,500.0,250.0,0,0.0
8,TRUCK,DIESEL,PERSONAL,19334.85,35,6889,EXCELLENT,0,COMPREHENSIVE,250.0,551.04,0,0.0
14,SUV,PETROL,PERSONAL,12427.36,30,20530,EXCELLENT,0,COMPREHENSIVE,500.0,354.18,0,0.0
13,SEDAN,PETROL,RIDESHARE,9476.2,25,13469,POOR,2,COMPREHENSIVE,500.0,405.11,0,0.0
3,SEDAN,PETROL,PERSONAL,22557.88,26,9222,GOOD,0,THIRD_PARTY,1000.0,281.97,0,0.0
3,HATCHBACK,PETROL,PERSONAL,15786.66,75,14035,GOOD,0,ZERO_DEP_PREMIUM,2000.0,635.41,1,1013.33
3,SEDAN,PETROL,PERSONAL,23442.62,32,8838,FAIR,0,COMPREHENSIVE,1000.0,668.11,0,0.0
10,SUV,DIESEL,PERSONAL,14910.06,25,7719,POOR,0,COMPREHENSIVE,500.0,424.94,0,0.0
4,SEDAN,PETROL,RIDESHARE,24708.15,74,15642,FAIR,1,COMPREHENSIVE,1000.0,1214.71,0,0.0
7,SUV,PETROL,PERSONAL,22071.06,50,18660,FAIR,3,THIRD_PARTY,500.0,275.89,0,0.0
1,SEDAN,DIESEL,RIDESHARE,26521.84,52,14214,FAIR,0,COMPREHENSIVE,1000.0,1133.81,0,0.0
10,TRUCK,DIESEL,PERSONAL,16898.02,36,6970,FAIR,0,ZERO_DEP_PREMIUM,1000.0,591.43,0,0.0
4,COMMERCIAL_VAN,CNG,PERSONAL,34701.79,47,8827,GOOD,0,COMPREHENSIVE,250.0,989.0,0,0.0
13,COMMERCIAL_VAN,DIESEL,PERSONAL,10114.1,26,19380,POOR,1,THIRD_PARTY,1000.0,250.0,0,0.0
1,HATCHBACK,DIESEL,PERSONAL,10285.97,36,16074,FAIR,0,COMPREHENSIVE,500.0,293.15,0,0.0
14,SEDAN,DIESEL,COMMERCIAL,5816.35,64,7426,GOOD,0,COMPREHENSIVE,500.0,250.0,0,0.0
10,HATCHBACK,HYBRID,COMMERCIAL,4839.12,63,9289,GOOD,1,COMPREHENSIVE,500.0,250.0,0,0.0
10,SEDAN,ELECTRIC,COMMERCIAL,9348.2,43,13343,GOOD,1,COMPREHENSIVE,1000.0,359.67,1,3644.49
7,SEDAN,PETROL,PERSONAL,17172.48,18,11852,GOOD,1,COMPREHENSIVE,500.0,611.77,0,0.0
0,SEDAN,PETROL,RIDESHARE,30057.84,20,21900,FAIR,0,COMPREHENSIVE,500.0,1606.22,0,0.0
15,SUV,PETROL,RIDESHARE,7158.61,51,9207,EXCELLENT,1,THIRD_PARTY,2000.0,250.0,1,1342.14
14,HATCHBACK,DIESEL,PERSONAL,5350.13,42,15197,POOR,0,ZERO_DEP_PREMIUM,2000.0,250.0,0,0.0
6,SUV,ELECTRIC,RIDESHARE,21525.85,47,13837,GOOD,1,COMPREHENSIVE,1000.0,920.23,1,4134.86
2,SUV,DIESEL,PERSONAL,31567.51,18,5031,EXCELLENT,1,COMPREHENSIVE,1000.0,1124.59,0,0.0
3,SEDAN,PETROL,PERSONAL,18681.36,76,3000,FAIR,0,THIRD_PARTY,1000.0,268.54,0,0.0
13,COMMERCIAL_VAN,ELECTRIC,PERSONAL,14554.9,35,10768,EXCELLENT,0,COMPREHENSIVE,1000.0,414.81,0,0.0
14,SUV,ELECTRIC,RIDESHARE,8871.63,50,14382,FAIR,0,THIRD_PARTY,250.0,250.0,0,0.0
7,SUV,PETROL,PERSONAL,14248.3,26,19654,GOOD,0,COMPREHENSIVE,250.0,406.08,0,0.0
2,SEDAN,DIESEL,PERSONAL,19633.98,24,8978,POOR,0,COMPREHENSIVE,1000.0,699.46,0,0.0
11,HATCHBACK,PETROL,PERSONAL,6808.12,47,14635,EXCELLENT,0,THIRD_PARTY,1000.0,250.0,0,0.0
12,SUV,HYBRID,PERSONAL,13470.14,30,11194,EXCELLENT,0,ZERO_DEP_PREMIUM,2000.0,471.45,0,0.0
12,SEDAN,ELECTRIC,PERSONAL,6972.54,34,20273,POOR,0,THIRD_PARTY,1000.0,250.0,0,0.0
15,SEDAN,DIESEL,PERSONAL,4917.14,30,12320,EXCELLENT,1,ZERO_DEP_PREMIUM,1000.0,250.0,0,0.0
6,SUV,DIESEL,PERSONAL,23767.5,30,10520,POOR,0,THIRD_PARTY,500.0,297.09,0,0.0
11,SUV,HYBRID,RIDESHARE,14970.2,59,13266,FAIR,0,COMPREHENSIVE,1000.0,639.98,0,0.0
0,SEDAN,DIESEL,COMMERCIAL,24863.92,77,13367,EXCELLENT,0,THIRD_PARTY,500.0,482.52,0,0.0
15,COMMERCIAL_VAN,PETROL,COMMERCIAL,11911.9,55,18783,GOOD,2,COMPREHENSIVE,500.0,458.31,1,2149.96
8,SEDAN,ELECTRIC,PERSONAL,16930.66,54,12522,EXCELLENT,1,THIRD_PARTY,1000.0,250.0,0,0.0
12,SUV,PETROL,PERSONAL,9797.53,27,14436,GOOD,0,ZERO_DEP_PREMIUM,250.0,342.91,0,0.0
5,TRUCK,PETROL,PERSONAL,30311.56,31,5056,GOOD,0,COMPREHENSIVE,1000.0,863.88,0,0.0
2,SUV,HYBRID,PERSONAL,20979.69,60,7300,GOOD,0,THIRD_PARTY,1000.0,262.25,1,3490.2
15,SUV,ELECTRIC,RIDESHARE,10490.41,22,10806,POOR,1,COMPREHENSIVE,500.0,560.58,1,1344.65
6,SUV,PETROL,PERSONAL,20238.81,53,12966,EXCELLENT,1,COMPREHENSIVE,500.0,576.81,0,0.0
14,SEDAN,PETROL,RIDESHARE,5799.48,52,9072,GOOD,0,ZERO_DEP_PREMIUM,250.0,304.47,0,0.0
12,COMMERCIAL_VAN,PETROL,PERSONAL,15030.29,63,13775,GOOD,0,COMPREHENSIVE,250.0,428.36,0,0.0
4,SUV,PETROL,COMMERCIAL,31289.62,62,10145,EXCELLENT,0,COMPREHENSIVE,250.0,1203.87,0,0.0
7,TRUCK,PETROL,PERSONAL,17685.59,73,20142,FAIR,0,COMPREHENSIVE,500.0,579.65,0,0.0
7,SEDAN,ELECTRIC,PERSONAL,9790.62,40,11569,GOOD,1,ZERO_DEP_PREMIUM,1000.0,342.67,0,0.0
11,SEDAN,PETROL,PERSONAL,8604.15,22,14438,POOR,1,COMPREHENSIVE,500.0,306.52,0,0.0
8,SEDAN,DIESEL,PERSONAL,13916.2,61,11517,GOOD,2,COMPREHENSIVE,250.0,396.61,0,0.0
5,SUV,PETROL,PERSONAL,28202.62,74,12081,GOOD,0,COMPREHENSIVE,2000.0,924.34,0,0.0
3,SEDAN,CNG,PERSONAL,21204.24,45,14958,FAIR,1,ZERO_DEP_PREMIUM,1000.0,742.15,0,0.0
12,TRUCK,PETROL,PERSONAL,15700.38,40,13120,FAIR,0,ZERO_DEP_PREMIUM,250.0,549.51,0,0.0
1,SUV,PETROL,RIDESHARE,41274.35,59,10152,FAIR,0,ZERO_DEP_PREMIUM,1000.0,2166.9,0,0.0
2,COMMERCIAL_VAN,PETROL,PERSONAL,33676.54,51,14007,EXCELLENT,0,COMPREHENSIVE,500.0,959.78,0,0.0
4,SEDAN,DIESEL,COMMERCIAL,20108.24,48,11786,GOOD,0,THIRD_PARTY,500.0,339.33,0,0.0
7,TRUCK,DIESEL,PERSONAL,24132.48,24,15121,GOOD,1,THIRD_PARTY,1000.0,377.07,0,0.0
11,HATCHBACK,PETROL,PERSONAL,7463.41,24,17664,GOOD,1,ZERO_DEP_PREMIUM,250.0,326.52,0,0.0
9,HATCHBACK,PETROL,PERSONAL,5921.6,21,16964,GOOD,1,ZERO_DEP_PREMIUM,2000.0,259.07,0,0.0
1,HATCHBACK,PETROL,PERSONAL,12882.62,61,7720,FAIR,0,COMPREHENSIVE,500.0,367.15,0,0.0
4,HATCHBACK,DIESEL,PERSONAL,8663.19,49,3000,EXCELLENT,1,THIRD_PARTY,1000.0,250.0,0,0.0
13,SUV,DIESEL,PERSONAL,13454.97,45,22659,GOOD,0,COMPREHENSIVE,1000.0,383.47,0,0.0
8,SEDAN,PETROL,PERSONAL,12082.83,73,14860,EXCELLENT,1,COMPREHENSIVE,500.0,396.01,0,0.0
1,SEDAN,PETROL,PERSONAL,22323.82,21,14197,EXCELLENT,0,THIRD_PARTY,1000.0,348.81,0,0.0
14,TRUCK,PETROL,PERSONAL,16296.38,56,9297,EXCELLENT,2,COMPREHENSIVE,2000.0,464.45,0,0.0
7,SUV,PETROL,PERSONAL,25091.56,69,3274,FAIR,0,COMPREHENSIVE,1000.0,822.38,0,0.0
15,HATCHBACK,DIESEL,PERSONAL,5367.14,62,3486,POOR,0,COMPREHENSIVE,1000.0,250.0,0,0.0
2,SUV,PETROL,PERSONAL,23837.63,25,10982,GOOD,0,ZERO_DEP_PREMIUM,500.0,834.32,0,0.0
7,SEDAN,PETROL,PERSONAL,17787.32,31,13188,GOOD,0,COMPREHENSIVE,500.0,506.94,0,0.0
3,SEDAN,PETROL,PERSONAL,18223.24,47,20083,FAIR,0,ZERO_DEP_PREMIUM,500.0,637.81,0,0.0
3,SUV,CNG,PERSONAL,19230.34,20,13594,EXCELLENT,1,COMPREHENSIVE,1000.0,685.08,0,0.0
11,SUV,HYBRID,RIDESHARE,12424.42,19,15513,EXCELLENT,0,THIRD_PARTY,250.0,291.2,1,1134.54
6,SEDAN,PETROL,COMMERCIAL,15597.88,27,10103,GOOD,1,ZERO_DEP_PREMIUM,1000.0,737.0,0,0.0
4,SUV,PETROL,PERSONAL,19151.04,23,10439,GOOD,0,ZERO_DEP_PREMIUM,250.0,837.86,0,0.0
3,SEDAN,PETROL,PERSONAL,21089.24,72,5870,FAIR,0,ZERO_DEP_PREMIUM,500.0,848.84,0,0.0
6,SUV,DIESEL,PERSONAL,26037.08,24,6972,POOR,1,COMPREHENSIVE,500.0,927.57,1,2677.18
11,SEDAN,PETROL,PERSONAL,8885.17,33,6928,GOOD,1,COMPREHENSIVE,500.0,253.23,0,0.0
2,HATCHBACK,DIESEL,COMMERCIAL,12545.4,23,10864,GOOD,0,ZERO_DEP_PREMIUM,500.0,740.96,0,0.0
14,SEDAN,DIESEL,RIDESHARE,6506.84,33,5012,EXCELLENT,2,THIRD_PARTY,500.0,250.0,0,0.0
8,SUV,HYBRID,PERSONAL,22789.37,44,8849,GOOD,0,THIRD_PARTY,500.0,284.87,0,0.0
13,SEDAN,PETROL,PERSONAL,5601.25,73,12323,POOR,1,THIRD_PARTY,500.0,250.0,0,0.0
12,SEDAN,ELECTRIC,COMMERCIAL,8481.23,29,3000,GOOD,0,ZERO_DEP_PREMIUM,500.0,400.74,0,0.0
4,SUV,ELECTRIC,RIDESHARE,21853.4,39,19169,EXCELLENT,1,COMPREHENSIVE,500.0,934.23,1,14932.26
11,SUV,PETROL,PERSONAL,16911.87,32,20516,GOOD,0,THIRD_PARTY,1000.0,250.0,0,0.0
2,SUV,PETROL,PERSONAL,22872.55,39,17148,GOOD,0,THIRD_PARTY,500.0,285.91,0,0.0
1,SEDAN,PETROL,PERSONAL,23376.32,52,14263,GOOD,1,COMPREHENSIVE,500.0,666.23,1,12399.99
6,SUV,PETROL,PERSONAL,20131.97,77,13967,GOOD,0,ZERO_DEP_PREMIUM,500.0,810.31,0,0.0
11,TRUCK,PETROL,COMMERCIAL,20610.98,65,14891,FAIR,0,ZERO_DEP_PREMIUM,250.0,973.87,0,0.0
6,HATCHBACK,DIESEL,RIDESHARE,7730.7,67,12887,GOOD,0,ZERO_DEP_PREMIUM,250.0,405.86,0,0.0
11,SEDAN,PETROL,PERSONAL,10608.77,32,13318,GOOD,0,ZERO_DEP_PREMIUM,1000.0,371.31,0,0.0
12,SUV,HYBRID,COMMERCIAL,9218.62,40,5025,FAIR,1,THIRD_PARTY,500.0,250.0,0,0.0
4,SEDAN,PETROL,PERSONAL,24386.87,55,13022,FAIR,2,COMPREHENSIVE,250.0,695.03,0,0.0
3,SEDAN,CNG,PERSONAL,21848.19,66,14743,EXCELLENT,0,COMPREHENSIVE,500.0,622.67,0,0.0
12,COMMERCIAL_VAN,PETROL,PERSONAL,13949.78,19,14022,GOOD,1,COMPREHENSIVE,500.0,496.96,0,0.0
10,SEDAN,ELECTRIC,PERSONAL,10161.69,19,17666,FAIR,0,COMPREHENSIVE,500.0,362.01,1,2916.84
1,SUV,PETROL,PERSONAL,30781.23,66,19111,EXCELLENT,0,COMPREHENSIVE,500.0,877.27,0,0.0
1,SUV,PETROL,PERSONAL,27809.1,36,10135,FAIR,1,THIRD_PARTY,500.0,347.61,0,0.0
6,HATCHBACK,HYBRID,COMMERCIAL,10201.58,22,7396,EXCELLENT,0,ZERO_DEP_PREMIUM,500.0,602.53,0,0.0
9,SUV,PETROL,COMMERCIAL,21077.66,21,18151,FAIR,2,COMPREHENSIVE,500.0,1013.7,1,3016.37
6,SEDAN,DIESEL,PERSONAL,14053.74,45,15493,EXCELLENT,0,COMPREHENSIVE,1000.0,400.53,0,0.0
3,SEDAN,DIESEL,PERSONAL,25827.48,35,9922,FAIR,1,THIRD_PARTY,2000.0,322.84,0,0.0
13,SUV,DIESEL,PERSONAL,8495.21,57,11494,EXCELLENT,0,COMPREHENSIVE,500.0,250.0,0,0.0
3,SEDAN,DIESEL,RIDESHARE,26553.95,58,11132,GOOD,0,ZERO_DEP_PREMIUM,500.0,1394.08,1,5916.44
3,SEDAN,ELECTRIC,PERSONAL,18521.91,73,13718,EXCELLENT,0,THIRD_PARTY,1000.0,266.25,0,0.0
10,SEDAN,PETROL,PERSONAL,9778.64,72,18964,EXCELLENT,0,THIRD_PARTY,500.0,250.0,0,0.0
1,SEDAN,DIESEL,PERSONAL,24227.59,75,8469,POOR,1,COMPREHENSIVE,1000.0,794.06,1,1340.94
12,SUV,HYBRID,PERSONAL,13963.11,67,13816,EXCELLENT,0,COMPREHENSIVE,500.0,397.95,0,0.0
12,SEDAN,PETROL,PERSONAL,10092.74,48,13651,GOOD,0,COMPREHENSIVE,1000.0,287.64,1,3041.16
8,SUV,PETROL,COMMERCIAL,17533.66,39,3558,GOOD,1,THIRD_PARTY,500.0,295.88,0,0.0
0,SUV,ELECTRIC,COMMERCIAL,38383.45,28,23771,EXCELLENT,0,COMPREHENSIVE,250.0,1476.8,0,0.0
14,HATCHBACK,PETROL,PERSONAL,4500.0,65,13442,EXCELLENT,0,ZERO_DEP_PREMIUM,1000.0,250.0,0,0.0
7,SEDAN,PETROL,PERSONAL,12266.98,33,17704,EXCELLENT,0,THIRD_PARTY,500.0,250.0,0,0.0
5,SEDAN,PETROL,PERSONAL,15287.23,21,5219,GOOD,0,COMPREHENSIVE,500.0,544.61,1,1938.07
14,SEDAN,DIESEL,RIDESHARE,7575.67,38,21172,POOR,0,COMPREHENSIVE,2000.0,323.86,0,0.0
12,SUV,PETROL,PERSONAL,12663.34,58,10914,FAIR,0,COMPREHENSIVE,1000.0,360.91,0,0.0
9,HATCHBACK,DIESEL,PERSONAL,8195.23,62,3000,POOR,0,COMPREHENSIVE,1000.0,250.0,0,0.0
6,SEDAN,ELECTRIC,PERSONAL,17745.86,42,6099,GOOD,0,THIRD_PARTY,500.0,250.0,0,0.0
11,TRUCK,PETROL,PERSONAL,13481.78,37,6971,POOR,2,ZERO_DEP_PREMIUM,500.0,471.86,1,2044.12
4,SEDAN,DIESEL,PERSONAL,22093.07,25,9019,GOOD,0,THIRD_PARTY,500.0,276.16,0,0.0
5,SUV,CNG,PERSONAL,16033.89,60,6695,GOOD,0,COMPREHENSIVE,1000.0,456.97,0,0.0
5,HATCHBACK,DIESEL,PERSONAL,11994.53,70,16147,GOOD,0,COMPREHENSIVE,500.0,393.12,0,0.0
12,TRUCK,ELECTRIC,PERSONAL,10945.94,26,13305,EXCELLENT,0,ZERO_DEP_PREMIUM,250.0,383.11,0,0.0
15,HATCHBACK,PETROL,PERSONAL,4707.57,35,14800,FAIR,0,COMPREHENSIVE,1000.0,250.0,0,0.0
8,HATCHBACK,ELECTRIC,PERSONAL,8043.07,48,14435,EXCELLENT,1,ZERO_DEP_PREMIUM,1000.0,281.51,0,0.0
15,SEDAN,PETROL,PERSONAL,6356.62,69,11397,FAIR,0,ZERO_DEP_PREMIUM,2000.0,255.85,1,1021.2
9,HATCHBACK,PETROL,PERSONAL,8103.05,52,5482,GOOD,0,COMPREHENSIVE,500.0,250.0,0,0.0
12,SEDAN,PETROL,PERSONAL,6082.52,72,5699,EXCELLENT,1,ZERO_DEP_PREMIUM,500.0,250.0,0,0.0
3,TRUCK,PETROL,RIDESHARE,28396.73,47,5890,GOOD,0,COMPREHENSIVE,2000.0,1213.96,0,0.0
11,SUV,ELECTRIC,PERSONAL,14434.96,35,7586,GOOD,0,THIRD_PARTY,1000.0,250.0,0,0.0
10,HATCHBACK,PETROL,PERSONAL,8056.56,36,20120,POOR,0,THIRD_PARTY,250.0,250.0,0,0.0
11,SUV,DIESEL,PERSONAL,12333.42,58,5768,GOOD,0,ZERO_DEP_PREMIUM,1000.0,431.67,0,0.0
12,SUV,ELECTRIC,PERSONAL,10229.18,41,19151,GOOD,0,COMPREHENSIVE,250.0,291.53,0,0.0
4,SUV,DIESEL,PERSONAL,26245.12,67,7756,EXCELLENT,0,COMPREHENSIVE,500.0,747.99,0,0.0
3,HATCHBACK,PETROL,COMMERCIAL,13692.33,39,6401,GOOD,1,ZERO_DEP_PREMIUM,250.0,646.96,1,1811.88
0,SEDAN,DIESEL,PERSONAL,25845.88,65,14397,EXCELLENT,1,ZERO_DEP_PREMIUM,500.0,904.61,1,6804.77
9,SEDAN,PETROL,PERSONAL,14616.43,31,18202,FAIR,1,THIRD_PARTY,500.0,250.0,0,0.0
5,SEDAN,PETROL,COMMERCIAL,17302.28,36,5190,EXCELLENT,0,COMPREHENSIVE,500.0,665.71,0,0.0
4,SEDAN,CNG,RIDESHARE,12927.74,77,12096,GOOD,1,ZERO_DEP_PREMIUM,250.0,780.51,0,0.0
3,TRUCK,PETROL,RIDESHARE,28387.07,46,17841,GOOD,0,ZERO_DEP_PREMIUM,500.0,1490.32,1,13002.93
5,SEDAN,PETROL,COMMERCIAL,16475.56,39,16598,GOOD,0,COMPREHENSIVE,1000.0,633.9,0,0.0
11,COMMERCIAL_VAN,HYBRID,RIDESHARE,16003.11,47,5547,GOOD,0,THIRD_PARTY,250.0,300.06,0,0.0
4,SEDAN,PETROL,PERSONAL,15223.29,32,11577,FAIR,0,COMPREHENSIVE,1000.0,433.86,0,0.0
2,SEDAN,DIESEL,PERSONAL,29785.01,38,5259,EXCELLENT,1,COMPREHENSIVE,1000.0,848.87,0,0.0
1,HATCHBACK,PETROL,PERSONAL,13438.75,43,14183,GOOD,1,THIRD_PARTY,500.0,250.0,0,0.0
12,SUV,PETROL,PERSONAL,12453.52,53,13244,FAIR,0,ZERO_DEP_PREMIUM,500.0,435.87,0,0.0
5,SUV,PETROL,RIDESHARE,16023.87,29,15042,GOOD,0,COMPREHENSIVE,500.0,685.02,0,0.0
3,SUV,PETROL,PERSONAL,35794.05,24,8202,EXCELLENT,2,COMPREHENSIVE,500.0,1275.16,0,0.0
10,HATCHBACK,PETROL,PERSONAL,7801.93,28,9354,GOOD,1,COMPREHENSIVE,250.0,250.0,0,0.0
14,SEDAN,ELECTRIC,COMMERCIAL,5810.12,75,16948,POOR,1,THIRD_PARTY,250.0,250.0,0,0.0
12,COMMERCIAL_VAN,DIESEL,RIDESHARE,16583.01,56,17139,GOOD,0,COMPREHENSIVE,500.0,708.92,0,0.0
9,COMMERCIAL_VAN,HYBRID,PERSONAL,14978.12,37,20025,EXCELLENT,0,COMPREHENSIVE,1000.0,426.88,0,0.0
2,SUV,PETROL,RIDESHARE,35312.75,52,18894,EXCELLENT,1,THIRD_PARTY,500.0,662.11,0,0.0
13,SEDAN,DIESEL,PERSONAL,9714.86,21,5080,EXCELLENT,0,THIRD_PARTY,1000.0,250.0,0,0.0
7,SUV,DIESEL,PERSONAL,22670.85,19,18008,EXCELLENT,1,COMPREHENSIVE,500.0,807.65,0,0.0
11,SEDAN,HYBRID,PERSONAL,12367.47,37,12344,GOOD,0,THIRD_PARTY,1000.0,250.0,0,0.0
8,SEDAN,PETROL,PERSONAL,15955.57,64,15773,GOOD,1,THIRD_PARTY,500.0,250.0,0,0.0
14,SEDAN,DIESEL,PERSONAL,9694.14,37,10978,FAIR,1,ZERO_DEP_PREMIUM,500.0,339.29,0,0.0
6,SUV,HYBRID,COMMERCIAL,16923.53,29,8382,FAIR,0,THIRD_PARTY,500.0,285.58,1,4624.96
1,TRUCK,PETROL,COMMERCIAL,36569.86,70,11218,GOOD,1,COMPREHENSIVE,500.0,1618.08,0,0.0
7,HATCHBACK,HYBRID,COMMERCIAL,9470.02,34,12790,FAIR,0,THIRD_PARTY,250.0,250.0,0,0.0
10,HATCHBACK,PETROL,PERSONAL,7558.62,35,13805,GOOD,0,ZERO_DEP_PREMIUM,500.0,264.55,0,0.0
12,SUV,ELECTRIC,PERSONAL,12470.79,57,16881,GOOD,1,COMPREHENSIVE,500.0,355.42,0,0.0
12,SEDAN,HYBRID,PERSONAL,6302.94,41,7830,EXCELLENT,1,THIRD_PARTY,1000.0,250.0,0,0.0
10,SEDAN,DIESEL,PERSONAL,13052.07,25,7438,EXCELLENT,1,ZERO_DEP_PREMIUM,500.0,456.82,1,2050.27
4,COMMERCIAL_VAN,PETROL,PERSONAL,35768.19,54,5166,EXCELLENT,0,ZERO_DEP_PREMIUM,1000.0,1251.89,1,2543.96
14,SEDAN,PETROL,PERSONAL,6831.04,73,11500,EXCELLENT,0,ZERO_DEP_PREMIUM,500.0,274.95,0,0.0
14,TRUCK,HYBRID,PERSONAL,10073.95,58,8564,FAIR,1,COMPREHENSIVE,250.0,287.11,0,0.0
14,SUV,DIESEL,COMMERCIAL,6859.43,47,11010,EXCELLENT,0,THIRD_PARTY,500.0,250.0,0,0.0
10,SUV,PETROL,PERSONAL,12141.97,37,12610,EXCELLENT,1,COMPREHENSIVE,500.0,346.05,0,0.0
9,HATCHBACK,DIESEL,RIDESHARE,8147.39,69,4478,POOR,2,COMPREHENSIVE,1000.0,400.55,0,0.0
6,SUV,DIESEL,PERSONAL,27355.43,40,10000,GOOD,0,COMPREHENSIVE,500.0,779.63,0,0.0
4,TRUCK,PETROL,RIDESHARE,23096.19,54,14132,GOOD,0,COMPREHENSIVE,250.0,987.36,0,0.0
15,TRUCK,PETROL,PERSONAL,11625.6,76,12809,EXCELLENT,0,COMPREHENSIVE,1000.0,381.03,0,0.0
1,SUV,PETROL,PERSONAL,38881.92,27,10816,FAIR,0,THIRD_PARTY,2000.0,486.02,0,0.0
15,SEDAN,DIESEL,PERSONAL,5645.11,50,12339,EXCELLENT,0,COMPREHENSIVE,500.0,250.0,0,0.0
11,SUV,DIESEL,COMMERCIAL,14019.32,41,11276,GOOD,0,COMPREHENSIVE,1000.0,539.39,0,0.0
11,TRUCK,DIESEL,PERSONAL,18721.17,53,8016,GOOD,0,ZERO_DEP_PREMIUM,500.0,655.24,0,0.0
11,SEDAN,ELECTRIC,PERSONAL,11852.39,73,7257,GOOD,0,THIRD_PARTY,1000.0,250.0,0,0.0
3,SUV,HYBRID,COMMERCIAL,27582.96,33,24592,POOR,0,ZERO_DEP_PREMIUM,1000.0,1303.29,0,0.0
12,SUV,DIESEL,PERSONAL,14203.76,67,15328,EXCELLENT,1,THIRD_PARTY,1000.0,250.0,0,0.0
10,HATCHBACK,PETROL,PERSONAL,5677.68,45,17365,FAIR,1,THIRD_PARTY,1000.0,250.0,0,0.0
4,SEDAN,DIESEL,PERSONAL,15139.6,29,15216,GOOD,1,COMPREHENSIVE,250.0,431.48,0,0.0
5,HATCHBACK,PETROL,PERSONAL,8298.33,37,18768,GOOD,0,COMPREHENSIVE,250.0,250.0,0,0.0
4,TRUCK,DIESEL,PERSONAL,28700.87,64,15079,POOR,0,COMPREHENSIVE,1000.0,817.97,0,0.0
9,SEDAN,DIESEL,PERSONAL,8067.76,35,3027,GOOD,1,COMPREHENSIVE,500.0,250.0,0,0.0
10,SEDAN,PETROL,PERSONAL,9093.04,54,8727,FAIR,0,ZERO_DEP_PREMIUM,1000.0,318.26,0,0.0
15,COMMERCIAL_VAN,HYBRID,PERSONAL,10680.0,75,13563,EXCELLENT,0,THIRD_PARTY,250.0,250.0,0,0.0
14,SEDAN,PETROL,COMMERCIAL,8009.16,43,13440,FAIR,0,COMPREHENSIVE,1000.0,308.15,0,0.0
0,TRUCK,DIESEL,PERSONAL,33065.46,63,13091,FAIR,0,COMPREHENSIVE,500.0,942.37,0,0.0
0,SUV,PETROL,PERSONAL,32442.87,73,7479,POOR,0,COMPREHENSIVE,1000.0,1063.32,0,0.0
14,SEDAN,HYBRID,PERSONAL,7628.31,76,9974,POOR,1,COMPREHENSIVE,500.0,250.02,0,0.0
2,TRUCK,PETROL,PERSONAL,33630.31,24,13614,EXCELLENT,0,THIRD_PARTY,500.0,525.47,0,0.0
8,SUV,PETROL,PERSONAL,16803.67,60,12663,GOOD,0,ZERO_DEP_PREMIUM,500.0,588.13,0,0.0
10,SUV,PETROL,PERSONAL,16808.3,64,15989,POOR,0,ZERO_DEP_PREMIUM,500.0,588.29,0,0.0
1,SEDAN,PETROL,PERSONAL,16715.48,38,7663,GOOD,0,COMPREHENSIVE,1000.0,476.39,0,0.0
9,SUV,PETROL,RIDESHARE,13764.41,60,14686,GOOD,1,COMPREHENSIVE,1000.0,588.43,0,0.0
4,SEDAN,DIESEL,PERSONAL,14257.54,49,9921,EXCELLENT,0,COMPREHENSIVE,1000.0,406.34,0,0.0
8,SUV,PETROL,PERSONAL,13362.58,24,10897,GOOD,2,THIRD_PARTY,250.0,250.0,0,0.0
6,COMMERCIAL_VAN,PETROL,PERSONAL,29591.93,70,12248,GOOD,1,COMPREHENSIVE,500.0,969.88,0,0.0
10,SEDAN,PETROL,PERSONAL,9756.2,40,4708,FAIR,0,ZERO_DEP_PREMIUM,1000.0,341.47,0,0.0
7,SUV,ELECTRIC,COMMERCIAL,19886.32,37,13072,GOOD,1,COMPREHENSIVE,1000.0,765.13,0,0.0
1,SEDAN,DIESEL,PERSONAL,28715.56,37,18159,EXCELLENT,0,COMPREHENSIVE,2000.0,818.39,0,0.0
4,HATCHBACK,ELECTRIC,PERSONAL,8044.81,49,7027,GOOD,0,ZERO_DEP_PREMIUM,500.0,281.57,0,0.0
8,SEDAN,DIESEL,PERSONAL,10621.41,43,20859,POOR,0,ZERO_DEP_PREMIUM,250.0,371.75,0,0.0
0,COMMERCIAL_VAN,PETROL,PERSONAL,48735.13,53,9586,GOOD,0,COMPREHENSIVE,1000.0,1388.95,0,0.0
0,SUV,PETROL,PERSONAL,46922.16,76,15150,POOR,0,COMPREHENSIVE,2000.0,1537.87,0,0.0
15,SEDAN,PETROL,PERSONAL,6072.22,41,6545,GOOD,0,THIRD_PARTY,2000.0,250.0,0,0.0
9,SEDAN,ELECTRIC,PERSONAL,10707.87,18,22216,FAIR,0,ZERO_DEP_PREMIUM,1000.0,468.47,0,0.0
7,SEDAN,CNG,PERSONAL,16523.7,75,7729,FAIR,0,ZERO_DEP_PREMIUM,500.0,665.08,0,0.0
1,SUV,DIESEL,PERSONAL,29698.55,70,13431,POOR,0,COMPREHENSIVE,250.0,973.37,0,0.0
8,SEDAN,PETROL,PERSONAL,9560.76,45,10087,FAIR,1,THIRD_PARTY,1000.0,250.0,0,0.0
9,HATCHBACK,PETROL,PERSONAL,6027.13,43,12275,GOOD,0,COMPREHENSIVE,250.0,250.0,1,929.45
8,SUV,PETROL,PERSONAL,16440.54,51,13004,POOR,0,COMPREHENSIVE,2000.0,468.56,0,0.0
3,SEDAN,DIESEL,RIDESHARE,14430.98,43,11032,GOOD,0,THIRD_PARTY,500.0,270.58,0,0.0
1,SUV,PETROL,PERSONAL,33909.1,53,9440,EXCELLENT,0,ZERO_DEP_PREMIUM,250.0,1186.82,0,0.0
2,HATCHBACK,HYBRID,RIDESHARE,16138.08,22,12287,EXCELLENT,0,THIRD_PARTY,500.0,378.24,1,2293.31
9,SEDAN,PETROL,PERSONAL,11789.54,73,12189,GOOD,0,COMPREHENSIVE,500.0,386.4,0,0.0
0,SEDAN,HYBRID,COMMERCIAL,19508.5,19,13957,FAIR,0,COMPREHENSIVE,1000.0,938.24,1,5211.48
2,SEDAN,ELECTRIC,PERSONAL,21705.1,49,14680,GOOD,0,ZERO_DEP_PREMIUM,1000.0,759.68,0,0.0
4,HATCHBACK,ELECTRIC,PERSONAL,13125.06,51,16149,GOOD,0,COMPREHENSIVE,500.0,374.06,0,0.0
2,SUV,DIESEL,COMMERCIAL,22080.49,67,15027,EXCELLENT,0,THIRD_PARTY,1000.0,372.61,0,0.0
2,SUV,DIESEL,COMMERCIAL,22117.02,47,13095,GOOD,0,COMPREHENSIVE,250.0,850.95,0,0.0
9,HATCHBACK,DIESEL,PERSONAL,6569.04,41,11345,EXCELLENT,2,COMPREHENSIVE,250.0,250.0,1,627.54
5,HATCHBACK,DIESEL,PERSONAL,8351.79,45,5601,GOOD,1,COMPREHENSIVE,500.0,250.0,0,0.0
2,SUV,DIESEL,PERSONAL,40375.24,63,13198,POOR,0,COMPREHENSIVE,1000.0,1150.69,0,0.0
2,TRUCK,CNG,RIDESHARE,40332.93,20,17425,FAIR,0,COMPREHENSIVE,2000.0,2155.29,0,0.0
14,SEDAN,ELECTRIC,PERSONAL,6256.61,70,9048,GOOD,0,COMPREHENSIVE,500.0,250.0,0,0.0
8,SEDAN,ELECTRIC,PERSONAL,14590.5,67,9493,GOOD,0,THIRD_PARTY,250.0,250.0,0,0.0
1,SEDAN,HYBRID,PERSONAL,22771.57,71,18374,GOOD,0,THIRD_PARTY,2000.0,327.34,0,0.0
0,SEDAN,PETROL,COMMERCIAL,20604.5,27,19846,EXCELLENT,1,COMPREHENSIVE,500.0,792.76,0,0.0
9,SUV,PETROL,PERSONAL,13342.1,23,8743,POOR,0,COMPREHENSIVE,500.0,475.31,0,0.0
7,TRUCK,DIESEL,PERSONAL,26146.36,51,23981,GOOD,2,COMPREHENSIVE,1000.0,745.17,0,0.0
12,SEDAN,DIESEL,RIDESHARE,6173.52,48,14378,GOOD,1,ZERO_DEP_PREMIUM,1000.0,324.11,0,0.0
13,SEDAN,ELECTRIC,PERSONAL,6797.23,69,16655,GOOD,0,COMPREHENSIVE,500.0,250.0,0,0.0
2,SUV,PETROL,COMMERCIAL,25215.19,60,10915,EXCELLENT,0,ZERO_DEP_PREMIUM,500.0,1191.42,0,0.0
6,TRUCK,DIESEL,PERSONAL,21008.3,67,13661,EXCELLENT,0,ZERO_DEP_PREMIUM,1000.0,735.29,0,0.0
1,SEDAN,DIESEL,PERSONAL,27869.91,63,14416,EXCELLENT,0,ZERO_DEP_PREMIUM,1000.0,975.45,0,0.0
10,SUV,PETROL,PERSONAL,17917.26,75,8452,GOOD,0,ZERO_DEP_PREMIUM,500.0,721.17,0,0.0
10,SEDAN,DIESEL,PERSONAL,12160.99,69,19940,EXCELLENT,0,COMPREHENSIVE,1000.0,398.58,1,979.67
11,SEDAN,ELECTRIC,PERSONAL,10614.14,30,12323,POOR,0,COMPREHENSIVE,2000.0,302.5,0,0.0
7,COMMERCIAL_VAN,PETROL,PERSONAL,26343.25,78,10249,FAIR,0,ZERO_DEP_PREMIUM,250.0,1060.32,0,0.0
15,COMMERCIAL_VAN,DIESEL,PERSONAL,6841.47,76,7285,FAIR,1,THIRD_PARTY,500.0,250.0,0,0.0
8,SEDAN,DIESEL,PERSONAL,9992.02,56,15030,FAIR,0,COMPREHENSIVE,500.0,284.77,1,1846.96
7,COMMERCIAL_VAN,PETROL,PERSONAL,19442.21,70,13651,FAIR,0,THIRD_PARTY,1000.0,279.48,0,0.0
7,SUV,PETROL,PERSONAL,17872.58,75,8109,EXCELLENT,0,THIRD_PARTY,1000.0,256.92,0,0.0
7,TRUCK,CNG,PERSONAL,22570.05,37,13130,GOOD,1,ZERO_DEP_PREMIUM,500.0,789.95,0,0.0
13,SUV,PETROL,PERSONAL,8921.74,49,14695,EXCELLENT,0,ZERO_DEP_PREMIUM,500.0,312.26,0,0.0
6,SUV,PETROL,PERSONAL,16449.74,27,10722,EXCELLENT,0,COMPREHENSIVE,1000.0,468.82,0,0.0
1,SUV,PETROL,COMMERCIAL,34608.82,43,14180,GOOD,0,ZERO_DEP_PREMIUM,250.0,1635.27,0,0.0
7,SUV,DIESEL,PERSONAL,25107.83,36,12521,GOOD,0,COMPREHENSIVE,500.0,715.57,0,0.0
4,SEDAN,DIESEL,PERSONAL,17372.67,46,11511,EXCELLENT,1,ZERO_DEP_PREMIUM,1000.0,608.04,0,0.0
5,SEDAN,DIESEL,PERSONAL,11849.76,78,8180,GOOD,0,COMPREHENSIVE,500.0,388.38,0,0.0
3,SEDAN,PETROL,PERSONAL,23400.07,30,13395,EXCELLENT,0,ZERO_DEP_PREMIUM,1000.0,819.0,0,0.0
0,HATCHBACK,HYBRID,PERSONAL,14460.37,71,3166,FAIR,0,ZERO_DEP_PREMIUM,500.0,582.03,0,0.0
12,SEDAN,PETROL,PERSONAL,7307.53,51,18971,POOR,0,ZERO_DEP_PREMIUM,500.0,255.76,0,0.0
4,SUV,PETROL,PERSONAL,22884.36,37,17842,FAIR,0,ZERO_DEP_PREMIUM,250.0,800.95,0,0.0
2,COMMERCIAL_VAN,DIESEL,PERSONAL,37971.28,61,7889,FAIR,0,COMPREHENSIVE,1000.0,1082.18,1,10847.92
8,SEDAN,PETROL,PERSONAL,15566.54,57,6024,GOOD,0,THIRD_PARTY,1000.0,250.0,0,0.0
3,SUV,HYBRID,PERSONAL,30157.17,35,17761,EXCELLENT,1,ZERO_DEP_PREMIUM,1000.0,1055.5,0,0.0
9,SUV,HYBRID,PERSONAL,14261.39,74,11752,FAIR,0,COMPREHENSIVE,500.0,467.42,1,2380.9
1,TRUCK,PETROL,PERSONAL,36730.08,51,12769,EXCELLENT,0,ZERO_DEP_PREMIUM,1000.0,1285.55,0,0.0
3,SEDAN,HYBRID,RIDESHARE,15419.88,65,12607,GOOD,0,COMPREHENSIVE,500.0,659.2,1,4549.33
2,SUV,ELECTRIC,COMMERCIAL,40344.36,25,6586,FAIR,0,THIRD_PARTY,1000.0,680.81,0,0.0
2,HATCHBACK,HYBRID,COMMERCIAL,15193.28,33,16034,POOR,0,THIRD_PARTY,500.0,256.39,0,0.0
4,TRUCK,PETROL,RIDESHARE,21690.82,57,14519,GOOD,0,COMPREHENSIVE,500.0,927.28,0,0.0
15,SUV,DIESEL,PERSONAL,10180.01,40,12584,POOR,0,THIRD_PARTY,250.0,250.0,0,0.0
0,SUV,PETROL,COMMERCIAL,36468.27,49,3000,GOOD,0,COMPREHENSIVE,500.0,1403.12,0,0.0
4,SUV,ELECTRIC,PERSONAL,34087.56,30,14766,EXCELLENT,0,COMPREHENSIVE,1000.0,971.5,0,0.0
7,TRUCK,PETROL,PERSONAL,28952.73,43,14201,GOOD,0,COMPREHENSIVE,500.0,825.15,0,0.0
14,SUV,DIESEL,COMMERCIAL,7882.32,55,12075,FAIR,1,ZERO_DEP_PREMIUM,250.0,372.44,1,484.02
14,SEDAN,PETROL,PERSONAL,8360.02,18,16843,GOOD,0,COMPREHENSIVE,500.0,297.83,0,0.0
9,TRUCK,PETROL,RIDESHARE,19580.11,19,17580,FAIR,0,COMPREHENSIVE,500.0,1046.31,0,0.0
11,SUV,DIESEL,PERSONAL,10600.42,56,14010,GOOD,1,COMPREHENSIVE,500.0,302.11,0,0.0
8,SUV,HYBRID,COMMERCIAL,20130.69,30,5695,GOOD,1,ZERO_DEP_PREMIUM,500.0,951.18,0,0.0
11,SEDAN,DIESEL,PERSONAL,9979.89,44,6806,GOOD,0,COMPREHENSIVE,1000.0,284.43,0,0.0
0,SUV,HYBRID,PERSONAL,25965.42,21,9360,EXCELLENT,1,COMPREHENSIVE,2000.0,925.02,0,0.0
13,SUV,PETROL,PERSONAL,12176.53,58,11381,EXCELLENT,2,ZERO_DEP_PREMIUM,500.0,426.18,1,2544.3
1,SUV,DIESEL,COMMERCIAL,37493.52,68,16286,GOOD,0,COMPREHENSIVE,2000.0,1442.56,0,0.0
1,SEDAN,DIESEL,PERSONAL,18948.34,37,13982,FAIR,0,ZERO_DEP_PREMIUM,500.0,663.19,0,0.0
5,SUV,PETROL,PERSONAL,21213.65,20,11754,FAIR,0,ZERO_DEP_PREMIUM,1000.0,928.1,0,0.0
0,COMMERCIAL_VAN,DIESEL,PERSONAL,42184.91,40,15330,EXCELLENT,0,ZERO_DEP_PREMIUM,1000.0,1476.47,1,2579.58
10,SEDAN,DIESEL,PERSONAL,8070.98,19,9010,GOOD,0,ZERO_DEP_PREMIUM,250.0,353.11,0,0.0
0,COMMERCIAL_VAN,DIESEL,PERSONAL,49282.44,33,15321,GOOD,0,COMPREHENSIVE,1000.0,1404.55,0,0.0
1,SUV,ELECTRIC,PERSONAL,23562.31,27,13524,GOOD,0,THIRD_PARTY,2000.0,294.53,0,0.0
14,TRUCK,DIESEL,COMMERCIAL,9070.72,45,14854,GOOD,0,THIRD_PARTY,2000.0,250.0,0,0.0
11,HATCHBACK,PETROL,PERSONAL,4500.0,61,16308,EXCELLENT,0,COMPREHENSIVE,1000.0,250.0,0,0.0
12,SUV,PETROL,PERSONAL,12417.98,35,12285,POOR,1,THIRD_PARTY,1000.0,250.0,0,0.0
3,HATCHBACK,DIESEL,PERSONAL,13673.75,19,3540,POOR,0,THIRD_PARTY,250.0,250.0,0,0.0
1,TRUCK,PETROL,PERSONAL,39344.05,31,9534,EXCELLENT,0,COMPREHENSIVE,500.0,1121.31,0,0.0
3,SUV,PETROL,PERSONAL,24471.77,61,16017,FAIR,0,THIRD_PARTY,500.0,305.9,1,23748.53
2,SEDAN,PETROL,COMMERCIAL,27268.98,37,9958,EXCELLENT,0,THIRD_PARTY,500.0,460.16,0,0.0
2,SUV,DIESEL,PERSONAL,22293.12,73,9510,EXCELLENT,0,THIRD_PARTY,500.0,320.46,0,0.0
14,HATCHBACK,PETROL,PERSONAL,4500.0,73,12780,POOR,1,COMPREHENSIVE,1000.0,250.0,0,0.0
8,HATCHBACK,ELECTRIC,PERSONAL,5472.84,73,17420,GOOD,0,ZERO_DEP_PREMIUM,500.0,250.0,0,0.0
7,HATCHBACK,DIESEL,PERSONAL,5868.12,57,14561,GOOD,0,ZERO_DEP_PREMIUM,1000.0,250.0,0,0.0
11,SUV,PETROL,PERSONAL,12085.8,40,20333,GOOD,1,ZERO_DEP_PREMIUM,1000.0,423.0,0,0.0
11,HATCHBACK,ELECTRIC,PERSONAL,4742.17,71,14306,FAIR,0,COMPREHENSIVE,1000.0,250.0,1,1818.32
9,SEDAN,DIESEL,COMMERCIAL,9878.44,77,14132,FAIR,1,THIRD_PARTY,1000.0,250.0,0,0.0
8,SUV,DIESEL,PERSONAL,21578.89,24,11448,EXCELLENT,0,COMPREHENSIVE,1000.0,768.75,1,4238.01
0,SEDAN,DIESEL,PERSONAL,21166.24,62,5518,FAIR,0,ZERO_DEP_PREMIUM,1000.0,740.82,0,0.0
11,SEDAN,PETROL,PERSONAL,11481.63,64,13162,FAIR,0,COMPREHENSIVE,250.0,327.23,0,0.0
4,SEDAN,DIESEL,PERSONAL,20905.71,31,12686,GOOD,0,ZERO_DEP_PREMIUM,1000.0,731.7,0,0.0
11,SUV,PETROL,RIDESHARE,11845.28,54,15486,GOOD,0,THIRD_PARTY,250.0,250.0,0,0.0
11,SUV,HYBRID,PERSONAL,13810.89,25,13871,EXCELLENT,1,COMPREHENSIVE,1000.0,393.61,0,0.0
3,SUV,ELECTRIC,RIDESHARE,27429.82,67,13711,EXCELLENT,0,COMPREHENSIVE,250.0,1172.62,0,0.0
10,SUV,DIESEL,PERSONAL,11073.27,22,17610,GOOD,1,ZERO_DEP_PREMIUM,2000.0,484.46,0,0.0
13,SEDAN,PETROL,PERSONAL,10185.97,40,11324,FAIR,2,THIRD_PARTY,1000.0,250.0,0,0.0
8,SEDAN,PETROL,PERSONAL,13433.73,58,16273,FAIR,0,THIRD_PARTY,500.0,250.0,0,0.0
13,SEDAN,PETROL,PERSONAL,10042.06,27,18298,GOOD,0,COMPREHENSIVE,500.0,286.2,0,0.0
2,SEDAN,DIESEL,PERSONAL,27487.66,66,10008,FAIR,0,ZERO_DEP_PREMIUM,1000.0,962.07,0,0.0
4,SUV,PETROL,PERSONAL,18659.49,44,10663,FAIR,1,THIRD_PARTY,500.0,250.0,0,0.0
7,SUV,DIESEL,PERSONAL,15721.53,74,9043,GOOD,0,COMPREHENSIVE,500.0,515.27,0,0.0
9,SUV,PETROL,PERSONAL,12350.3,52,6391,EXCELLENT,2,THIRD_PARTY,250.0,250.0,1,602.79
14,SUV,CNG,PERSONAL,12320.15,18,20797,GOOD,0,THIRD_PARTY,1000.0,250.0,0,0.0
4,SEDAN,PETROL,PERSONAL,23244.53,24,26832,EXCELLENT,0,COMPREHENSIVE,500.0,828.09,1,1331.62
8,TRUCK,HYBRID,COMMERCIAL,22130.8,64,13447,EXCELLENT,0,COMPREHENSIVE,500.0,851.48,0,0.0
1,SUV,HYBRID,PERSONAL,25321.01,68,11012,EXCELLENT,1,ZERO_DEP_PREMIUM,500.0,886.24,0,0.0
5,SUV,DIESEL,PERSONAL,17858.26,25,20320,FAIR,0,COMPREHENSIVE,250.0,508.96,0,0.0
4,SEDAN,ELECTRIC,PERSONAL,22634.26,28,15204,EXCELLENT,1,COMPREHENSIVE,2000.0,645.08,0,0.0
8,SEDAN,PETROL,PERSONAL,16511.16,51,9106,GOOD,0,COMPREHENSIVE,500.0,470.57,0,0.0
6,SUV,DIESEL,PERSONAL,17164.86,69,8548,POOR,1,COMPREHENSIVE,500.0,562.58,0,0.0
15,SUV,PETROL,PERSONAL,6192.01,45,16184,FAIR,1,ZERO_DEP_PREMIUM,1000.0,250.0,0,0.0
7,SUV,PETROL,PERSONAL,17332.17,51,14224,FAIR,0,THIRD_PARTY,1000.0,250.0,0,0.0
6,SUV,DIESEL,PERSONAL,14746.76,60,17550,EXCELLENT,0,THIRD_PARTY,2000.0,250.0,0,0.0
12,SUV,DIESEL,PERSONAL,14854.82,37,15666,GOOD,0,COMPREHENSIVE,500.0,423.36,1,8398.07
9,HATCHBACK,DIESEL,PERSONAL,7148.54,45,7007,GOOD,3,ZERO_DEP_PREMIUM,500.0,250.2,0,0.0
9,HATCHBACK,PETROL,COMMERCIAL,7869.13,66,9018,GOOD,0,THIRD_PARTY,2000.0,250.0,0,0.0
4,HATCHBACK,PETROL,PERSONAL,10840.76,78,8549,GOOD,0,COMPREHENSIVE,250.0,355.31,0,0.0
10,COMMERCIAL_VAN,PETROL,PERSONAL,13937.4,59,13476,GOOD,0,THIRD_PARTY,1000.0,250.0,0,0.0
12,SEDAN,PETROL,PERSONAL,7173.16,54,11945,POOR,0,THIRD_PARTY,500.0,250.0,0,0.0
13,SEDAN,PETROL,COMMERCIAL,9456.13,20,10449,GOOD,0,ZERO_DEP_PREMIUM,500.0,558.5,0,0.0
4,SEDAN,PETROL,PERSONAL,21161.52,26,11100,EXCELLENT,0,COMPREHENSIVE,2000.0,603.1,0,0.0
12,SUV,PETROL,PERSONAL,11057.8,69,15533,GOOD,0,THIRD_PARTY,1000.0,250.0,0,0.0
10,TRUCK,ELECTRIC,RIDESHARE,15845.49,39,11685,GOOD,1,ZERO_DEP_PREMIUM,500.0,831.89,1,1057.0
3,SEDAN,PETROL,PERSONAL,13732.04,42,9435,EXCELLENT,0,COMPREHENSIVE,250.0,391.36,0,0.0
1,TRUCK,DIESEL,PERSONAL,29809.24,19,6626,FAIR,0,COMPREHENSIVE,500.0,1061.95,0,0.0
13,SEDAN,PETROL,PERSONAL,8669.55,40,8436,GOOD,0,COMPREHENSIVE,250.0,250.0,0,0.0
8,TRUCK,HYBRID,COMMERCIAL,21937.24,68,17306,GOOD,0,THIRD_PARTY,1000.0,370.19,0,0.0
9,SEDAN,DIESEL,COMMERCIAL,11174.71,34,9493,GOOD,0,COMPREHENSIVE,1000.0,429.95,0,0.0
9,SEDAN,PETROL,PERSONAL,14233.18,74,20661,FAIR,0,COMPREHENSIVE,250.0,466.49,0,0.0
11,SUV,DIESEL,PERSONAL,13429.95,42,15333,POOR,1,COMPREHENSIVE,500.0,382.75,0,0.0
9,SEDAN,PETROL,PERSONAL,10782.88,29,8825,EXCELLENT,0,COMPREHENSIVE,1000.0,307.31,0,0.0
9,SEDAN,DIESEL,PERSONAL,9044.24,44,9743,GOOD,0,THIRD_PARTY,250.0,250.0,0,0.0
2,SEDAN,PETROL,PERSONAL,27440.35,37,3010,EXCELLENT,0,COMPREHENSIVE,500.0,782.05,0,0.0
10,HATCHBACK,CNG,PERSONAL,6874.74,26,10521,FAIR,2,COMPREHENSIVE,500.0,250.0,0,0.0
10,SUV,PETROL,RIDESHARE,10720.62,40,21268,GOOD,1,COMPREHENSIVE,250.0,458.31,1,2282.21
2,SEDAN,PETROL,COMMERCIAL,24851.24,53,19849,FAIR,0,COMPREHENSIVE,500.0,956.15,1,13358.07
2,SUV,ELECTRIC,PERSONAL,29738.55,45,19737,POOR,1,ZERO_DEP_PREMIUM,2000.0,1040.85,1,4804.12
7,HATCHBACK,PETROL,PERSONAL,10483.8,67,15241,GOOD,0,ZERO_DEP_PREMIUM,500.0,366.93,0,0.0
5,SEDAN,ELECTRIC,PERSONAL,21793.85,65,11699,EXCELLENT,0,ZERO_DEP_PREMIUM,1000.0,762.78,0,0.0
0,SUV,DIESEL,PERSONAL,40331.74,46,12940,GOOD,0,ZERO_DEP_PREMIUM,1000.0,1411.61,0,0.0
11,SEDAN,ELECTRIC,PERSONAL,11168.05,70,14951,EXCELLENT,1,COMPREHENSIVE,500.0,366.03,1,725.75
12,SEDAN,PETROL,PERSONAL,6201.19,73,12426,FAIR,1,THIRD_PARTY,1000.0,250.0,0,0.0
14,SUV,ELECTRIC,PERSONAL,10499.67,59,8962,EXCELLENT,1,COMPREHENSIVE,250.0,299.24,0,0.0
13,SEDAN,ELECTRIC,PERSONAL,9374.99,75,12176,GOOD,0,COMPREHENSIVE,2000.0,307.27,1,405.84
2,SUV,PETROL,COMMERCIAL,31234.61,71,6412,EXCELLENT,0,COMPREHENSIVE,500.0,1382.01,0,0.0
3,HATCHBACK,PETROL,PERSONAL,13449.56,49,15176,EXCELLENT,0,COMPREHENSIVE,2000.0,383.31,0,0.0
12,SEDAN,PETROL,PERSONAL,11145.03,29,8410,EXCELLENT,0,COMPREHENSIVE,1000.0,317.63,1,2185.53
1,SUV,CNG,COMMERCIAL,27474.82,47,15063,GOOD,0,ZERO_DEP_PREMIUM,500.0,1298.19,0,0.0
15,SEDAN,PETROL,PERSONAL,4857.27,77,7639,EXCELLENT,0,COMPREHENSIVE,500.0,250.0,0,0.0
15,COMMERCIAL_VAN,DIESEL,PERSONAL,10928.35,28,11751,GOOD,0,COMPREHENSIVE,250.0,311.46,0,0.0
5,SUV,PETROL,PERSONAL,28665.41,54,13737,GOOD,0,COMPREHENSIVE,500.0,816.96,0,0.0
9,HATCHBACK,PETROL,RIDESHARE,8869.05,37,11761,POOR,0,THIRD_PARTY,1000.0,250.0,1,614.27
11,SUV,DIESEL,PERSONAL,14660.03,28,15379,FAIR,0,ZERO_DEP_PREMIUM,500.0,513.1,0,0.0
0,SEDAN,CNG,PERSONAL,33364.48,65,14514,GOOD,0,COMPREHENSIVE,1000.0,950.89,0,0.0
0,SUV,DIESEL,PERSONAL,42856.74,64,10602,FAIR,1,COMPREHENSIVE,250.0,1221.42,1,6438.81
7,COMMERCIAL_VAN,ELECTRIC,PERSONAL,14946.91,55,9845,GOOD,1,COMPREHENSIVE,250.0,425.99,0,0.0
3,SUV,DIESEL,PERSONAL,33461.19,62,9524,GOOD,0,COMPREHENSIVE,1000.0,953.64,0,0.0
14,HATCHBACK,PETROL,PERSONAL,4500.0,33,8877,GOOD,1,ZERO_DEP_PREMIUM,1000.0,250.0,0,0.0
14,TRUCK,PETROL,RIDESHARE,10170.98,76,21937,GOOD,0,THIRD_PARTY,500.0,250.0,0,0.0
0,SEDAN,DIESEL,RIDESHARE,25382.64,52,9662,FAIR,0,COMPREHENSIVE,500.0,1085.11,0,0.0
6,SEDAN,CNG,PERSONAL,13586.34,67,17414,GOOD,3,COMPREHENSIVE,500.0,387.21,0,0.0
8,SUV,HYBRID,PERSONAL,15662.05,18,13236,GOOD,1,ZERO_DEP_PREMIUM,500.0,685.21,1,1114.47
9,SUV,PETROL,PERSONAL,12609.1,42,10900,GOOD,2,ZERO_DEP_PREMIUM,1000.0,441.32,1,1241.46
6,HATCHBACK,PETROL,COMMERCIAL,8229.2,66,13373,FAIR,0,ZERO_DEP_PREMIUM,500.0,388.83,0,0.0
0,TRUCK,PETROL,PERSONAL,31405.61,44,13645,EXCELLENT,0,COMPREHENSIVE,1000.0,895.06,0,0.0
0,SEDAN,HYBRID,PERSONAL,26806.98,69,4589,GOOD,0,ZERO_DEP_PREMIUM,500.0,1078.98,0,0.0
11,SEDAN,HYBRID,COMMERCIAL,11406.54,49,12150,FAIR,1,COMPREHENSIVE,500.0,438.87,0,0.0
0,HATCHBACK,ELECTRIC,COMMERCIAL,20857.17,23,12528,EXCELLENT,0,COMPREHENSIVE,500.0,1003.1,1,2100.12
14,SEDAN,PETROL,PERSONAL,8847.58,58,11019,POOR,0,THIRD_PARTY,500.0,250.0,0,0.0
7,HATCHBACK,DIESEL,RIDESHARE,8198.07,53,3000,FAIR,2,ZERO_DEP_PREMIUM,1000.0,430.4,0,0.0
15,SUV,DIESEL,RIDESHARE,10596.8,56,11005,GOOD,0,COMPREHENSIVE,1000.0,453.01,0,0.0
6,SUV,PETROL,PERSONAL,18430.11,40,19760,GOOD,0,ZERO_DEP_PREMIUM,500.0,645.05,0,0.0
13,SEDAN,DIESEL,PERSONAL,5637.59,46,14977,POOR,0,ZERO_DEP_PREMIUM,250.0,250.0,0,0.0
2,SUV,PETROL,RIDESHARE,34974.37,47,7763,GOOD,0,COMPREHENSIVE,1000.0,1495.15,0,0.0
2,SUV,PETROL,PERSONAL,34407.28,39,16519,EXCELLENT,1,COMPREHENSIVE,500.0,980.61,0,0.0
11,SUV,HYBRID,PERSONAL,16088.71,74,7517,FAIR,0,ZERO_DEP_PREMIUM,1000.0,647.57,1,2010.0
2,SEDAN,ELECTRIC,PERSONAL,24357.02,28,13710,EXCELLENT,1,THIRD_PARTY,1000.0,304.46,1,2175.85
1,HATCHBACK,PETROL,COMMERCIAL,11791.04,43,13747,EXCELLENT,0,THIRD_PARTY,500.0,250.0,0,0.0
13,TRUCK,DIESEL,COMMERCIAL,16749.52,40,10848,FAIR,0,THIRD_PARTY,250.0,282.65,0,0.0
13,SEDAN,PETROL,PERSONAL,8690.9,20,17190,EXCELLENT,1,COMPREHENSIVE,1000.0,309.61,0,0.0
3,SEDAN,ELECTRIC,RIDESHARE,24791.35,65,15891,FAIR,1,THIRD_PARTY,1000.0,464.84,0,0.0
6,SEDAN,ELECTRIC,COMMERCIAL,18335.79,23,9011,GOOD,1,ZERO_DEP_PREMIUM,500.0,1082.96,1,3357.11
8,SUV,ELECTRIC,COMMERCIAL,15380.17,24,11194,FAIR,0,COMPREHENSIVE,500.0,739.69,0,0.0
2,SUV,ELECTRIC,PERSONAL,22423.9,61,8644,EXCELLENT,0,COMPREHENSIVE,1000.0,639.08,1,6760.73
9,SUV,PETROL,PERSONAL,12687.22,56,9919,GOOD,0,COMPREHENSIVE,500.0,361.59,0,0.0
6,SEDAN,PETROL,PERSONAL,11294.97,78,15425,GOOD,0,THIRD_PARTY,1000.0,250.0,0,0.0
11,SUV,DIESEL,PERSONAL,11103.79,71,12439,EXCELLENT,1,COMPREHENSIVE,250.0,363.93,0,0.0
14,SUV,PETROL,PERSONAL,9821.86,68,17132,GOOD,0,COMPREHENSIVE,1000.0,279.92,0,0.0
3,SUV,ELECTRIC,COMMERCIAL,36210.31,39,5386,GOOD,2,THIRD_PARTY,500.0,611.05,1,4220.99
0,COMMERCIAL_VAN,PETROL,PERSONAL,49795.7,65,13742,POOR,1,COMPREHENSIVE,500.0,1419.18,0,0.0
4,SEDAN,PETROL,COMMERCIAL,21449.23,67,16240,GOOD,0,ZERO_DEP_PREMIUM,250.0,1013.48,0,0.0
7,SUV,PETROL,PERSONAL,13336.38,59,12956,GOOD,0,THIRD_PARTY,1000.0,250.0,0,0.0
2,SUV,CNG,PERSONAL,27992.27,78,6366,GOOD,0,ZERO_DEP_PREMIUM,250.0,1126.69,0,0.0
9,SUV,PETROL,PERSONAL,18142.16,50,7775,POOR,0,ZERO_DEP_PREMIUM,2000.0,634.98,0,0.0
3,HATCHBACK,DIESEL,PERSONAL,9529.0,57,16588,GOOD,0,ZERO_DEP_PREMIUM,1000.0,333.52,0,0.0
14,SUV,PETROL,PERSONAL,12120.34,20,10101,FAIR,0,THIRD_PARTY,1000.0,250.0,0,0.0
2,COMMERCIAL_VAN,PETROL,COMMERCIAL,42173.2,47,8992,GOOD,0,COMPREHENSIVE,1000.0,1622.61,0,0.0
14,SEDAN,DIESEL,PERSONAL,6581.17,65,10975,GOOD,0,COMPREHENSIVE,500.0,250.0,0,0.0
9,SEDAN,ELECTRIC,PERSONAL,13285.66,41,11360,EXCELLENT,2,THIRD_PARTY,1000.0,250.0,0,0.0
13,HATCHBACK,DIESEL,PERSONAL,4500.0,20,17837,GOOD,0,ZERO_DEP_PREMIUM,2000.0,250.0,0,0.0
13,SUV,HYBRID,PERSONAL,12503.6,19,4646,GOOD,1,THIRD_PARTY,500.0,250.0,0,0.0
15,SEDAN,PETROL,PERSONAL,4517.64,61,15091,FAIR,1,COMPREHENSIVE,1000.0,250.0,0,0.0
7,SEDAN,PETROL,PERSONAL,10823.06,57,19073,EXCELLENT,0,ZERO_DEP_PREMIUM,1000.0,378.81,0,0.0
9,SEDAN,HYBRID,PERSONAL,13317.11,36,16753,GOOD,1,THIRD_PARTY,1000.0,250.0,0,0.0
7,TRUCK,PETROL,COMMERCIAL,27246.22,41,22957,GOOD,0,COMPREHENSIVE,500.0,1048.3,0,0.0
13,SEDAN,DIESEL,PERSONAL,8765.19,67,10442,EXCELLENT,2,ZERO_DEP_PREMIUM,500.0,306.78,1,1578.17
3,SEDAN,ELECTRIC,COMMERCIAL,20262.04,37,16514,EXCELLENT,2,THIRD_PARTY,500.0,341.92,0,0.0
10,SEDAN,PETROL,PERSONAL,11870.7,74,12112,GOOD,0,COMPREHENSIVE,500.0,389.06,0,0.0
1,SEDAN,ELECTRIC,RIDESHARE,29377.69,64,10165,GOOD,0,THIRD_PARTY,2000.0,550.83,1,2289.77
11,SEDAN,PETROL,PERSONAL,12682.84,66,3000,GOOD,0,COMPREHENSIVE,500.0,361.46,0,0.0
2,SUV,PETROL,PERSONAL,39412.39,67,10408,GOOD,1,COMPREHENSIVE,1000.0,1123.25,1,1973.33
2,SEDAN,PETROL,PERSONAL,27046.18,48,17292,GOOD,0,COMPREHENSIVE,500.0,770.82,0,0.0
3,HATCHBACK,ELECTRIC,RIDESHARE,14303.75,67,4779,GOOD,0,COMPREHENSIVE,500.0,611.49,0,0.0
10,SEDAN,PETROL,PERSONAL,11156.63,58,21939,GOOD,0,COMPREHENSIVE,250.0,317.96,0,0.0
12,SUV,ELECTRIC,PERSONAL,9106.5,75,14344,EXCELLENT,0,COMPREHENSIVE,1000.0,298.47,0,0.0
1,TRUCK,HYBRID,PERSONAL,32668.23,48,7525,GOOD,0,THIRD_PARTY,1000.0,408.35,0,0.0
1,SUV,DIESEL,PERSONAL,41742.65,54,13528,EXCELLENT,1,ZERO_DEP_PREMIUM,500.0,1460.99,0,0.0
2,SUV,DIESEL,PERSONAL,37631.75,60,15590,GOOD,3,ZERO_DEP_PREMIUM,500.0,1317.11,0,0.0
11,SEDAN,DIESEL,PERSONAL,10412.47,46,10300,FAIR,1,COMPREHENSIVE,1000.0,296.76,1,2069.0
0,SEDAN,PETROL,PERSONAL,26186.89,21,9692,GOOD,0,COMPREHENSIVE,250.0,932.91,1,7270.92
7,SUV,DIESEL,PERSONAL,13361.38,75,21383,EXCELLENT,0,ZERO_DEP_PREMIUM,2000.0,537.8,0,0.0
5,COMMERCIAL_VAN,DIESEL,PERSONAL,22030.15,27,10970,EXCELLENT,0,COMPREHENSIVE,500.0,627.86,0,0.0
2,SUV,CNG,PERSONAL,29646.08,53,11853,EXCELLENT,0,COMPREHENSIVE,1000.0,844.91,0,0.0
0,SUV,HYBRID,PERSONAL,37442.57,72,18455,GOOD,0,ZERO_DEP_PREMIUM,1000.0,1507.06,0,0.0
2,HATCHBACK,HYBRID,RIDESHARE,17893.95,52,12172,GOOD,0,COMPREHENSIVE,250.0,764.97,0,0.0
0,SUV,HYBRID,PERSONAL,27939.48,74,15940,EXCELLENT,1,THIRD_PARTY,1000.0,401.63,0,0.0
2,SEDAN,DIESEL,COMMERCIAL,22891.48,65,10376,FAIR,1,THIRD_PARTY,1000.0,386.29,0,0.0
3,SUV,DIESEL,PERSONAL,25976.83,38,9360,GOOD,0,ZERO_DEP_PREMIUM,250.0,909.19,0,0.0
5,COMMERCIAL_VAN,HYBRID,RIDESHARE,33034.15,60,14213,GOOD,0,COMPREHENSIVE,2000.0,1412.21,0,0.0
6,SEDAN,PETROL,PERSONAL,19242.77,58,8085,GOOD,2,COMPREHENSIVE,1000.0,548.42,0,0.0
6,SUV,CNG,PERSONAL,20589.46,18,14332,GOOD,2,THIRD_PARTY,500.0,321.71,1,809.07
8,SEDAN,PETROL,PERSONAL,17114.59,59,8370,POOR,0,COMPREHENSIVE,250.0,487.77,0,0.0
15,SUV,DIESEL,COMMERCIAL,9271.83,29,14289,EXCELLENT,1,THIRD_PARTY,1000.0,250.0,0,0.0
7,SEDAN,ELECTRIC,PERSONAL,10976.8,41,18057,EXCELLENT,0,THIRD_PARTY,250.0,250.0,0,0.0
12,SUV,CNG,PERSONAL,12643.63,19,3529,FAIR,0,ZERO_DEP_PREMIUM,500.0,553.16,0,0.0
3,HATCHBACK,PETROL,PERSONAL,10349.17,64,10649,GOOD,0,ZERO_DEP_PREMIUM,2000.0,362.22,0,0.0
5,SEDAN,ELECTRIC,PERSONAL,18584.23,73,3681,POOR,0,COMPREHENSIVE,1000.0,609.1,0,0.0
10,SUV,DIESEL,PERSONAL,19012.65,37,11180,EXCELLENT,0,THIRD_PARTY,1000.0,250.0,0,0.0
0,HATCHBACK,PETROL,PERSONAL,20005.42,33,14013,EXCELLENT,1,COMPREHENSIVE,500.0,570.15,0,0.0
7,TRUCK,ELECTRIC,PERSONAL,20263.98,51,10969,GOOD,0,COMPREHENSIVE,500.0,577.52,0,0.0
5,SEDAN,DIESEL,PERSONAL,14728.92,30,3000,EXCELLENT,0,COMPREHENSIVE,500.0,419.77,1,2072.52
1,SUV,DIESEL,COMMERCIAL,24520.92,35,16544,GOOD,0,ZERO_DEP_PREMIUM,1000.0,1158.61,0,0.0
7,SEDAN,PETROL,PERSONAL,12093.65,46,5931,POOR,1,COMPREHENSIVE,250.0,344.67,0,0.0
3,COMMERCIAL_VAN,DIESEL,PERSONAL,21901.65,71,16260,EXCELLENT,0,ZERO_DEP_PREMIUM,250.0,881.54,0,0.0
8,TRUCK,DIESEL,COMMERCIAL,21717.68,68,9139,GOOD,0,COMPREHENSIVE,1000.0,835.59,0,0.0
3,SUV,PETROL,PERSONAL,32441.49,60,8583,GOOD,0,COMPREHENSIVE,1000.0,924.58,0,0.0
0,HATCHBACK,PETROL,PERSONAL,19613.23,31,12548,GOOD,0,THIRD_PARTY,1000.0,250.0,0,0.0
6,SUV,CNG,COMMERCIAL,15162.19,47,17298,EXCELLENT,1,COMPREHENSIVE,500.0,583.37,0,0.0
9,SUV,DIESEL,PERSONAL,14449.86,75,21300,EXCELLENT,0,COMPREHENSIVE,250.0,473.59,0,0.0
4,SEDAN,ELECTRIC,PERSONAL,16077.21,52,10654,EXCELLENT,1,COMPREHENSIVE,250.0,458.2,0,0.0
9,HATCHBACK,PETROL,RIDESHARE,5292.71,26,6641,POOR,0,COMPREHENSIVE,2000.0,250.0,0,0.0
10,SEDAN,PETROL,RIDESHARE,9656.34,54,14056,GOOD,0,THIRD_PARTY,500.0,250.0,0,0.0
11,HATCHBACK,PETROL,PERSONAL,5156.91,63,6473,FAIR,0,THIRD_PARTY,1000.0,250.0,0,0.0
4,HATCHBACK,PETROL,PERSONAL,12553.6,56,15846,EXCELLENT,2,THIRD_PARTY,500.0,250.0,0,0.0
3,HATCHBACK,DIESEL,PERSONAL,15895.07,29,14496,EXCELLENT,0,COMPREHENSIVE,1000.0,453.01,0,0.0
5,SEDAN,DIESEL,PERSONAL,16523.2,38,18596,GOOD,1,COMPREHENSIVE,500.0,470.91,1,3354.19
0,SEDAN,DIESEL,PERSONAL,31789.31,35,17240,FAIR,0,COMPREHENSIVE,500.0,906.0,0,0.0
2,SEDAN,PETROL,PERSONAL,17272.0,28,13128,GOOD,1,COMPREHENSIVE,500.0,492.25,0,0.0
10,SEDAN,DIESEL,RIDESHARE,13430.33,44,12640,GOOD,0,COMPREHENSIVE,500.0,574.15,0,0.0
11,SEDAN,PETROL,COMMERCIAL,7433.67,41,8507,GOOD,0,ZERO_DEP_PREMIUM,1000.0,351.24,0,0.0
6,TRUCK,PETROL,PERSONAL,20850.29,58,8417,EXCELLENT,0,ZERO_DEP_PREMIUM,500.0,729.76,0,0.0
10,SUV,HYBRID,PERSONAL,10858.05,60,12314,FAIR,0,COMPREHENSIVE,500.0,309.45,0,0.0
7,SEDAN,DIESEL,PERSONAL,12317.6,67,7652,EXCELLENT,0,COMPREHENSIVE,1000.0,351.05,1,2262.46
11,SUV,DIESEL,PERSONAL,13863.17,51,11294,GOOD,0,THIRD_PARTY,250.0,250.0,0,0.0
8,SUV,PETROL,PERSONAL,23558.45,37,10382,GOOD,0,COMPREHENSIVE,500.0,671.42,0,0.0
0,SUV,HYBRID,COMMERCIAL,45192.87,30,15166,EXCELLENT,0,COMPREHENSIVE,500.0,1738.8,0,0.0
3,SUV,DIESEL,PERSONAL,26214.46,64,12399,FAIR,0,ZERO_DEP_PREMIUM,1000.0,917.51,0,0.0
1,TRUCK,ELECTRIC,COMMERCIAL,44167.81,25,16977,FAIR,1,COMPREHENSIVE,250.0,1699.36,0,0.0
1,SUV,PETROL,PERSONAL,37225.7,54,11142,EXCELLENT,0,COMPREHENSIVE,500.0,1060.93,0,0.0
0,COMMERCIAL_VAN,CNG,PERSONAL,48484.54,22,7238,GOOD,0,COMPREHENSIVE,2000.0,1727.26,0,0.0
4,TRUCK,ELECTRIC,PERSONAL,36675.75,24,14970,GOOD,0,ZERO_DEP_PREMIUM,500.0,1604.56,0,0.0
15,SEDAN,HYBRID,PERSONAL,6940.58,61,11941,EXCELLENT,0,COMPREHENSIVE,500.0,250.0,0,0.0
1,TRUCK,PETROL,RIDESHARE,46783.86,69,11284,GOOD,0,THIRD_PARTY,1000.0,1008.78,0,0.0
3,SEDAN,PETROL,PERSONAL,23945.25,29,10600,GOOD,0,COMPREHENSIVE,250.0,682.44,0,0.0
8,HATCHBACK,PETROL,PERSONAL,5968.08,58,12448,GOOD,0,COMPREHENSIVE,500.0,250.0,0,0.0
10,SUV,PETROL,PERSONAL,11780.41,21,11283,FAIR,0,ZERO_DEP_PREMIUM,1000.0,515.39,0,0.0
2,TRUCK,HYBRID,PERSONAL,43068.15,57,14825,GOOD,1,COMPREHENSIVE,2000.0,1227.44,0,0.0
14,TRUCK,PETROL,RIDESHARE,15219.55,36,15829,GOOD,0,ZERO_DEP_PREMIUM,500.0,799.03,0,0.0
7,HATCHBACK,PETROL,COMMERCIAL,8156.42,71,10833,FAIR,1,THIRD_PARTY,500.0,250.0,0,0.0
9,HATCHBACK,PETROL,PERSONAL,9489.25,18,21498,EXCELLENT,0,ZERO_DEP_PREMIUM,1000.0,415.15,0,0.0
12,SEDAN,PETROL,PERSONAL,7137.19,72,9933,POOR,1,THIRD_PARTY,500.0,250.0,0,0.0
5,SEDAN,PETROL,PERSONAL,16090.0,60,12581,GOOD,0,COMPREHENSIVE,500.0,458.56,0,0.0
9,SUV,ELECTRIC,PERSONAL,14865.76,72,5199,FAIR,1,THIRD_PARTY,500.0,250.0,0,0.0
4,SEDAN,DIESEL,PERSONAL,24091.33,30,12029,FAIR,0,THIRD_PARTY,250.0,301.14,0,0.0
1,SUV,PETROL,PERSONAL,29476.3,67,11583,GOOD,0,ZERO_DEP_PREMIUM,1000.0,1031.67,0,0.0
10,SEDAN,PETROL,RIDESHARE,10424.04,70,12276,EXCELLENT,0,THIRD_PARTY,500.0,250.0,0,0.0
12,COMMERCIAL_VAN,PETROL,PERSONAL,10183.91,69,16896,EXCELLENT,0,THIRD_PARTY,500.0,250.0,0,0.0
2,SUV,PETROL,PERSONAL,31745.97,59,20057,EXCELLENT,0,ZERO_DEP_PREMIUM,1000.0,1111.11,0,0.0
7,HATCHBACK,DIESEL,COMMERCIAL,10750.14,62,17486,GOOD,0,COMPREHENSIVE,500.0,413.61,0,0.0
14,SEDAN,ELECTRIC,PERSONAL,6337.85,42,12037,EXCELLENT,0,COMPREHENSIVE,1000.0,250.0,0,0.0
11,TRUCK,ELECTRIC,PERSONAL,19763.99,61,13385,GOOD,0,THIRD_PARTY,500.0,250.0,0,0.0
11,TRUCK,ELECTRIC,PERSONAL,20861.12,62,19354,GOOD,1,ZERO_DEP_PREMIUM,500.0,730.14,0,0.0
8,SUV,PETROL,PERSONAL,12714.94,51,7994,EXCELLENT,0,COMPREHENSIVE,1000.0,362.38,0,0.0
10,SUV,CNG,PERSONAL,17236.3,52,16032,GOOD,0,COMPREHENSIVE,500.0,491.23,0,0.0
10,HATCHBACK,ELECTRIC,PERSONAL,5475.13,78,8503,GOOD,0,COMPREHENSIVE,250.0,250.0,0,0.0
6,SEDAN,HYBRID,PERSONAL,12147.27,34,17644,FAIR,0,COMPREHENSIVE,1000.0,346.2,0,0.0
0,SUV,PETROL,PERSONAL,40348.28,43,11897,EXCELLENT,1,COMPREHENSIVE,500.0,1149.93,0,0.0
15,SUV,HYBRID,COMMERCIAL,10444.78,38,8541,EXCELLENT,0,ZERO_DEP_PREMIUM,500.0,493.52,0,0.0
11,SEDAN,ELECTRIC,PERSONAL,8995.52,68,9540,POOR,0,ZERO_DEP_PREMIUM,2000.0,314.84,0,0.0
11,SEDAN,ELECTRIC,COMMERCIAL,6702.16,29,10254,EXCELLENT,1,ZERO_DEP_PREMIUM,1000.0,316.68,0,0.0
12,SEDAN,PETROL,PERSONAL,11202.29,33,16788,FAIR,0,COMPREHENSIVE,250.0,319.27,0,0.0
12,SEDAN,ELECTRIC,PERSONAL,10157.85,69,18527,GOOD,1,ZERO_DEP_PREMIUM,1000.0,408.85,0,0.0
5,SEDAN,CNG,PERSONAL,14442.81,37,10691,EXCELLENT,1,COMPREHENSIVE,500.0,411.62,0,0.0
6,COMMERCIAL_VAN,DIESEL,PERSONAL,22610.61,71,8573,GOOD,0,ZERO_DEP_PREMIUM,250.0,910.08,0,0.0
11,SUV,DIESEL,PERSONAL,9178.28,27,21634,POOR,0,COMPREHENSIVE,250.0,261.58,0,0.0
5,COMMERCIAL_VAN,HYBRID,COMMERCIAL,22231.1,40,16185,FAIR,0,COMPREHENSIVE,1000.0,855.34,1,2206.28
9,SUV,PETROL,PERSONAL,16418.76,72,9011,GOOD,1,COMPREHENSIVE,500.0,538.12,0,0.0
10,SEDAN,DIESEL,PERSONAL,10753.13,64,14117,GOOD,0,THIRD_PARTY,1000.0,250.0,0,0.0
12,SUV,DIESEL,PERSONAL,9818.17,47,10644,GOOD,0,ZERO_DEP_PREMIUM,500.0,343.64,0,0.0
1,SUV,HYBRID,COMMERCIAL,40744.37,76,6716,GOOD,0,ZERO_DEP_PREMIUM,1000.0,2213.95,0,0.0
12,SEDAN,PETROL,PERSONAL,7623.09,25,11104,GOOD,0,COMPREHENSIVE,1000.0,250.0,0,0.0
8,SUV,DIESEL,RIDESHARE,18728.43,68,6331,POOR,2,COMPREHENSIVE,1000.0,800.64,1,2904.4
2,SEDAN,DIESEL,RIDESHARE,19163.65,22,10337,EXCELLENT,0,THIRD_PARTY,500.0,449.15,0,0.0
5,SUV,ELECTRIC,PERSONAL,22411.63,29,10759,GOOD,1,ZERO_DEP_PREMIUM,2000.0,784.41,0,0.0
15,SUV,DIESEL,PERSONAL,7394.59,59,10071,GOOD,0,COMPREHENSIVE,500.0,250.0,0,0.0
5,SEDAN,HYBRID,COMMERCIAL,18546.7,71,16599,GOOD,0,COMPREHENSIVE,500.0,820.62,0,0.0
15,SEDAN,HYBRID,PERSONAL,6305.0,31,14319,EXCELLENT,0,THIRD_PARTY,500.0,250.0,0,0.0
7,HATCHBACK,PETROL,PERSONAL,5881.01,77,9623,EXCELLENT,0,ZERO_DEP_PREMIUM,500.0,250.0,0,0.0
12,SUV,PETROL,RIDESHARE,8355.26,71,13952,GOOD,0,COMPREHENSIVE,250.0,410.77,0,0.0
3,SEDAN,PETROL,RIDESHARE,20176.6,29,18376,FAIR,0,COMPREHENSIVE,500.0,862.55,1,5788.49
14,COMMERCIAL_VAN,PETROL,RIDESHARE,8404.83,41,8765,GOOD,0,COMPREHENSIVE,500.0,359.31,0,0.0
5,SEDAN,DIESEL,PERSONAL,18001.93,62,6586,GOOD,0,COMPREHENSIVE,1000.0,513.06,0,0.0
0,SUV,HYBRID,PERSONAL,35486.43,70,7619,GOOD,0,THIRD_PARTY,1000.0,510.12,0,0.0
8,COMMERCIAL_VAN,ELECTRIC,PERSONAL,20694.67,70,14194,GOOD,0,COMPREHENSIVE,500.0,678.27,0,0.0
11,SEDAN,PETROL,PERSONAL,12591.99,34,19204,EXCELLENT,0,ZERO_DEP_PREMIUM,1000.0,440.72,0,0.0
8,SEDAN,PETROL,PERSONAL,13083.83,18,16315,EXCELLENT,0,COMPREHENSIVE,1000.0,466.11,0,0.0
6,SEDAN,DIESEL,PERSONAL,18472.95,71,18282,FAIR,1,COMPREHENSIVE,2000.0,605.45,0,0.0
10,SEDAN,DIESEL,PERSONAL,12424.46,59,3000,GOOD,0,COMPREHENSIVE,250.0,354.1,0,0.0
12,SEDAN,PETROL,COMMERCIAL,11279.1,75,8749,EXCELLENT,0,ZERO_DEP_PREMIUM,1000.0,612.88,0,0.0
0,SUV,HYBRID,COMMERCIAL,30593.25,54,7469,EXCELLENT,1,ZERO_DEP_PREMIUM,2000.0,1445.53,0,0.0
2,SEDAN,HYBRID,COMMERCIAL,27540.41,28,15013,FAIR,0,COMPREHENSIVE,500.0,1059.62,0,0.0
11,SUV,PETROL,PERSONAL,17016.47,59,11602,GOOD,1,ZERO_DEP_PREMIUM,2000.0,595.58,0,0.0
4,COMMERCIAL_VAN,HYBRID,PERSONAL,25405.31,23,3000,POOR,2,COMPREHENSIVE,2000.0,905.06,0,0.0
3,HATCHBACK,PETROL,COMMERCIAL,11088.6,32,15918,GOOD,0,COMPREHENSIVE,1000.0,426.63,0,0.0
4,SUV,ELECTRIC,PERSONAL,33732.92,58,17756,EXCELLENT,0,COMPREHENSIVE,1000.0,961.39,0,0.0
6,SEDAN,DIESEL,PERSONAL,16821.94,57,21542,FAIR,1,ZERO_DEP_PREMIUM,500.0,588.77,0,0.0
8,SUV,PETROL,PERSONAL,16361.52,40,13242,EXCELLENT,0,COMPREHENSIVE,2000.0,466.3,0,0.0
0,SUV,HYBRID,PERSONAL,45154.06,40,15285,GOOD,0,COMPREHENSIVE,1000.0,1286.89,0,0.0
4,SUV,DIESEL,PERSONAL,22542.47,55,7364,EXCELLENT,0,THIRD_PARTY,500.0,281.78,1,1852.24
2,SEDAN,ELECTRIC,COMMERCIAL,17730.13,55,5112,GOOD,0,THIRD_PARTY,1000.0,299.2,0,0.0
2,TRUCK,PETROL,RIDESHARE,39379.69,66,18095,FAIR,0,COMPREHENSIVE,1000.0,1683.48,1,17540.9
10,SUV,PETROL,PERSONAL,15369.69,29,14961,GOOD,0,THIRD_PARTY,1000.0,250.0,0,0.0
1,SEDAN,PETROL,PERSONAL,30238.01,24,18119,EXCELLENT,0,THIRD_PARTY,250.0,472.47,0,0.0
5,SEDAN,DIESEL,COMMERCIAL,16548.02,54,11349,GOOD,1,ZERO_DEP_PREMIUM,1000.0,781.89,0,0.0
13,SUV,DIESEL,PERSONAL,13418.88,33,23165,GOOD,0,ZERO_DEP_PREMIUM,1000.0,469.66,0,0.0
5,HATCHBACK,PETROL,PERSONAL,9165.04,72,13908,FAIR,0,COMPREHENSIVE,500.0,300.38,0,0.0
2,HATCHBACK,DIESEL,RIDESHARE,14611.1,55,9108,FAIR,1,ZERO_DEP_PREMIUM,2000.0,767.08,0,0.0
0,HATCHBACK,DIESEL,COMMERCIAL,13534.9,57,11069,EXCELLENT,1,ZERO_DEP_PREMIUM,1000.0,639.52,0,0.0
6,SEDAN,ELECTRIC,RIDESHARE,14318.89,52,5282,FAIR,0,COMPREHENSIVE,500.0,612.13,0,0.0
1,SUV,DIESEL,PERSONAL,42597.1,57,8259,EXCELLENT,0,THIRD_PARTY,500.0,532.46,0,0.0
7,SUV,HYBRID,PERSONAL,15835.06,46,10758,EXCELLENT,0,THIRD_PARTY,250.0,250.0,0,0.0
15,SEDAN,DIESEL,COMMERCIAL,8006.23,56,19474,EXCELLENT,1,THIRD_PARTY,1000.0,250.0,0,0.0
2,SEDAN,DIESEL,PERSONAL,19334.7,34,12203,EXCELLENT,0,ZERO_DEP_PREMIUM,500.0,676.71,0,0.0
0,HATCHBACK,PETROL,COMMERCIAL,11586.28,68,17379,FAIR,0,COMPREHENSIVE,1000.0,445.78,1,657.81
9,SEDAN,PETROL,PERSONAL,8644.53,43,12050,GOOD,0,COMPREHENSIVE,1000.0,250.0,0,0.0
8,SUV,PETROL,COMMERCIAL,20689.31,37,7882,GOOD,1,COMPREHENSIVE,500.0,796.02,0,0.0
4,SEDAN,DIESEL,PERSONAL,15751.46,63,14954,POOR,1,COMPREHENSIVE,250.0,448.92,1,4429.37
0,SEDAN,PETROL,PERSONAL,30105.45,42,8698,GOOD,0,THIRD_PARTY,1000.0,376.32,1,4689.77
9,SEDAN,PETROL,PERSONAL,13233.91,77,10713,EXCELLENT,1,COMPREHENSIVE,500.0,433.74,0,0.0
10,COMMERCIAL_VAN,ELECTRIC,PERSONAL,13933.37,55,21642,GOOD,0,ZERO_DEP_PREMIUM,500.0,487.67,0,0.0
5,HATCHBACK,PETROL,PERSONAL,10308.44,56,15220,FAIR,0,ZERO_DEP_PREMIUM,1000.0,360.8,0,0.0
9,COMMERCIAL_VAN,PETROL,PERSONAL,15978.99,54,8808,POOR,1,THIRD_PARTY,1000.0,250.0,0,0.0
2,SUV,PETROL,COMMERCIAL,40637.51,36,15794,GOOD,1,THIRD_PARTY,250.0,685.76,0,0.0
10,SEDAN,ELECTRIC,PERSONAL,9354.97,38,8279,FAIR,0,ZERO_DEP_PREMIUM,1000.0,327.42,0,0.0
14,SUV,PETROL,PERSONAL,7963.12,49,4606,FAIR,1,COMPREHENSIVE,500.0,250.0,0,0.0
3,SUV,DIESEL,PERSONAL,25932.59,45,17416,EXCELLENT,0,COMPREHENSIVE,1000.0,739.08,0,0.0
7,HATCHBACK,DIESEL,RIDESHARE,9662.7,56,13826,GOOD,0,COMPREHENSIVE,2000.0,413.08,0,0.0
14,SEDAN,DIESEL,PERSONAL,8249.46,58,11612,EXCELLENT,0,COMPREHENSIVE,250.0,250.0,0,0.0
4,SUV,DIESEL,PERSONAL,33249.42,29,5005,GOOD,1,THIRD_PARTY,2000.0,415.62,0,0.0
11,SEDAN,ELECTRIC,COMMERCIAL,12136.39,74,11081,FAIR,0,ZERO_DEP_PREMIUM,2000.0,659.46,0,0.0
5,SEDAN,PETROL,PERSONAL,14631.95,64,13365,FAIR,0,THIRD_PARTY,500.0,250.0,0,0.0
9,HATCHBACK,PETROL,PERSONAL,6974.33,32,7254,GOOD,1,THIRD_PARTY,250.0,250.0,0,0.0
3,SUV,PETROL,PERSONAL,33180.62,45,12690,FAIR,1,THIRD_PARTY,1000.0,414.76,0,0.0
5,SEDAN,PETROL,COMMERCIAL,21766.85,73,19476,EXCELLENT,0,ZERO_DEP_PREMIUM,500.0,1182.76,0,0.0
2,SUV,PETROL,PERSONAL,27904.12,38,13519,EXCELLENT,0,THIRD_PARTY,500.0,348.8,0,0.0
9,SUV,PETROL,COMMERCIAL,15576.61,33,15129,EXCELLENT,0,ZERO_DEP_PREMIUM,250.0,735.99,0,0.0
11,HATCHBACK,DIESEL,COMMERCIAL,7538.89,40,10520,FAIR,0,THIRD_PARTY,500.0,250.0,0,0.0
0,TRUCK,DIESEL,PERSONAL,41841.3,69,7770,FAIR,2,THIRD_PARTY,500.0,601.47,0,0.0
5,COMMERCIAL_VAN,PETROL,COMMERCIAL,24575.41,43,9973,GOOD,0,ZERO_DEP_PREMIUM,1000.0,1161.19,1,2570.97
13,HATCHBACK,ELECTRIC,PERSONAL,6259.48,32,17247,POOR,0,ZERO_DEP_PREMIUM,1000.0,250.0,0,0.0
12,SEDAN,PETROL,PERSONAL,10577.46,54,12062,FAIR,0,ZERO_DEP_PREMIUM,500.0,370.21,0,0.0
15,SUV,PETROL,PERSONAL,7614.53,29,11589,GOOD,1,THIRD_PARTY,1000.0,250.0,0,0.0
0,SUV,DIESEL,RIDESHARE,33384.84,21,10224,GOOD,0,ZERO_DEP_PREMIUM,2000.0,2190.88,0,0.0
9,SEDAN,PETROL,PERSONAL,10537.28,52,6778,FAIR,2,THIRD_PARTY,2000.0,250.0,0,0.0
11,HATCHBACK,PETROL,PERSONAL,7591.52,48,18653,EXCELLENT,0,COMPREHENSIVE,1000.0,250.0,0,0.0
2,SEDAN,PETROL,PERSONAL,30126.77,78,11563,EXCELLENT,1,COMPREHENSIVE,500.0,987.4,0,0.0
11,TRUCK,HYBRID,PERSONAL,19362.47,44,10108,EXCELLENT,1,THIRD_PARTY,500.0,250.0,0,0.0
7,SUV,ELECTRIC,PERSONAL,19329.46,78,12858,FAIR,0,COMPREHENSIVE,1000.0,633.52,0,0.0
6,SUV,PETROL,PERSONAL,14455.9,49,10116,POOR,0,COMPREHENSIVE,2000.0,411.99,0,0.0
7,SUV,ELECTRIC,PERSONAL,22105.33,50,13907,GOOD,0,ZERO_DEP_PREMIUM,1000.0,773.69,0,0.0
9,TRUCK,ELECTRIC,PERSONAL,18312.11,30,9419,POOR,1,COMPREHENSIVE,1000.0,521.9,0,0.0
9,SUV,DIESEL,PERSONAL,17609.85,54,13056,GOOD,1,COMPREHENSIVE,1000.0,501.88,1,727.65
1,SUV,ELECTRIC,PERSONAL,36844.71,61,12263,GOOD,0,ZERO_DEP_PREMIUM,500.0,1289.56,0,0.0
9,SEDAN,PETROL,COMMERCIAL,11533.2,19,20849,FAIR,0,COMPREHENSIVE,500.0,554.67,1,3979.85
6,SUV,PETROL,RIDESHARE,27824.78,55,21097,GOOD,0,COMPREHENSIVE,250.0,1189.51,0,0.0
13,SEDAN,DIESEL,PERSONAL,5464.46,54,16043,GOOD,0,THIRD_PARTY,1000.0,250.0,0,0.0
3,HATCHBACK,DIESEL,PERSONAL,14450.39,76,12102,EXCELLENT,0,COMPREHENSIVE,1000.0,473.61,0,0.0
0,SUV,DIESEL,RIDESHARE,35527.96,67,16113,EXCELLENT,0,COMPREHENSIVE,500.0,1518.82,0,0.0
10,SUV,DIESEL,PERSONAL,16817.92,73,15970,GOOD,1,COMPREHENSIVE,250.0,551.21,0,0.0
2,SEDAN,HYBRID,PERSONAL,25247.94,22,10384,EXCELLENT,0,THIRD_PARTY,2000.0,394.5,0,0.0
4,SEDAN,HYBRID,PERSONAL,12608.42,35,5076,FAIR,0,ZERO_DEP_PREMIUM,500.0,441.29,0,0.0
13,HATCHBACK,HYBRID,PERSONAL,4500.0,65,3936,GOOD,0,ZERO_DEP_PREMIUM,2000.0,250.0,0,0.0
9,SEDAN,ELECTRIC,PERSONAL,9261.03,34,11964,GOOD,1,COMPREHENSIVE,1000.0,263.94,0,0.0
7,SEDAN,HYBRID,PERSONAL,10975.57,19,10227,FAIR,1,ZERO_DEP_PREMIUM,250.0,480.18,1,856.15
1,SEDAN,PETROL,RIDESHARE,28627.03,66,10051,POOR,0,THIRD_PARTY,500.0,536.76,0,0.0
1,COMMERCIAL_VAN,PETROL,PERSONAL,30004.58,59,8879,EXCELLENT,1,COMPREHENSIVE,1000.0,855.13,0,0.0
7,HATCHBACK,DIESEL,PERSONAL,8535.37,75,8683,GOOD,0,ZERO_DEP_PREMIUM,1000.0,343.55,0,0.0
13,SEDAN,ELECTRIC,COMMERCIAL,6659.97,52,15446,FAIR,0,COMPREHENSIVE,500.0,256.24,1,978.25
8,SEDAN,DIESEL,COMMERCIAL,13524.58,31,3000,EXCELLENT,0,THIRD_PARTY,500.0,250.0,0,0.0
9,SEDAN,ELECTRIC,COMMERCIAL,13400.38,68,15147,EXCELLENT,0,COMPREHENSIVE,500.0,515.58,0,0.0
12,HATCHBACK,PETROL,RIDESHARE,4807.48,29,11257,GOOD,0,ZERO_DEP_PREMIUM,1000.0,252.39,0,0.0
12,SUV,PETROL,PERSONAL,13026.76,75,18983,GOOD,0,THIRD_PARTY,500.0,250.0,0,0.0
0,SEDAN,ELECTRIC,RIDESHARE,33212.36,50,13698,EXCELLENT,1,THIRD_PARTY,1000.0,622.73,0,0.0
13,SEDAN,PETROL,COMMERCIAL,5844.08,24,4701,GOOD,0,ZERO_DEP_PREMIUM,1000.0,345.17,0,0.0
1,SEDAN,PETROL,PERSONAL,28332.13,75,4078,GOOD,1,COMPREHENSIVE,500.0,928.59,0,0.0
14,SUV,PETROL,PERSONAL,8904.05,56,7359,GOOD,0,COMPREHENSIVE,250.0,253.77,0,0.0
3,HATCHBACK,PETROL,PERSONAL,9475.16,62,13690,FAIR,0,THIRD_PARTY,250.0,250.0,0,0.0
11,SEDAN,ELECTRIC,RIDESHARE,9968.71,26,4792,FAIR,1,THIRD_PARTY,500.0,250.0,0,0.0
2,SEDAN,PETROL,PERSONAL,18481.51,22,12996,GOOD,1,COMPREHENSIVE,500.0,658.4,1,3855.01
0,SEDAN,DIESEL,PERSONAL,33148.78,21,15660,GOOD,0,COMPREHENSIVE,500.0,1180.93,0,0.0
3,COMMERCIAL_VAN,PETROL,PERSONAL,20904.84,49,10124,FAIR,0,COMPREHENSIVE,500.0,595.79,0,0.0
10,SEDAN,ELECTRIC,PERSONAL,7786.56,22,8503,GOOD,0,COMPREHENSIVE,250.0,277.4,0,0.0
12,HATCHBACK,PETROL,PERSONAL,5493.42,73,3000,FAIR,0,COMPREHENSIVE,250.0,250.0,0,0.0
10,SUV,DIESEL,PERSONAL,15592.74,73,19295,GOOD,1,COMPREHENSIVE,1000.0,511.05,0,0.0
1,SUV,ELECTRIC,COMMERCIAL,39669.76,77,20720,GOOD,1,ZERO_DEP_PREMIUM,500.0,2155.56,1,31466.9
9,SEDAN,PETROL,PERSONAL,9807.53,69,17989,EXCELLENT,0,ZERO_DEP_PREMIUM,2000.0,394.75,1,1146.89
4,SEDAN,HYBRID,PERSONAL,22986.35,61,11255,FAIR,0,THIRD_PARTY,250.0,287.33,0,0.0
0,SUV,DIESEL,PERSONAL,49219.19,25,12258,GOOD,0,THIRD_PARTY,250.0,615.24,0,0.0
13,HATCHBACK,PETROL,PERSONAL,4926.85,30,15585,FAIR,0,COMPREHENSIVE,1000.0,250.0,0,0.0
15,SUV,PETROL,PERSONAL,10781.15,21,13159,GOOD,0,ZERO_DEP_PREMIUM,500.0,471.68,0,0.0
7,SUV,HYBRID,PERSONAL,19857.15,69,3000,EXCELLENT,0,THIRD_PARTY,2000.0,285.45,0,0.0
9,SEDAN,ELECTRIC,PERSONAL,8329.35,28,16631,GOOD,1,ZERO_DEP_PREMIUM,1000.0,291.53,1,1294.86
15,COMMERCIAL_VAN,PETROL,PERSONAL,8572.01,32,17985,EXCELLENT,0,THIRD_PARTY,500.0,250.0,0,0.0
1,HATCHBACK,PETROL,PERSONAL,11083.66,73,17323,GOOD,0,THIRD_PARTY,500.0,250.0,0,0.0
10,SEDAN,ELECTRIC,PERSONAL,14095.93,63,14535,GOOD,0,ZERO_DEP_PREMIUM,1000.0,493.36,0,0.0
2,COMMERCIAL_VAN,DIESEL,PERSONAL,27072.32,35,16811,EXCELLENT,0,THIRD_PARTY,1000.0,338.4,0,0.0
2,SUV,ELECTRIC,PERSONAL,34138.17,37,6142,EXCELLENT,0,COMPREHENSIVE,500.0,972.94,0,0.0
3,SUV,PETROL,PERSONAL,24389.7,18,12078,FAIR,0,COMPREHENSIVE,1000.0,868.88,1,4888.52
6,HATCHBACK,ELECTRIC,COMMERCIAL,10514.87,18,9491,FAIR,2,THIRD_PARTY,1000.0,250.0,0,0.0
12,HATCHBACK,PETROL,COMMERCIAL,4500.0,28,19031,EXCELLENT,0,COMPREHENSIVE,1000.0,250.0,0,0.0
8,SUV,PETROL,PERSONAL,21156.1,46,13327,GOOD,0,ZERO_DEP_PREMIUM,1000.0,740.46,1,3442.86
2,SEDAN,DIESEL,PERSONAL,16741.51,78,11784,GOOD,0,COMPREHENSIVE,500.0,548.7,0,0.0
0,SEDAN,CNG,PERSONAL,34491.74,46,7919,GOOD,0,COMPREHENSIVE,1000.0,983.01,0,0.0
14,TRUCK,PETROL,PERSONAL,15137.27,41,7733,EXCELLENT,0,COMPREHENSIVE,2000.0,431.41,0,0.0
10,SEDAN,DIESEL,COMMERCIAL,11898.33,37,7421,EXCELLENT,1,THIRD_PARTY,250.0,250.0,0,0.0
9,SEDAN,DIESEL,RIDESHARE,8313.37,47,15853,FAIR,0,COMPREHENSIVE,1000.0,355.4,1,731.88
14,SUV,DIESEL,COMMERCIAL,8133.01,55,15190,FAIR,0,COMPREHENSIVE,500.0,312.92,0,0.0
0,SUV,ELECTRIC,COMMERCIAL,46855.91,22,13625,GOOD,0,COMPREHENSIVE,500.0,2253.48,0,0.0
11,SUV,ELECTRIC,COMMERCIAL,10019.33,62,16060,FAIR,0,COMPREHENSIVE,1000.0,385.49,0,0.0
10,TRUCK,PETROL,PERSONAL,13864.27,27,8875,GOOD,1,THIRD_PARTY,250.0,250.0,0,0.0
5,SEDAN,CNG,PERSONAL,17535.84,23,4203,EXCELLENT,0,COMPREHENSIVE,1000.0,624.71,1,7439.82
4,SEDAN,ELECTRIC,COMMERCIAL,15902.55,21,15574,FAIR,0,ZERO_DEP_PREMIUM,250.0,939.24,0,0.0
9,SEDAN,HYBRID,PERSONAL,9517.92,21,12246,EXCELLENT,0,THIRD_PARTY,1000.0,250.0,0,0.0
6,TRUCK,DIESEL,PERSONAL,27561.56,24,16247,FAIR,0,COMPREHENSIVE,500.0,981.88,0,0.0
6,SUV,HYBRID,PERSONAL,19641.99,65,14417,GOOD,0,COMPREHENSIVE,1000.0,559.8,0,0.0
2,SEDAN,PETROL,COMMERCIAL,17189.86,50,12169,GOOD,0,ZERO_DEP_PREMIUM,500.0,812.22,0,0.0
6,HATCHBACK,PETROL,PERSONAL,9761.88,26,13425,GOOD,0,COMPREHENSIVE,2000.0,278.21,0,0.0
8,TRUCK,HYBRID,PERSONAL,20089.18,43,18840,FAIR,1,COMPREHENSIVE,1000.0,572.54,0,0.0
7,HATCHBACK,PETROL,RIDESHARE,10038.9,68,11194,EXCELLENT,3,COMPREHENSIVE,500.0,429.16,1,1090.56
2,TRUCK,PETROL,PERSONAL,28126.31,69,15815,EXCELLENT,1,COMPREHENSIVE,500.0,921.84,0,0.0
9,SEDAN,ELECTRIC,RIDESHARE,12621.86,64,13890,FAIR,0,COMPREHENSIVE,500.0,539.58,0,0.0
4,HATCHBACK,ELECTRIC,PERSONAL,11032.84,58,4964,FAIR,1,THIRD_PARTY,1000.0,250.0,0,0.0
12,SUV,PETROL,PERSONAL,11426.2,38,6586,FAIR,0,COMPREHENSIVE,500.0,325.65,0,0.0
12,HATCHBACK,HYBRID,COMMERCIAL,4500.0,77,12321,GOOD,0,COMPREHENSIVE,250.0,250.0,1,936.74
13,HATCHBACK,DIESEL,PERSONAL,4500.0,69,10260,GOOD,0,COMPREHENSIVE,1000.0,250.0,0,0.0
7,HATCHBACK,DIESEL,PERSONAL,10693.91,77,8224,GOOD,1,THIRD_PARTY,250.0,250.0,0,0.0
1,SUV,ELECTRIC,PERSONAL,30417.24,39,17318,EXCELLENT,0,COMPREHENSIVE,500.0,866.89,0,0.0
13,SEDAN,PETROL,PERSONAL,8978.44,50,5770,FAIR,1,COMPREHENSIVE,2000.0,255.89,0,0.0
13,SUV,PETROL,PERSONAL,14402.42,75,11606,FAIR,1,THIRD_PARTY,250.0,250.0,0,0.0
6,COMMERCIAL_VAN,PETROL,PERSONAL,23639.68,50,8566,POOR,0,THIRD_PARTY,500.0,295.5,0,0.0
10,TRUCK,DIESEL,PERSONAL,16757.4,65,19172,GOOD,0,THIRD_PARTY,1000.0,250.0,0,0.0
9,SEDAN,DIESEL,COMMERCIAL,9877.72,22,23828,GOOD,0,ZERO_DEP_PREMIUM,2000.0,583.4,0,0.0
9,SEDAN,ELECTRIC,PERSONAL,15062.96,38,11099,FAIR,0,COMPREHENSIVE,1000.0,429.29,0,0.0
6,SEDAN,ELECTRIC,PERSONAL,17384.63,44,16318,FAIR,0,ZERO_DEP_PREMIUM,500.0,608.46,0,0.0
10,HATCHBACK,DIESEL,PERSONAL,7263.06,58,18213,FAIR,0,THIRD_PARTY,2000.0,250.0,0,0.0
11,HATCHBACK,ELECTRIC,PERSONAL,5660.32,18,16544,GOOD,0,COMPREHENSIVE,1000.0,250.0,0,0.0
13,SEDAN,PETROL,RIDESHARE,9854.11,68,16059,FAIR,0,THIRD_PARTY,500.0,250.0,0,0.0
12,SUV,PETROL,PERSONAL,13925.96,33,4522,EXCELLENT,0,THIRD_PARTY,500.0,250.0,0,0.0
7,HATCHBACK,HYBRID,COMMERCIAL,7426.71,52,17793,GOOD,1,COMPREHENSIVE,250.0,285.74,0,0.0
0,HATCHBACK,PETROL,PERSONAL,17915.28,53,14116,EXCELLENT,0,COMPREHENSIVE,500.0,510.59,0,0.0
7,SUV,PETROL,PERSONAL,18624.53,61,11469,FAIR,0,THIRD_PARTY,1000.0,250.0,0,0.0
13,SUV,DIESEL,PERSONAL,7443.74,49,12148,GOOD,0,COMPREHENSIVE,250.0,250.0,0,0.0
0,SUV,PETROL,PERSONAL,45552.11,46,13660,EXCELLENT,0,THIRD_PARTY,250.0,569.4,0,0.0
2,SEDAN,HYBRID,PERSONAL,16922.65,56,11356,GOOD,0,COMPREHENSIVE,500.0,482.3,0,0.0
15,SUV,PETROL,PERSONAL,9246.67,64,10902,EXCELLENT,1,COMPREHENSIVE,500.0,263.53,1,1191.63
8,SUV,PETROL,PERSONAL,15834.77,40,8100,EXCELLENT,0,COMPREHENSIVE,500.0,451.29,0,0.0
3,TRUCK,PETROL,COMMERCIAL,31149.87,32,14795,EXCELLENT,1,COMPREHENSIVE,2000.0,1198.49,1,3057.5
9,SUV,DIESEL,COMMERCIAL,15931.65,43,11772,GOOD,0,COMPREHENSIVE,500.0,612.97,1,4977.65
12,HATCHBACK,PETROL,PERSONAL,7212.7,54,8931,EXCELLENT,0,COMPREHENSIVE,2000.0,250.0,0,0.0
8,SEDAN,DIESEL,PERSONAL,12053.75,42,12939,EXCELLENT,2,COMPREHENSIVE,2000.0,343.53,0,0.0
0,SUV,HYBRID,PERSONAL,29794.7,72,12692,EXCELLENT,0,COMPREHENSIVE,1000.0,976.52,0,0.0
7,SEDAN,HYBRID,RIDESHARE,15176.05,19,14776,EXCELLENT,0,COMPREHENSIVE,250.0,810.97,0,0.0
2,SEDAN,PETROL,PERSONAL,18632.61,29,12365,EXCELLENT,0,ZERO_DEP_PREMIUM,500.0,652.14,0,0.0
10,HATCHBACK,DIESEL,PERSONAL,4821.81,36,15275,GOOD,0,THIRD_PARTY,500.0,250.0,0,0.0
6,COMMERCIAL_VAN,DIESEL,PERSONAL,15863.22,76,11271,GOOD,0,ZERO_DEP_PREMIUM,500.0,638.49,0,0.0
1,SEDAN,HYBRID,PERSONAL,16940.96,49,11594,POOR,0,COMPREHENSIVE,500.0,482.82,0,0.0
12,SUV,CNG,PERSONAL,11630.19,40,13749,EXCELLENT,1,COMPREHENSIVE,250.0,331.46,1,2097.08
6,HATCHBACK,PETROL,PERSONAL,9074.17,22,14242,FAIR,0,ZERO_DEP_PREMIUM,500.0,396.99,0,0.0
6,SEDAN,ELECTRIC,COMMERCIAL,12252.87,72,17952,GOOD,1,ZERO_DEP_PREMIUM,500.0,665.79,0,0.0
8,SUV,PETROL,PERSONAL,21141.27,42,17214,GOOD,0,COMPREHENSIVE,250.0,602.53,0,0.0
1,HATCHBACK,PETROL,PERSONAL,11509.53,74,12303,GOOD,0,COMPREHENSIVE,500.0,377.22,0,0.0
15,SUV,PETROL,PERSONAL,11729.03,52,6154,EXCELLENT,1,COMPREHENSIVE,500.0,334.28,1,381.33
7,SEDAN,DIESEL,PERSONAL,14931.23,73,15578,GOOD,0,THIRD_PARTY,1000.0,250.0,1,2758.7
15,SEDAN,DIESEL,RIDESHARE,4544.89,46,14875,FAIR,1,ZERO_DEP_PREMIUM,500.0,250.0,1,439.52
4,HATCHBACK,PETROL,COMMERCIAL,15076.41,55,13476,FAIR,0,COMPREHENSIVE,1000.0,580.06,0,0.0
9,SUV,DIESEL,PERSONAL,14104.62,62,15979,POOR,0,ZERO_DEP_PREMIUM,500.0,493.66,0,0.0
8,SEDAN,PETROL,PERSONAL,12409.75,37,10841,FAIR,1,COMPREHENSIVE,1000.0,353.68,0,0.0
7,HATCHBACK,DIESEL,PERSONAL,7432.99,64,5322,GOOD,0,COMPREHENSIVE,500.0,250.0,1,366.64
2,SEDAN,PETROL,PERSONAL,26049.76,53,8565,GOOD,0,THIRD_PARTY,2000.0,325.62,0,0.0
2,HATCHBACK,PETROL,PERSONAL,13779.27,69,3000,FAIR,0,COMPREHENSIVE,500.0,451.62,0,0.0
10,SEDAN,PETROL,RIDESHARE,8025.55,24,14497,FAIR,1,COMPREHENSIVE,1000.0,428.87,1,2351.59
11,COMMERCIAL_VAN,PETROL,PERSONAL,10408.45,39,12202,EXCELLENT,0,COMPREHENSIVE,500.0,296.64,0,0.0
9,SEDAN,DIESEL,PERSONAL,13437.78,35,16373,GOOD,1,ZERO_DEP_PREMIUM,1000.0,470.32,0,0.0
7,SEDAN,PETROL,COMMERCIAL,11634.81,70,15891,GOOD,0,ZERO_DEP_PREMIUM,250.0,632.21,1,1022.65
8,SEDAN,DIESEL,PERSONAL,9737.91,38,10295,GOOD,0,COMPREHENSIVE,500.0,277.53,0,0.0
1,SEDAN,PETROL,RIDESHARE,24833.52,39,8789,FAIR,0,COMPREHENSIVE,500.0,1061.63,0,0.0
2,TRUCK,DIESEL,PERSONAL,45980.39,56,8955,GOOD,1,COMPREHENSIVE,1000.0,1310.44,0,0.0
13,COMMERCIAL_VAN,ELECTRIC,RIDESHARE,9981.98,29,21117,POOR,0,COMPREHENSIVE,500.0,426.73,0,0.0
13,SEDAN,PETROL,PERSONAL,6817.22,28,11818,FAIR,1,THIRD_PARTY,1000.0,250.0,0,0.0
7,SUV,DIESEL,PERSONAL,23881.49,73,11269,EXCELLENT,1,COMPREHENSIVE,1000.0,782.72,0,0.0
1,HATCHBACK,PETROL,PERSONAL,11698.72,29,13811,EXCELLENT,0,COMPREHENSIVE,250.0,333.41,0,0.0
7,TRUCK,DIESEL,PERSONAL,25732.22,43,5360,GOOD,1,ZERO_DEP_PREMIUM,500.0,900.63,0,0.0
4,SUV,PETROL,PERSONAL,33784.37,47,10712,FAIR,0,COMPREHENSIVE,1000.0,962.85,0,0.0
5,SUV,DIESEL,RIDESHARE,28955.62,32,8645,EXCELLENT,1,ZERO_DEP_PREMIUM,500.0,1520.17,0,0.0
13,SUV,DIESEL,COMMERCIAL,7852.13,25,7701,GOOD,1,THIRD_PARTY,2000.0,250.0,0,0.0
9,SUV,HYBRID,PERSONAL,14233.7,60,11320,GOOD,1,COMPREHENSIVE,500.0,405.66,0,0.0
14,SEDAN,DIESEL,PERSONAL,5552.13,70,12712,FAIR,0,ZERO_DEP_PREMIUM,250.0,250.0,0,0.0
11,SUV,DIESEL,COMMERCIAL,17406.9,35,6852,EXCELLENT,0,COMPREHENSIVE,250.0,669.73,0,0.0
3,SEDAN,PETROL,COMMERCIAL,27237.17,27,10854,EXCELLENT,1,COMPREHENSIVE,1000.0,1047.95,0,0.0
2,HATCHBACK,HYBRID,PERSONAL,11454.21,25,12859,EXCELLENT,0,COMPREHENSIVE,1000.0,326.44,0,0.0
7,SEDAN,ELECTRIC,RIDESHARE,15703.6,55,14532,GOOD,0,ZERO_DEP_PREMIUM,500.0,824.44,1,2830.42
8,SUV,PETROL,PERSONAL,21824.01,52,11272,GOOD,0,ZERO_DEP_PREMIUM,500.0,763.84,0,0.0
14,SUV,ELECTRIC,PERSONAL,8302.0,37,13985,FAIR,1,COMPREHENSIVE,2000.0,250.0,0,0.0
15,SUV,PETROL,PERSONAL,7273.13,29,10914,GOOD,0,ZERO_DEP_PREMIUM,1000.0,254.56,0,0.0
12,SEDAN,ELECTRIC,COMMERCIAL,5934.85,66,18266,GOOD,0,ZERO_DEP_PREMIUM,500.0,280.42,0,0.0
15,SUV,ELECTRIC,PERSONAL,8646.58,20,14948,POOR,1,COMPREHENSIVE,500.0,308.03,0,0.0
14,SUV,PETROL,PERSONAL,12782.18,37,9479,GOOD,0,COMPREHENSIVE,2000.0,364.29,0,0.0
7,SUV,ELECTRIC,PERSONAL,24781.32,67,10271,EXCELLENT,0,ZERO_DEP_PREMIUM,1000.0,867.35,0,0.0
8,SUV,PETROL,PERSONAL,13364.17,29,14265,FAIR,0,COMPREHENSIVE,500.0,380.88,1,3816.49
0,SUV,PETROL,PERSONAL,30349.68,71,10137,EXCELLENT,0,COMPREHENSIVE,500.0,994.71,0,0.0
4,HATCHBACK,PETROL,PERSONAL,10814.36,41,3814,EXCELLENT,0,COMPREHENSIVE,1000.0,308.21,0,0.0
11,SEDAN,ELECTRIC,PERSONAL,11484.16,33,13830,GOOD,0,THIRD_PARTY,500.0,250.0,0,0.0
6,HATCHBACK,PETROL,PERSONAL,10251.59,77,10775,EXCELLENT,1,ZERO_DEP_PREMIUM,1000.0,412.63,0,0.0
7,SUV,PETROL,COMMERCIAL,19713.92,71,15559,GOOD,0,COMPREHENSIVE,1000.0,872.27,0,0.0
13,SEDAN,ELECTRIC,PERSONAL,8502.25,27,12683,GOOD,0,COMPREHENSIVE,1000.0,250.0,0,0.0
10,SEDAN,PETROL,COMMERCIAL,7769.18,36,15406,GOOD,0,COMPREHENSIVE,500.0,298.92,0,0.0
1,SEDAN,PETROL,PERSONAL,24473.07,58,23835,GOOD,0,COMPREHENSIVE,1000.0,697.48,1,3097.91
11,HATCHBACK,PETROL,PERSONAL,7906.36,31,18269,GOOD,0,COMPREHENSIVE,1000.0,250.0,0,0.0
10,HATCHBACK,PETROL,PERSONAL,4747.21,69,10921,GOOD,2,COMPREHENSIVE,500.0,250.0,0,0.0
13,HATCHBACK,DIESEL,PERSONAL,4993.26,31,14404,EXCELLENT,0,COMPREHENSIVE,250.0,250.0,0,0.0
3,SUV,PETROL,PERSONAL,24604.37,39,13029,GOOD,2,COMPREHENSIVE,500.0,701.22,0,0.0
6,SUV,CNG,COMMERCIAL,22036.63,21,13707,GOOD,1,THIRD_PARTY,500.0,464.84,0,0.0
4,SEDAN,ELECTRIC,RIDESHARE,19642.27,64,5445,GOOD,0,ZERO_DEP_PREMIUM,1000.0,1031.22,0,0.0
0,SEDAN,PETROL,PERSONAL,28710.01,69,17244,GOOD,0,COMPREHENSIVE,500.0,940.97,0,0.0
12,SUV,PETROL,PERSONAL,15051.76,76,3000,POOR,1,THIRD_PARTY,2000.0,250.0,0,0.0
13,SEDAN,PETROL,RIDESHARE,7422.42,51,12422,EXCELLENT,0,ZERO_DEP_PREMIUM,1000.0,389.68,1,1327.41
1,SEDAN,DIESEL,PERSONAL,25113.86,75,4595,FAIR,2,THIRD_PARTY,500.0,361.01,0,0.0
15,SUV,PETROL,PERSONAL,6190.73,35,9334,EXCELLENT,0,COMPREHENSIVE,500.0,250.0,0,0.0
4,HATCHBACK,PETROL,RIDESHARE,13744.46,51,13443,GOOD,1,COMPREHENSIVE,500.0,587.58,0,0.0
5,COMMERCIAL_VAN,HYBRID,RIDESHARE,20906.56,35,16408,GOOD,0,THIRD_PARTY,500.0,392.0,0,0.0
0,TRUCK,PETROL,PERSONAL,55949.89,57,17098,GOOD,0,THIRD_PARTY,500.0,699.37,0,0.0
11,SUV,PETROL,PERSONAL,11302.27,48,11631,EXCELLENT,2,THIRD_PARTY,1000.0,250.0,0,0.0
2,SUV,HYBRID,PERSONAL,21093.26,59,16957,GOOD,0,ZERO_DEP_PREMIUM,1000.0,738.26,0,0.0
5,SUV,DIESEL,COMMERCIAL,18160.43,37,12218,FAIR,1,ZERO_DEP_PREMIUM,250.0,858.08,0,0.0
5,HATCHBACK,PETROL,RIDESHARE,13878.26,53,9295,FAIR,0,COMPREHENSIVE,500.0,593.3,0,0.0
6,SEDAN,DIESEL,PERSONAL,13640.44,59,14179,EXCELLENT,0,COMPREHENSIVE,500.0,388.75,0,0.0
9,SUV,PETROL,COMMERCIAL,11957.37,27,8371,GOOD,1,COMPREHENSIVE,500.0,460.06,0,0.0
11,HATCHBACK,ELECTRIC,COMMERCIAL,4500.0,76,11900,EXCELLENT,0,COMPREHENSIVE,500.0,250.0,0,0.0
13,SUV,DIESEL,PERSONAL,9689.99,20,10345,EXCELLENT,0,COMPREHENSIVE,500.0,345.21,0,0.0
13,SUV,ELECTRIC,COMMERCIAL,7673.39,38,5524,EXCELLENT,0,THIRD_PARTY,500.0,250.0,0,0.0
2,SUV,CNG,PERSONAL,31541.93,53,13983,GOOD,0,ZERO_DEP_PREMIUM,1000.0,1103.97,1,2937.73
15,SEDAN,HYBRID,PERSONAL,5368.07,72,13147,FAIR,0,ZERO_DEP_PREMIUM,500.0,250.0,0,0.0
0,SEDAN,HYBRID,PERSONAL,27651.45,27,17677,GOOD,0,THIRD_PARTY,2000.0,345.64,0,0.0
12,SEDAN,DIESEL,COMMERCIAL,6695.21,24,4091,FAIR,0,THIRD_PARTY,500.0,250.0,0,0.0
6,SEDAN,PETROL,PERSONAL,14777.89,39,9290,FAIR,0,THIRD_PARTY,1000.0,250.0,0,0.0
11,SEDAN,DIESEL,PERSONAL,10305.78,40,17575,GOOD,0,COMPREHENSIVE,1000.0,293.71,0,0.0
10,HATCHBACK,DIESEL,COMMERCIAL,4631.87,29,14883,GOOD,0,COMPREHENSIVE,500.0,250.0,0,0.0
2,SEDAN,HYBRID,PERSONAL,21081.14,56,15759,POOR,0,THIRD_PARTY,500.0,263.51,0,0.0
4,SUV,PETROL,RIDESHARE,22508.77,30,19032,GOOD,1,COMPREHENSIVE,1000.0,962.25,0,0.0
3,SEDAN,HYBRID,PERSONAL,17011.53,57,9060,GOOD,0,THIRD_PARTY,500.0,250.0,0,0.0
11,TRUCK,ELECTRIC,PERSONAL,17512.78,76,8611,FAIR,0,THIRD_PARTY,1000.0,251.75,1,5689.13
14,SEDAN,CNG,PERSONAL,7720.57,30,16351,EXCELLENT,0,COMPREHENSIVE,1000.0,250.0,0,0.0
0,SUV,HYBRID,RIDESHARE,41093.64,50,15351,GOOD,0,COMPREHENSIVE,2000.0,1756.75,0,0.0
11,TRUCK,PETROL,PERSONAL,12648.69,48,11936,EXCELLENT,0,ZERO_DEP_PREMIUM,500.0,442.7,0,0.0
6,HATCHBACK,PETROL,PERSONAL,8177.29,65,11808,FAIR,0,COMPREHENSIVE,2000.0,250.0,0,0.0
13,SEDAN,PETROL,COMMERCIAL,6460.7,68,8130,FAIR,0,THIRD_PARTY,2000.0,250.0,0,0.0
12,HATCHBACK,PETROL,PERSONAL,5563.88,45,19603,GOOD,1,COMPREHENSIVE,500.0,250.0,0,0.0
3,SUV,DIESEL,RIDESHARE,27745.62,36,21619,GOOD,1,ZERO_DEP_PREMIUM,1000.0,1456.65,1,3664.66
15,SUV,ELECTRIC,COMMERCIAL,8146.46,38,17526,FAIR,0,THIRD_PARTY,250.0,250.0,0,0.0
15,SEDAN,HYBRID,PERSONAL,7899.09,49,15438,GOOD,1,COMPREHENSIVE,500.0,250.0,0,0.0
0,SEDAN,DIESEL,PERSONAL,19910.32,43,15154,POOR,0,THIRD_PARTY,1000.0,250.0,1,4350.76
10,HATCHBACK,PETROL,PERSONAL,8613.43,30,13989,GOOD,0,ZERO_DEP_PREMIUM,1000.0,301.47,0,0.0
5,SUV,PETROL,PERSONAL,17558.34,46,4568,FAIR,0,ZERO_DEP_PREMIUM,500.0,614.54,0,0.0
3,SUV,PETROL,COMMERCIAL,33670.6,24,10358,GOOD,0,COMPREHENSIVE,1000.0,1619.35,0,0.0
12,HATCHBACK,PETROL,RIDESHARE,4941.67,64,16189,GOOD,0,THIRD_PARTY,1000.0,250.0,0,0.0
3,HATCHBACK,DIESEL,PERSONAL,15742.8,43,8688,EXCELLENT,3,ZERO_DEP_PREMIUM,500.0,551.0,0,0.0
14,SEDAN,PETROL,PERSONAL,5220.64,23,13199,GOOD,1,COMPREHENSIVE,1000.0,250.0,0,0.0
1,SUV,PETROL,PERSONAL,31525.12,49,17706,FAIR,0,COMPREHENSIVE,1000.0,898.47,0,0.0
15,SEDAN,PETROL,PERSONAL,5906.33,53,17778,GOOD,0,ZERO_DEP_PREMIUM,250.0,250.0,0,0.0
0,HATCHBACK,DIESEL,PERSONAL,22323.36,71,16717,GOOD,0,COMPREHENSIVE,500.0,731.65,0,0.0
2,SUV,DIESEL,PERSONAL,41434.67,40,13776,GOOD,1,ZERO_DEP_PREMIUM,500.0,1450.21,0,0.0
9,COMMERCIAL_VAN,DIESEL,PERSONAL,13543.46,69,16090,GOOD,0,ZERO_DEP_PREMIUM,1000.0,545.12,0,0.0
4,SEDAN,PETROL,PERSONAL,20342.79,28,11413,GOOD,0,COMPREHENSIVE,500.0,579.77,1,8752.88
11,SEDAN,CNG,PERSONAL,9903.35,73,20163,GOOD,0,COMPREHENSIVE,500.0,324.58,0,0.0
8,SEDAN,PETROL,PERSONAL,9879.82,38,5341,POOR,1,COMPREHENSIVE,1000.0,281.57,0,0.0
13,SEDAN,DIESEL,COMMERCIAL,6236.92,36,12805,GOOD,2,COMPREHENSIVE,2000.0,250.0,0,0.0
14,SEDAN,ELECTRIC,PERSONAL,9668.09,51,10379,FAIR,2,COMPREHENSIVE,500.0,275.54,0,0.0
6,TRUCK,DIESEL,COMMERCIAL,25408.79,66,15570,GOOD,1,COMPREHENSIVE,500.0,977.6,0,0.0
3,SEDAN,HYBRID,PERSONAL,15440.36,64,10972,EXCELLENT,1,COMPREHENSIVE,500.0,440.05,1,633.7
7,SEDAN,PETROL,COMMERCIAL,11425.16,69,23381,FAIR,1,COMPREHENSIVE,250.0,505.52,0,0.0
11,HATCHBACK,DIESEL,COMMERCIAL,5033.98,67,16620,EXCELLENT,1,ZERO_DEP_PREMIUM,500.0,250.0,1,467.41
3,SUV,PETROL,PERSONAL,28692.3,61,8006,GOOD,0,THIRD_PARTY,250.0,358.65,0,0.0
5,HATCHBACK,DIESEL,PERSONAL,9334.36,52,3000,EXCELLENT,1,COMPREHENSIVE,500.0,266.03,0,0.0
11,SEDAN,PETROL,RIDESHARE,9384.11,66,7379,GOOD,1,ZERO_DEP_PREMIUM,2000.0,492.67,0,0.0
0,SUV,PETROL,PERSONAL,29395.79,48,15026,GOOD,1,THIRD_PARTY,1000.0,367.45,0,0.0
13,SEDAN,DIESEL,RIDESHARE,7085.84,63,11315,FAIR,0,ZERO_DEP_PREMIUM,1000.0,372.01,0,0.0
5,SEDAN,DIESEL,COMMERCIAL,12156.0,46,9918,POOR,1,COMPREHENSIVE,500.0,467.7,0,0.0
15,TRUCK,PETROL,PERSONAL,14143.82,23,9244,FAIR,1,ZERO_DEP_PREMIUM,1000.0,618.79,0,0.0
9,SEDAN,DIESEL,PERSONAL,9336.27,53,16234,GOOD,0,ZERO_DEP_PREMIUM,500.0,326.77,0,0.0
4,SUV,DIESEL,PERSONAL,30360.8,70,11009,GOOD,1,ZERO_DEP_PREMIUM,500.0,1222.02,0,0.0
13,SUV,PETROL,RIDESHARE,9979.95,48,10541,FAIR,0,THIRD_PARTY,1000.0,250.0,0,0.0
1,SEDAN,DIESEL,PERSONAL,24418.97,49,16975,EXCELLENT,1,COMPREHENSIVE,500.0,695.94,0,0.0
0,TRUCK,ELECTRIC,PERSONAL,39770.84,57,19529,EXCELLENT,0,THIRD_PARTY,2000.0,497.14,0,0.0
12,SEDAN,DIESEL,PERSONAL,9956.51,76,7487,EXCELLENT,0,ZERO_DEP_PREMIUM,1000.0,400.75,0,0.0
5,SUV,PETROL,COMMERCIAL,29006.62,37,17801,GOOD,0,COMPREHENSIVE,1000.0,1116.03,0,0.0
10,COMMERCIAL_VAN,PETROL,PERSONAL,13323.79,39,12002,FAIR,0,THIRD_PARTY,250.0,250.0,0,0.0
1,SUV,DIESEL,PERSONAL,28486.54,20,16631,GOOD,0,COMPREHENSIVE,1000.0,1014.83,0,0.0
8,TRUCK,HYBRID,PERSONAL,24353.61,25,15450,GOOD,0,THIRD_PARTY,2000.0,304.42,0,0.0
8,SEDAN,DIESEL,PERSONAL,10228.83,62,12590,FAIR,1,COMPREHENSIVE,1000.0,291.52,0,0.0
0,SUV,PETROL,COMMERCIAL,41323.96,36,12780,GOOD,0,COMPREHENSIVE,1000.0,1589.94,0,0.0
14,SEDAN,DIESEL,PERSONAL,5319.1,48,15507,GOOD,0,THIRD_PARTY,2000.0,250.0,0,0.0
4,HATCHBACK,HYBRID,COMMERCIAL,12443.29,49,7565,EXCELLENT,0,COMPREHENSIVE,500.0,478.76,0,0.0
7,COMMERCIAL_VAN,PETROL,COMMERCIAL,20803.05,32,7357,GOOD,0,THIRD_PARTY,1000.0,351.05,0,0.0
3,SEDAN,CNG,PERSONAL,15277.21,72,21864,GOOD,1,COMPREHENSIVE,500.0,500.71,1,2030.53
2,SUV,HYBRID,PERSONAL,34413.69,56,17754,FAIR,0,THIRD_PARTY,500.0,430.17,0,0.0
4,SEDAN,PETROL,PERSONAL,18053.96,48,16966,FAIR,0,ZERO_DEP_PREMIUM,1000.0,631.89,0,0.0
4,SUV,HYBRID,PERSONAL,21032.83,20,11797,EXCELLENT,0,COMPREHENSIVE,500.0,749.29,0,0.0
7,SUV,PETROL,PERSONAL,17624.28,68,5125,EXCELLENT,1,COMPREHENSIVE,2000.0,502.29,0,0.0
15,COMMERCIAL_VAN,ELECTRIC,COMMERCIAL,9644.97,75,10114,FAIR,0,COMPREHENSIVE,500.0,426.75,1,1581.93
5,SUV,PETROL,PERSONAL,17165.36,49,14345,GOOD,0,COMPREHENSIVE,250.0,489.21,0,0.0
14,SEDAN,PETROL,COMMERCIAL,9514.3,27,17678,EXCELLENT,1,COMPREHENSIVE,500.0,366.06,0,0.0
1,SEDAN,DIESEL,PERSONAL,27585.04,45,14427,EXCELLENT,0,THIRD_PARTY,1000.0,344.81,0,0.0
10,SEDAN,ELECTRIC,PERSONAL,7814.08,44,14553,EXCELLENT,0,THIRD_PARTY,500.0,250.0,0,0.0
0,SEDAN,PETROL,RIDESHARE,33176.09,65,11728,GOOD,1,THIRD_PARTY,1000.0,622.05,0,0.0
12,SEDAN,DIESEL,PERSONAL,7762.15,63,15423,GOOD,0,COMPREHENSIVE,2000.0,250.0,0,0.0
2,TRUCK,PETROL,PERSONAL,40727.14,57,8409,GOOD,1,THIRD_PARTY,500.0,509.09,0,0.0
1,SUV,PETROL,PERSONAL,29287.44,60,13059,POOR,1,COMPREHENSIVE,250.0,834.69,0,0.0
3,SUV,PETROL,PERSONAL,32917.36,48,11467,EXCELLENT,0,THIRD_PARTY,250.0,411.47,0,0.0
2,SEDAN,DIESEL,PERSONAL,25968.19,68,19004,EXCELLENT,1,COMPREHENSIVE,500.0,740.09,0,0.0
14,TRUCK,PETROL,PERSONAL,12765.39,51,3000,GOOD,1,ZERO_DEP_PREMIUM,250.0,446.79,0,0.0
14,HATCHBACK,PETROL,PERSONAL,4500.0,22,11817,GOOD,0,THIRD_PARTY,500.0,250.0,0,0.0
8,SEDAN,PETROL,PERSONAL,10729.94,28,13621,GOOD,0,THIRD_PARTY,1000.0,250.0,0,0.0
14,HATCHBACK,PETROL,RIDESHARE,4500.0,24,4159,GOOD,0,COMPREHENSIVE,1000.0,250.0,0,0.0
4,SUV,DIESEL,PERSONAL,19786.83,25,15832,EXCELLENT,0,COMPREHENSIVE,1000.0,563.92,0,0.0
3,SEDAN,CNG,PERSONAL,18345.94,34,11907,FAIR,0,THIRD_PARTY,1000.0,250.0,0,0.0
15,SUV,PETROL,PERSONAL,10314.66,61,8207,FAIR,1,THIRD_PARTY,250.0,250.0,1,2380.28
9,SUV,HYBRID,PERSONAL,19743.53,67,17083,EXCELLENT,0,ZERO_DEP_PREMIUM,1000.0,691.02,0,0.0
8,SEDAN,ELECTRIC,PERSONAL,11405.03,78,9152,EXCELLENT,0,COMPREHENSIVE,250.0,373.8,0,0.0
15,TRUCK,DIESEL,PERSONAL,9232.99,56,16138,GOOD,0,ZERO_DEP_PREMIUM,500.0,323.15,0,0.0
3,HATCHBACK,DIESEL,PERSONAL,15467.49,58,13339,EXCELLENT,1,COMPREHENSIVE,500.0,440.82,0,0.0
5,SUV,ELECTRIC,PERSONAL,29732.47,68,10655,GOOD,0,ZERO_DEP_PREMIUM,500.0,1040.64,0,0.0
13,SUV,PETROL,PERSONAL,10427.12,31,7957,FAIR,1,ZERO_DEP_PREMIUM,1000.0,364.95,1,3676.12
9,SUV,DIESEL,RIDESHARE,11073.96,41,9289,EXCELLENT,0,ZERO_DEP_PREMIUM,500.0,581.38,0,0.0
0,SUV,DIESEL,PERSONAL,42713.03,47,16459,FAIR,0,THIRD_PARTY,1000.0,533.91,0,0.0
14,SUV,DIESEL,PERSONAL,12005.58,75,17688,GOOD,0,COMPREHENSIVE,500.0,393.48,0,0.0
12,SEDAN,ELECTRIC,PERSONAL,5974.84,68,15627,EXCELLENT,0,COMPREHENSIVE,500.0,250.0,0,0.0
1,SUV,PETROL,PERSONAL,36577.25,69,12368,GOOD,0,COMPREHENSIVE,250.0,1198.82,0,0.0
14,HATCHBACK,DIESEL,COMMERCIAL,4750.6,67,15617,GOOD,1,COMPREHENSIVE,1000.0,250.0,0,0.0
3,SUV,DIESEL,PERSONAL,26181.65,74,13923,EXCELLENT,0,ZERO_DEP_PREMIUM,250.0,1053.81,0,0.0
8,SEDAN,PETROL,COMMERCIAL,14975.55,32,9791,EXCELLENT,0,ZERO_DEP_PREMIUM,1000.0,707.59,0,0.0
5,HATCHBACK,PETROL,PERSONAL,9981.77,70,8378,GOOD,0,ZERO_DEP_PREMIUM,500.0,401.77,0,0.0
5,SEDAN,DIESEL,PERSONAL,19043.79,70,11088,GOOD,0,ZERO_DEP_PREMIUM,250.0,766.51,0,0.0
10,SEDAN,HYBRID,RIDESHARE,10752.38,21,9644,GOOD,0,COMPREHENSIVE,500.0,574.58,0,0.0
8,SEDAN,DIESEL,COMMERCIAL,10685.1,30,13084,EXCELLENT,0,COMPREHENSIVE,1000.0,411.11,0,0.0
11,SEDAN,ELECTRIC,COMMERCIAL,10361.14,22,19727,POOR,0,COMPREHENSIVE,500.0,498.31,0,0.0
3,HATCHBACK,PETROL,PERSONAL,14659.5,48,13759,GOOD,1,COMPREHENSIVE,250.0,417.8,0,0.0
2,SUV,PETROL,PERSONAL,41191.7,29,19111,GOOD,0,ZERO_DEP_PREMIUM,250.0,1441.71,0,0.0
6,SEDAN,PETROL,PERSONAL,14263.73,47,12502,GOOD,0,ZERO_DEP_PREMIUM,1000.0,499.23,0,0.0
11,TRUCK,PETROL,PERSONAL,11618.24,66,11745,GOOD,2,COMPREHENSIVE,1000.0,331.12,0,0.0
14,TRUCK,PETROL,PERSONAL,16350.85,27,5682,POOR,0,ZERO_DEP_PREMIUM,250.0,572.28,0,0.0
6,TRUCK,PETROL,PERSONAL,28400.98,47,15379,EXCELLENT,2,COMPREHENSIVE,500.0,809.43,0,0.0
8,SEDAN,ELECTRIC,PERSONAL,16658.88,43,9547,FAIR,2,COMPREHENSIVE,250.0,474.78,0,0.0
14,SUV,ELECTRIC,PERSONAL,7428.16,61,8627,GOOD,0,ZERO_DEP_PREMIUM,1000.0,259.99,0,0.0
5,COMMERCIAL_VAN,PETROL,COMMERCIAL,22276.76,23,7940,FAIR,0,COMPREHENSIVE,500.0,1071.37,0,0.0
1,HATCHBACK,PETROL,RIDESHARE,11557.08,44,14092,FAIR,0,THIRD_PARTY,2000.0,250.0,0,0.0
5,SEDAN,PETROL,PERSONAL,20846.6,37,9899,GOOD,0,COMPREHENSIVE,500.0,594.13,0,0.0
14,SEDAN,DIESEL,PERSONAL,9138.77,45,19910,POOR,1,COMPREHENSIVE,1000.0,260.45,1,813.52
7,SUV,PETROL,PERSONAL,19550.65,37,17535,POOR,0,THIRD_PARTY,2000.0,250.0,0,0.0
5,TRUCK,PETROL,RIDESHARE,22806.8,29,10096,EXCELLENT,0,COMPREHENSIVE,500.0,974.99,0,0.0
8,SUV,HYBRID,PERSONAL,13356.77,62,3000,EXCELLENT,0,ZERO_DEP_PREMIUM,1000.0,467.49,0,0.0
14,SUV,ELECTRIC,COMMERCIAL,10687.48,38,13032,GOOD,1,ZERO_DEP_PREMIUM,1000.0,504.98,0,0.0
15,SEDAN,PETROL,COMMERCIAL,6662.32,47,11104,POOR,0,COMPREHENSIVE,250.0,256.33,0,0.0
3,SUV,PETROL,PERSONAL,32184.03,66,16504,GOOD,0,COMPREHENSIVE,500.0,917.24,1,4191.9
2,HATCHBACK,PETROL,PERSONAL,12105.43,69,12560,EXCELLENT,0,THIRD_PARTY,1000.0,250.0,0,0.0
10,SUV,ELECTRIC,RIDESHARE,13761.84,27,17679,GOOD,1,ZERO_DEP_PREMIUM,2000.0,722.5,0,0.0
4,HATCHBACK,DIESEL,PERSONAL,7844.46,68,14719,EXCELLENT,0,COMPREHENSIVE,1000.0,250.0,0,0.0
2,COMMERCIAL_VAN,PETROL,PERSONAL,35467.36,22,6754,GOOD,0,COMPREHENSIVE,2000.0,1263.52,0,0.0
10,SEDAN,ELECTRIC,RIDESHARE,10086.35,75,9138,GOOD,0,COMPREHENSIVE,1000.0,495.87,0,0.0
11,SUV,PETROL,PERSONAL,17143.67,54,10454,GOOD,0,THIRD_PARTY,500.0,250.0,0,0.0
1,SEDAN,PETROL,COMMERCIAL,27191.26,25,11741,POOR,0,ZERO_DEP_PREMIUM,1000.0,1284.79,1,8944.36
1,HATCHBACK,PETROL,RIDESHARE,14255.49,47,11286,GOOD,0,COMPREHENSIVE,500.0,609.42,0,0.0
3,SUV,DIESEL,COMMERCIAL,23995.54,34,15732,EXCELLENT,0,ZERO_DEP_PREMIUM,500.0,1133.79,0,0.0
2,SUV,PETROL,PERSONAL,39759.71,20,14762,GOOD,0,THIRD_PARTY,1000.0,621.25,0,0.0
8,HATCHBACK,PETROL,PERSONAL,5352.49,38,10604,GOOD,0,COMPREHENSIVE,1000.0,250.0,0,0.0
13,SUV,PETROL,PERSONAL,9812.53,33,15482,FAIR,0,COMPREHENSIVE,1000.0,279.66,0,0.0
6,TRUCK,PETROL,COMMERCIAL,33992.64,49,7229,GOOD,0,ZERO_DEP_PREMIUM,500.0,1606.15,0,0.0
5,SUV,ELECTRIC,COMMERCIAL,26010.68,44,15646,FAIR,0,ZERO_DEP_PREMIUM,2000.0,1229.0,1,4943.13
15,SEDAN,PETROL,PERSONAL,6778.83,68,16410,POOR,0,THIRD_PARTY,500.0,250.0,0,0.0
9,SUV,PETROL,PERSONAL,12978.71,23,13739,GOOD,0,COMPREHENSIVE,1000.0,462.37,0,0.0
15,HATCHBACK,DIESEL,PERSONAL,4989.88,59,14865,POOR,0,THIRD_PARTY,250.0,250.0,0,0.0
11,SEDAN,ELECTRIC,COMMERCIAL,7766.49,33,15457,EXCELLENT,0,ZERO_DEP_PREMIUM,500.0,366.97,0,0.0
7,TRUCK,ELECTRIC,COMMERCIAL,19867.5,62,17214,GOOD,0,THIRD_PARTY,250.0,335.26,0,0.0
8,TRUCK,DIESEL,RIDESHARE,17262.51,20,15838,EXCELLENT,1,THIRD_PARTY,500.0,404.59,0,0.0
2,SEDAN,PETROL,COMMERCIAL,17454.96,71,17933,EXCELLENT,0,COMPREHENSIVE,1000.0,772.32,0,0.0
11,COMMERCIAL_VAN,ELECTRIC,COMMERCIAL,18412.33,57,5421,GOOD,0,COMPREHENSIVE,1000.0,708.41,0,0.0
15,SEDAN,DIESEL,COMMERCIAL,7085.38,37,13095,EXCELLENT,1,COMPREHENSIVE,1000.0,272.61,0,0.0
9,SEDAN,PETROL,PERSONAL,12756.0,57,12293,EXCELLENT,0,COMPREHENSIVE,500.0,363.55,1,581.85
6,SEDAN,HYBRID,PERSONAL,20198.38,24,13185,GOOD,0,COMPREHENSIVE,1000.0,719.57,0,0.0
8,TRUCK,PETROL,RIDESHARE,17823.38,76,16554,GOOD,0,COMPREHENSIVE,500.0,876.24,0,0.0
0,SUV,CNG,PERSONAL,25349.12,28,13080,EXCELLENT,0,COMPREHENSIVE,1000.0,722.45,0,0.0
9,SEDAN,HYBRID,PERSONAL,12452.62,46,12898,GOOD,0,THIRD_PARTY,500.0,250.0,0,0.0
8,SUV,DIESEL,PERSONAL,17868.51,69,14601,GOOD,2,ZERO_DEP_PREMIUM,500.0,719.21,0,0.0
13,SUV,HYBRID,PERSONAL,10927.24,20,5720,GOOD,1,THIRD_PARTY,1000.0,250.0,0,0.0
6,SEDAN,ELECTRIC,PERSONAL,10974.77,38,19502,EXCELLENT,0,ZERO_DEP_PREMIUM,250.0,384.12,1,472.43
9,TRUCK,PETROL,PERSONAL,19169.8,70,12028,GOOD,0,COMPREHENSIVE,1000.0,628.29,0,0.0
13,HATCHBACK,PETROL,PERSONAL,4500.0,49,19146,GOOD,0,COMPREHENSIVE,500.0,250.0,0,0.0
3,SUV,PETROL,PERSONAL,24203.97,47,8654,GOOD,1,COMPREHENSIVE,1000.0,689.81,0,0.0
12,COMMERCIAL_VAN,PETROL,PERSONAL,10485.4,56,8394,GOOD,0,THIRD_PARTY,500.0,250.0,0,0.0
14,SUV,ELECTRIC,COMMERCIAL,8967.19,28,11475,EXCELLENT,1,COMPREHENSIVE,1000.0,345.01,0,0.0
10,COMMERCIAL_VAN,PETROL,PERSONAL,14016.39,34,12661,GOOD,0,COMPREHENSIVE,500.0,399.47,0,0.0
11,SUV,PETROL,PERSONAL,11687.49,42,10215,EXCELLENT,0,COMPREHENSIVE,500.0,333.09,0,0.0
5,SUV,DIESEL,PERSONAL,31117.09,67,8879,GOOD,1,COMPREHENSIVE,250.0,886.84,0,0.0
10,SEDAN,HYBRID,PERSONAL,13697.99,42,14167,EXCELLENT,1,COMPREHENSIVE,1000.0,390.39,0,0.0
10,TRUCK,PETROL,PERSONAL,18884.7,26,19024,FAIR,0,COMPREHENSIVE,250.0,538.21,0,0.0
5,SUV,PETROL,COMMERCIAL,31153.3,62,19966,GOOD,0,ZERO_DEP_PREMIUM,500.0,1471.99,0,0.0
5,SEDAN,PETROL,COMMERCIAL,22614.8,46,11179,POOR,0,COMPREHENSIVE,500.0,870.1,0,0.0
14,SEDAN,DIESEL,PERSONAL,6590.09,32,7642,POOR,1,ZERO_DEP_PREMIUM,500.0,250.0,0,0.0
1,SUV,PETROL,PERSONAL,33141.04,36,11317,POOR,0,THIRD_PARTY,500.0,414.26,0,0.0
4,SUV,DIESEL,PERSONAL,33854.33,32,20201,EXCELLENT,0,THIRD_PARTY,500.0,423.18,0,0.0
6,HATCHBACK,PETROL,RIDESHARE,10231.08,56,17129,GOOD,0,COMPREHENSIVE,500.0,437.38,0,0.0
5,TRUCK,PETROL,RIDESHARE,23312.73,52,14235,GOOD,0,ZERO_DEP_PREMIUM,1000.0,1223.92,0,0.0
2,SEDAN,HYBRID,PERSONAL,25461.37,73,10398,GOOD,1,COMPREHENSIVE,250.0,834.5,0,0.0
10,HATCHBACK,PETROL,PERSONAL,5258.81,57,16603,GOOD,0,COMPREHENSIVE,500.0,250.0,1,560.16
11,SEDAN,PETROL,COMMERCIAL,8638.2,30,22681,EXCELLENT,1,THIRD_PARTY,1000.0,250.0,0,0.0
4,TRUCK,PETROL,COMMERCIAL,25927.41,33,11857,FAIR,0,ZERO_DEP_PREMIUM,1000.0,1225.07,0,0.0
12,HATCHBACK,DIESEL,PERSONAL,4500.0,20,3633,POOR,0,COMPREHENSIVE,500.0,250.0,0,0.0
15,SUV,DIESEL,RIDESHARE,6152.32,70,7882,GOOD,0,THIRD_PARTY,1000.0,250.0,0,0.0
7,HATCHBACK,PETROL,PERSONAL,10885.02,48,12781,GOOD,0,COMPREHENSIVE,500.0,310.22,0,0.0
10,SEDAN,PETROL,PERSONAL,9185.17,72,11799,POOR,1,THIRD_PARTY,500.0,250.0,0,0.0
4,SUV,PETROL,COMMERCIAL,18773.52,18,18622,GOOD,0,COMPREHENSIVE,500.0,902.89,1,4144.29
11,HATCHBACK,DIESEL,PERSONAL,4500.0,52,9837,POOR,0,COMPREHENSIVE,2000.0,250.0,0,0.0
9,SUV,ELECTRIC,COMMERCIAL,16779.84,33,11715,FAIR,1,COMPREHENSIVE,1000.0,645.6,1,3656.09
2,SEDAN,DIESEL,PERSONAL,30036.14,18,9586,GOOD,0,COMPREHENSIVE,500.0,1070.04,0,0.0
8,SUV,DIESEL,PERSONAL,13568.93,67,16005,GOOD,2,COMPREHENSIVE,500.0,386.71,1,1089.21
10,HATCHBACK,PETROL,PERSONAL,4795.96,31,8627,FAIR,0,COMPREHENSIVE,1000.0,250.0,1,1144.72
2,SEDAN,PETROL,PERSONAL,21677.28,24,11443,GOOD,0,COMPREHENSIVE,500.0,772.25,0,0.0
1,SEDAN,PETROL,PERSONAL,25891.89,40,5644,EXCELLENT,0,COMPREHENSIVE,250.0,737.92,0,0.0
5,HATCHBACK,PETROL,RIDESHARE,9046.63,52,10121,GOOD,1,THIRD_PARTY,250.0,250.0,0,0.0
7,HATCHBACK,PETROL,PERSONAL,7538.64,46,19982,EXCELLENT,0,COMPREHENSIVE,500.0,250.0,0,0.0
5,SEDAN,DIESEL,COMMERCIAL,16178.33,39,20491,FAIR,0,ZERO_DEP_PREMIUM,500.0,764.43,1,2894.77
0,SEDAN,DIESEL,PERSONAL,23917.45,33,15532,GOOD,2,ZERO_DEP_PREMIUM,1000.0,837.11,1,1682.96
7,SEDAN,HYBRID,COMMERCIAL,18013.79,46,14485,EXCELLENT,1,COMPREHENSIVE,1000.0,693.08,0,0.0
0,SEDAN,PETROL,PERSONAL,18963.57,23,9668,FAIR,0,COMPREHENSIVE,1000.0,675.58,1,1867.12
8,SUV,DIESEL,PERSONAL,14630.11,35,13395,GOOD,0,COMPREHENSIVE,500.0,416.96,0,0.0
7,HATCHBACK,ELECTRIC,PERSONAL,10467.4,46,13245,GOOD,1,THIRD_PARTY,1000.0,250.0,0,0.0
5,SUV,DIESEL,PERSONAL,28840.11,42,12578,EXCELLENT,1,ZERO_DEP_PREMIUM,1000.0,1009.4,0,0.0
14,SUV,PETROL,PERSONAL,7480.16,62,16129,GOOD,1,THIRD_PARTY,250.0,250.0,0,0.0
1,SEDAN,PETROL,PERSONAL,32689.47,73,8254,EXCELLENT,0,ZERO_DEP_PREMIUM,1000.0,1315.75,0,0.0
12,HATCHBACK,PETROL,RIDESHARE,6115.93,19,24029,EXCELLENT,1,COMPREHENSIVE,1000.0,326.82,0,0.0
8,SUV,PETROL,COMMERCIAL,15080.69,61,19811,EXCELLENT,0,ZERO_DEP_PREMIUM,1000.0,712.56,0,0.0
7,COMMERCIAL_VAN,ELECTRIC,RIDESHARE,20014.47,49,8846,EXCELLENT,0,COMPREHENSIVE,500.0,855.62,0,0.0
12,SUV,PETROL,PERSONAL,10541.04,53,12984,GOOD,0,COMPREHENSIVE,500.0,300.42,0,0.0
3,SEDAN,PETROL,RIDESHARE,15772.55,49,9805,GOOD,0,THIRD_PARTY,500.0,295.74,0,0.0
15,SUV,ELECTRIC,COMMERCIAL,7906.92,58,15362,GOOD,0,THIRD_PARTY,500.0,250.0,1,304.04
1,SEDAN,ELECTRIC,PERSONAL,26169.48,37,12098,GOOD,1,ZERO_DEP_PREMIUM,2000.0,915.93,0,0.0
12,SUV,DIESEL,PERSONAL,14838.53,72,4032,FAIR,0,ZERO_DEP_PREMIUM,500.0,597.25,0,0.0
13,SEDAN,DIESEL,PERSONAL,7282.39,54,8355,EXCELLENT,0,ZERO_DEP_PREMIUM,1000.0,254.88,0,0.0
14,SEDAN,PETROL,PERSONAL,6551.02,59,18469,GOOD,1,THIRD_PARTY,1000.0,250.0,0,0.0
5,TRUCK,PETROL,PERSONAL,28215.25,55,11515,FAIR,0,ZERO_DEP_PREMIUM,500.0,987.53,0,0.0
0,SEDAN,PETROL,PERSONAL,29930.91,50,11473,EXCELLENT,0,ZERO_DEP_PREMIUM,2000.0,1047.58,0,0.0
6,HATCHBACK,DIESEL,PERSONAL,11140.52,69,15511,GOOD,0,COMPREHENSIVE,1000.0,365.13,0,0.0
0,SEDAN,HYBRID,PERSONAL,24147.75,22,16729,GOOD,0,COMPREHENSIVE,500.0,860.26,0,0.0
14,SUV,PETROL,PERSONAL,10675.29,23,12099,EXCELLENT,0,COMPREHENSIVE,500.0,380.31,0,0.0
12,SUV,DIESEL,COMMERCIAL,11290.48,39,3000,EXCELLENT,0,COMPREHENSIVE,250.0,434.4,0,0.0
5,SUV,PETROL,COMMERCIAL,26991.43,38,8886,FAIR,0,ZERO_DEP_PREMIUM,500.0,1275.35,0,0.0
4,SEDAN,DIESEL,RIDESHARE,14535.89,36,3000,GOOD,0,COMPREHENSIVE,500.0,621.41,0,0.0
11,SEDAN,PETROL,PERSONAL,8106.55,60,6201,GOOD,0,COMPREHENSIVE,1000.0,250.0,0,0.0
15,SEDAN,PETROL,PERSONAL,6307.11,32,12846,FAIR,0,THIRD_PARTY,250.0,250.0,0,0.0
9,SEDAN,ELECTRIC,PERSONAL,14715.37,51,12708,FAIR,0,COMPREHENSIVE,1000.0,419.39,0,0.0
13,SUV,DIESEL,PERSONAL,11634.76,64,18239,GOOD,1,THIRD_PARTY,500.0,250.0,0,0.0
2,TRUCK,DIESEL,PERSONAL,50128.37,24,12352,GOOD,0,THIRD_PARTY,500.0,783.26,0,0.0
5,TRUCK,PETROL,PERSONAL,21205.21,34,8548,GOOD,0,COMPREHENSIVE,500.0,604.35,0,0.0
3,HATCHBACK,PETROL,RIDESHARE,12323.87,61,17913,GOOD,0,COMPREHENSIVE,2000.0,526.85,0,0.0
13,HATCHBACK,PETROL,PERSONAL,4664.04,61,20380,GOOD,0,THIRD_PARTY,500.0,250.0,0,0.0
11,SUV,ELECTRIC,PERSONAL,14289.99,22,16624,EXCELLENT,1,ZERO_DEP_PREMIUM,1000.0,625.19,0,0.0
5,SEDAN,CNG,PERSONAL,20579.18,69,12197,GOOD,0,ZERO_DEP_PREMIUM,500.0,828.31,0,0.0
3,TRUCK,PETROL,PERSONAL,42739.98,56,11113,GOOD,0,COMPREHENSIVE,250.0,1218.09,0,0.0
14,SUV,PETROL,PERSONAL,11239.5,19,7137,POOR,0,ZERO_DEP_PREMIUM,1000.0,491.73,0,0.0
0,SUV,ELECTRIC,PERSONAL,41366.72,44,8944,FAIR,1,COMPREHENSIVE,2000.0,1178.95,0,0.0
4,SEDAN,PETROL,PERSONAL,24325.14,62,10482,GOOD,0,COMPREHENSIVE,1000.0,693.27,0,0.0
7,SUV,DIESEL,PERSONAL,18018.9,41,6540,GOOD,0,ZERO_DEP_PREMIUM,1000.0,630.66,0,0.0
5,SUV,PETROL,PERSONAL,28821.64,58,10992,EXCELLENT,0,THIRD_PARTY,500.0,360.27,0,0.0
9,TRUCK,ELECTRIC,PERSONAL,25325.88,78,11232,GOOD,2,ZERO_DEP_PREMIUM,500.0,1019.37,1,1650.45
8,SUV,DIESEL,PERSONAL,17675.28,64,18234,GOOD,1,COMPREHENSIVE,500.0,503.75,0,0.0
3,SUV,ELECTRIC,COMMERCIAL,32835.64,45,5214,GOOD,0,COMPREHENSIVE,250.0,1263.35,0,0.0
9,COMMERCIAL_VAN,ELECTRIC,PERSONAL,15674.52,75,13275,FAIR,0,COMPREHENSIVE,500.0,513.73,0,0.0
8,SEDAN,PETROL,COMMERCIAL,9918.38,64,6375,EXCELLENT,1,COMPREHENSIVE,500.0,381.61,0,0.0
7,SUV,ELECTRIC,PERSONAL,20660.05,18,3698,GOOD,0,COMPREHENSIVE,250.0,736.01,0,0.0
2,SEDAN,ELECTRIC,PERSONAL,18032.53,70,10275,GOOD,0,THIRD_PARTY,1000.0,259.22,0,0.0
13,HATCHBACK,PETROL,PERSONAL,4790.65,69,12584,EXCELLENT,1,COMPREHENSIVE,250.0,250.0,0,0.0
5,TRUCK,PETROL,PERSONAL,35997.1,38,18225,GOOD,0,COMPREHENSIVE,500.0,1025.92,0,0.0
3,SEDAN,PETROL,PERSONAL,14894.73,74,11288,GOOD,0,ZERO_DEP_PREMIUM,500.0,599.51,0,0.0
0,TRUCK,DIESEL,PERSONAL,31737.2,45,10076,FAIR,0,COMPREHENSIVE,2000.0,904.51,0,0.0
15,SEDAN,PETROL,COMMERCIAL,7105.05,20,9341,EXCELLENT,0,COMPREHENSIVE,1000.0,341.71,0,0.0
8,TRUCK,DIESEL,COMMERCIAL,19278.8,47,10171,GOOD,0,COMPREHENSIVE,500.0,741.75,0,0.0
3,HATCHBACK,PETROL,COMMERCIAL,11967.39,18,3000,POOR,0,COMPREHENSIVE,500.0,575.56,0,0.0
10,HATCHBACK,HYBRID,PERSONAL,6130.95,76,8813,GOOD,0,ZERO_DEP_PREMIUM,500.0,250.0,0,0.0
13,SEDAN,PETROL,PERSONAL,5803.46,68,16107,GOOD,1,COMPREHENSIVE,500.0,250.0,0,0.0
4,COMMERCIAL_VAN,PETROL,PERSONAL,18305.99,69,3000,GOOD,0,THIRD_PARTY,250.0,263.15,0,0.0
2,HATCHBACK,DIESEL,PERSONAL,17607.34,62,10631,EXCELLENT,0,COMPREHENSIVE,500.0,501.81,0,0.0
3,SEDAN,DIESEL,PERSONAL,16702.1,64,11200,POOR,0,COMPREHENSIVE,500.0,476.01,0,0.0
12,HATCHBACK,PETROL,PERSONAL,5150.61,62,15723,EXCELLENT,0,ZERO_DEP_PREMIUM,250.0,250.0,0,0.0
8,SEDAN,PETROL,COMMERCIAL,16876.92,35,13025,POOR,0,THIRD_PARTY,500.0,284.8,0,0.0
14,TRUCK,PETROL,PERSONAL,15024.93,66,14397,EXCELLENT,1,COMPREHENSIVE,500.0,428.21,1,602.88
15,SEDAN,ELECTRIC,PERSONAL,4900.1,50,9143,EXCELLENT,1,THIRD_PARTY,500.0,250.0,0,0.0
6,HATCHBACK,ELECTRIC,PERSONAL,9594.39,32,4587,GOOD,0,COMPREHENSIVE,500.0,273.44,0,0.0
7,SUV,DIESEL,PERSONAL,22529.74,41,10114,GOOD,1,ZERO_DEP_PREMIUM,1000.0,788.54,0,0.0
2,SEDAN,ELECTRIC,RIDESHARE,25597.19,53,11857,FAIR,0,ZERO_DEP_PREMIUM,1000.0,1343.85,1,1300.35
14,SEDAN,ELECTRIC,PERSONAL,8557.98,77,17710,POOR,0,ZERO_DEP_PREMIUM,500.0,344.46,1,4158.97
2,SEDAN,PETROL,RIDESHARE,21965.91,51,6075,GOOD,0,COMPREHENSIVE,500.0,939.04,0,0.0
14,SUV,CNG,PERSONAL,7913.32,43,21899,EXCELLENT,1,COMPREHENSIVE,1000.0,250.0,1,897.07
15,SEDAN,ELECTRIC,PERSONAL,6478.76,68,13276,GOOD,0,COMPREHENSIVE,1000.0,250.0,0,0.0
13,SUV,PETROL,COMMERCIAL,12186.14,57,9074,FAIR,1,COMPREHENSIVE,250.0,468.86,0,0.0
6,SEDAN,PETROL,PERSONAL,16625.15,39,8841,GOOD,0,ZERO_DEP_PREMIUM,500.0,581.88,0,0.0
7,SEDAN,PETROL,PERSONAL,10068.31,33,11781,EXCELLENT,1,THIRD_PARTY,1000.0,250.0,0,0.0
13,HATCHBACK,PETROL,PERSONAL,4500.0,57,12195,GOOD,0,COMPREHENSIVE,500.0,250.0,0,0.0
4,SEDAN,ELECTRIC,PERSONAL,24527.68,59,12559,GOOD,1,COMPREHENSIVE,500.0,699.04,0,0.0
0,TRUCK,DIESEL,COMMERCIAL,35475.61,33,15369,GOOD,1,ZERO_DEP_PREMIUM,1000.0,1676.22,0,0.0
2,TRUCK,ELECTRIC,COMMERCIAL,33015.89,22,9524,FAIR,1,ZERO_DEP_PREMIUM,500.0,1950.0,1,1430.62
4,SUV,ELECTRIC,COMMERCIAL,30546.3,68,12978,EXCELLENT,0,THIRD_PARTY,500.0,515.47,0,0.0
2,SUV,DIESEL,PERSONAL,29417.31,23,10992,FAIR,0,THIRD_PARTY,500.0,459.65,0,0.0
14,TRUCK,DIESEL,PERSONAL,9717.42,59,19910,EXCELLENT,0,ZERO_DEP_PREMIUM,1000.0,340.11,0,0.0
13,SEDAN,PETROL,PERSONAL,7836.25,41,4364,GOOD,0,COMPREHENSIVE,500.0,250.0,0,0.0
0,SEDAN,PETROL,COMMERCIAL,28554.89,47,22153,GOOD,1,THIRD_PARTY,1000.0,481.86,0,0.0
6,SEDAN,DIESEL,RIDESHARE,15014.66,54,8523,FAIR,1,THIRD_PARTY,250.0,281.52,0,0.0
0,HATCHBACK,PETROL,PERSONAL,21492.2,49,7615,EXCELLENT,1,ZERO_DEP_PREMIUM,1000.0,752.23,0,0.0
9,SEDAN,PETROL,PERSONAL,10005.65,70,11167,POOR,1,COMPREHENSIVE,500.0,327.94,0,0.0
12,SUV,HYBRID,PERSONAL,13500.62,36,13472,FAIR,1,COMPREHENSIVE,1000.0,384.77,0,0.0
5,COMMERCIAL_VAN,DIESEL,PERSONAL,18463.26,68,10865,EXCELLENT,0,COMPREHENSIVE,500.0,526.2,0,0.0
5,TRUCK,PETROL,PERSONAL,26759.99,62,15188,FAIR,1,COMPREHENSIVE,500.0,762.66,0,0.0
13,SUV,DIESEL,PERSONAL,12874.66,45,10477,GOOD,0,COMPREHENSIVE,1000.0,366.93,0,0.0
6,SEDAN,ELECTRIC,PERSONAL,12658.75,64,9603,FAIR,0,COMPREHENSIVE,1000.0,360.77,1,2545.54
11,HATCHBACK,PETROL,COMMERCIAL,6309.69,25,8339,POOR,0,ZERO_DEP_PREMIUM,500.0,298.13,0,0.0
10,SUV,PETROL,COMMERCIAL,11319.01,60,18172,FAIR,0,COMPREHENSIVE,1000.0,435.5,0,0.0
0,SEDAN,HYBRID,RIDESHARE,20069.17,18,14229,GOOD,0,THIRD_PARTY,1000.0,470.37,0,0.0
10,SEDAN,PETROL,PERSONAL,10795.72,21,7293,FAIR,1,THIRD_PARTY,500.0,250.0,0,0.0
2,TRUCK,PETROL,PERSONAL,42721.96,74,10464,GOOD,1,COMPREHENSIVE,2000.0,1400.21,0,0.0
11,SUV,DIESEL,PERSONAL,9942.47,39,6542,GOOD,0,COMPREHENSIVE,250.0,283.36,0,0.0
8,HATCHBACK,ELECTRIC,PERSONAL,10100.6,39,24765,GOOD,1,COMPREHENSIVE,500.0,287.87,0,0.0
1,TRUCK,PETROL,PERSONAL,34355.94,47,13323,POOR,0,COMPREHENSIVE,500.0,979.14,0,0.0
13,SUV,PETROL,COMMERCIAL,8282.23,75,3546,GOOD,0,ZERO_DEP_PREMIUM,2000.0,450.04,0,0.0
4,SUV,PETROL,PERSONAL,20783.71,44,6380,GOOD,0,COMPREHENSIVE,250.0,592.34,0,0.0
2,SUV,CNG,RIDESHARE,24406.78,44,6873,GOOD,2,COMPREHENSIVE,1000.0,1043.39,0,0.0
11,SEDAN,PETROL,COMMERCIAL,7034.32,30,13816,FAIR,0,COMPREHENSIVE,1000.0,270.65,0,0.0
11,SUV,DIESEL,COMMERCIAL,16054.87,56,4859,GOOD,0,COMPREHENSIVE,500.0,617.71,0,0.0
12,HATCHBACK,HYBRID,COMMERCIAL,5401.47,44,6354,FAIR,0,COMPREHENSIVE,250.0,250.0,0,0.0
4,SUV,PETROL,PERSONAL,23994.85,56,11369,EXCELLENT,0,THIRD_PARTY,250.0,299.94,0,0.0
6,TRUCK,CNG,COMMERCIAL,34117.21,55,12126,FAIR,0,COMPREHENSIVE,500.0,1312.66,1,6268.95
15,SUV,HYBRID,PERSONAL,8395.79,74,10006,GOOD,3,COMPREHENSIVE,1000.0,275.17,0,0.0
0,SUV,HYBRID,COMMERCIAL,29407.71,25,10631,GOOD,0,THIRD_PARTY,2000.0,496.26,0,0.0
2,SUV,PETROL,PERSONAL,26586.88,29,6042,GOOD,0,THIRD_PARTY,2000.0,332.34,0,0.0
10,SUV,DIESEL,PERSONAL,12158.33,41,14507,EXCELLENT,0,THIRD_PARTY,500.0,250.0,0,0.0
12,HATCHBACK,ELECTRIC,PERSONAL,5413.04,35,3492,GOOD,2,ZERO_DEP_PREMIUM,1000.0,250.0,0,0.0
15,SEDAN,CNG,PERSONAL,5712.0,72,11759,POOR,0,COMPREHENSIVE,1000.0,250.0,0,0.0
5,SUV,PETROL,PERSONAL,23840.99,32,20512,FAIR,0,ZERO_DEP_PREMIUM,1000.0,834.43,0,0.0
6,SEDAN,ELECTRIC,PERSONAL,17252.52,77,10852,GOOD,0,COMPREHENSIVE,250.0,565.45,1,2962.04
9,SUV,PETROL,COMMERCIAL,19166.09,33,6204,POOR,0,THIRD_PARTY,500.0,323.43,0,0.0
2,SUV,PETROL,PERSONAL,35687.78,50,11975,FAIR,1,ZERO_DEP_PREMIUM,2000.0,1249.07,0,0.0
3,SUV,PETROL,PERSONAL,22894.15,27,11113,GOOD,1,ZERO_DEP_PREMIUM,1000.0,801.3,0,0.0
5,COMMERCIAL_VAN,ELECTRIC,PERSONAL,18523.1,64,13330,GOOD,0,THIRD_PARTY,1000.0,250.0,0,0.0
4,SUV,DIESEL,PERSONAL,26654.91,41,13257,GOOD,0,THIRD_PARTY,500.0,333.19,0,0.0
10,HATCHBACK,DIESEL,PERSONAL,5229.01,62,16830,EXCELLENT,1,COMPREHENSIVE,500.0,250.0,0,0.0
8,SUV,CNG,COMMERCIAL,12856.86,36,10240,FAIR,1,ZERO_DEP_PREMIUM,1000.0,607.49,0,0.0
12,SUV,PETROL,PERSONAL,12409.75,44,8739,EXCELLENT,1,ZERO_DEP_PREMIUM,500.0,434.34,0,0.0
11,SEDAN,DIESEL,PERSONAL,8557.17,62,8852,GOOD,0,THIRD_PARTY,500.0,250.0,0,0.0
0,SEDAN,PETROL,PERSONAL,31961.91,58,9544,FAIR,0,COMPREHENSIVE,500.0,910.91,1,2601.73
14,SEDAN,PETROL,PERSONAL,6387.19,48,13789,POOR,0,COMPREHENSIVE,500.0,250.0,0,0.0
12,SUV,DIESEL,PERSONAL,16079.81,38,6271,EXCELLENT,0,COMPREHENSIVE,500.0,458.27,0,0.0
4,SEDAN,HYBRID,COMMERCIAL,21947.5,33,8246,GOOD,0,COMPREHENSIVE,500.0,844.43,0,0.0
10,SEDAN,DIESEL,PERSONAL,7496.27,40,12726,GOOD,1,COMPREHENSIVE,1000.0,250.0,0,0.0
0,SEDAN,ELECTRIC,PERSONAL,27461.48,31,17921,FAIR,0,COMPREHENSIVE,250.0,782.65,0,0.0
7,COMMERCIAL_VAN,PETROL,PERSONAL,21479.54,40,8519,POOR,3,COMPREHENSIVE,2000.0,612.17,0,0.0
6,SEDAN,PETROL,PERSONAL,17521.33,58,14071,EXCELLENT,0,COMPREHENSIVE,1000.0,499.36,0,0.0
15,SUV,DIESEL,PERSONAL,9172.22,35,11561,GOOD,0,COMPREHENSIVE,250.0,261.41,0,0.0
4,SEDAN,PETROL,PERSONAL,18514.33,53,14766,EXCELLENT,0,THIRD_PARTY,250.0,250.0,0,0.0
5,SUV,PETROL,PERSONAL,21511.67,29,12767,FAIR,0,COMPREHENSIVE,1000.0,613.08,0,0.0
15,SEDAN,DIESEL,COMMERCIAL,5623.35,73,12621,EXCELLENT,0,THIRD_PARTY,500.0,250.0,0,0.0
3,SEDAN,PETROL,PERSONAL,26692.12,54,23986,FAIR,0,THIRD_PARTY,500.0,333.65,0,0.0
8,SUV,PETROL,COMMERCIAL,15614.0,28,25684,EXCELLENT,0,ZERO_DEP_PREMIUM,1000.0,737.76,0,0.0
13,SEDAN,DIESEL,PERSONAL,5679.56,22,11316,FAIR,0,COMPREHENSIVE,500.0,250.0,0,0.0
2,SEDAN,DIESEL,PERSONAL,17592.64,68,8371,GOOD,0,COMPREHENSIVE,1000.0,501.39,0,0.0
1,SEDAN,HYBRID,COMMERCIAL,30760.22,38,13589,GOOD,0,ZERO_DEP_PREMIUM,500.0,1453.42,0,0.0
6,SEDAN,DIESEL,COMMERCIAL,16398.21,49,15217,GOOD,0,COMPREHENSIVE,500.0,630.92,0,0.0
12,SEDAN,PETROL,PERSONAL,10439.76,46,18443,EXCELLENT,0,COMPREHENSIVE,500.0,297.53,0,0.0
1,SEDAN,HYBRID,COMMERCIAL,29957.04,24,3000,GOOD,0,COMPREHENSIVE,2000.0,1440.75,0,0.0
12,HATCHBACK,ELECTRIC,PERSONAL,6585.03,53,10652,EXCELLENT,1,COMPREHENSIVE,500.0,250.0,0,0.0
15,SUV,PETROL,PERSONAL,9495.66,57,10213,EXCELLENT,0,COMPREHENSIVE,1000.0,270.63,0,0.0
5,SUV,PETROL,PERSONAL,18510.94,44,8868,EXCELLENT,1,ZERO_DEP_PREMIUM,1000.0,647.88,0,0.0
10,SEDAN,DIESEL,PERSONAL,8137.95,23,5764,GOOD,0,THIRD_PARTY,250.0,250.0,1,1887.64
7,TRUCK,DIESEL,COMMERCIAL,25051.91,55,11489,FAIR,0,COMPREHENSIVE,1000.0,963.87,1,1742.58
2,SUV,ELECTRIC,PERSONAL,28516.59,71,15670,FAIR,0,COMPREHENSIVE,1000.0,934.63,0,0.0
15,SEDAN,ELECTRIC,PERSONAL,6890.86,21,6899,EXCELLENT,0,THIRD_PARTY,500.0,250.0,0,0.0
2,SUV,DIESEL,COMMERCIAL,31270.42,63,12894,EXCELLENT,0,COMPREHENSIVE,1000.0,1203.13,1,8175.2
2,SEDAN,CNG,PERSONAL,24147.4,52,14389,FAIR,0,THIRD_PARTY,500.0,301.84,0,0.0
0,SEDAN,DIESEL,PERSONAL,18784.43,27,19895,GOOD,0,COMPREHENSIVE,500.0,535.36,0,0.0
15,SUV,PETROL,PERSONAL,6324.89,71,15358,EXCELLENT,0,THIRD_PARTY,1000.0,250.0,0,0.0
8,TRUCK,ELECTRIC,PERSONAL,24935.2,55,12115,GOOD,1,THIRD_PARTY,1000.0,311.69,0,0.0
4,SUV,PETROL,COMMERCIAL,20618.3,67,13901,EXCELLENT,0,COMPREHENSIVE,250.0,793.29,0,0.0
8,HATCHBACK,ELECTRIC,PERSONAL,8701.85,47,15932,EXCELLENT,1,COMPREHENSIVE,2000.0,250.0,0,0.0
4,COMMERCIAL_VAN,CNG,PERSONAL,28211.0,59,13043,FAIR,0,ZERO_DEP_PREMIUM,2000.0,987.39,0,0.0
6,SEDAN,DIESEL,COMMERCIAL,20482.28,26,16040,GOOD,0,COMPREHENSIVE,500.0,788.06,0,0.0
0,SEDAN,DIESEL,PERSONAL,33404.39,33,11004,POOR,0,ZERO_DEP_PREMIUM,1000.0,1169.15,0,0.0
8,SUV,DIESEL,PERSONAL,16746.16,69,17901,FAIR,0,ZERO_DEP_PREMIUM,500.0,674.03,0,0.0
0,SUV,PETROL,COMMERCIAL,40733.6,21,10206,FAIR,0,THIRD_PARTY,1000.0,859.22,0,0.0
14,SUV,PETROL,PERSONAL,7518.75,43,9414,GOOD,0,THIRD_PARTY,1000.0,250.0,1,2094.9
3,TRUCK,DIESEL,PERSONAL,32178.0,46,10393,EXCELLENT,1,THIRD_PARTY,500.0,402.22,0,0.0
6,HATCHBACK,ELECTRIC,PERSONAL,11027.76,45,8133,GOOD,0,COMPREHENSIVE,1000.0,314.29,0,0.0
10,SUV,DIESEL,PERSONAL,15923.74,28,15895,GOOD,1,COMPREHENSIVE,500.0,453.83,0,0.0
14,SEDAN,PETROL,PERSONAL,7214.77,45,5423,POOR,0,THIRD_PARTY,1000.0,250.0,0,0.0
11,HATCHBACK,DIESEL,PERSONAL,4669.56,61,10549,EXCELLENT,1,COMPREHENSIVE,500.0,250.0,1,669.63
8,COMMERCIAL_VAN,ELECTRIC,COMMERCIAL,22555.04,49,13959,FAIR,0,COMPREHENSIVE,1000.0,867.81,0,0.0
0,HATCHBACK,DIESEL,PERSONAL,14259.47,41,12554,GOOD,0,COMPREHENSIVE,1000.0,406.39,0,0.0
11,SEDAN,DIESEL,PERSONAL,11741.2,68,12311,FAIR,1,COMPREHENSIVE,1000.0,334.62,0,0.0
15,SUV,ELECTRIC,COMMERCIAL,9869.18,59,11858,GOOD,0,ZERO_DEP_PREMIUM,500.0,466.32,0,0.0
13,SEDAN,DIESEL,PERSONAL,7331.54,56,13240,GOOD,0,COMPREHENSIVE,500.0,250.0,0,0.0
12,SEDAN,PETROL,COMMERCIAL,6107.37,24,7988,POOR,0,ZERO_DEP_PREMIUM,250.0,360.72,0,0.0
10,SEDAN,HYBRID,PERSONAL,8734.61,35,10342,EXCELLENT,0,COMPREHENSIVE,250.0,250.0,0,0.0
14,SUV,PETROL,PERSONAL,12712.42,20,11341,EXCELLENT,0,COMPREHENSIVE,2000.0,452.88,0,0.0
12,SUV,CNG,RIDESHARE,14773.55,61,14551,GOOD,0,THIRD_PARTY,500.0,277.0,0,0.0
15,SEDAN,PETROL,PERSONAL,6965.18,63,16743,GOOD,0,THIRD_PARTY,500.0,250.0,0,0.0
5,SUV,PETROL,RIDESHARE,23058.82,37,11905,EXCELLENT,0,THIRD_PARTY,1000.0,432.35,0,0.0
10,SUV,HYBRID,PERSONAL,16163.88,51,15804,EXCELLENT,0,THIRD_PARTY,1000.0,250.0,0,0.0
9,SEDAN,PETROL,PERSONAL,11419.61,47,12903,EXCELLENT,0,THIRD_PARTY,1000.0,250.0,0,0.0
10,SEDAN,ELECTRIC,PERSONAL,11653.8,26,12182,FAIR,0,COMPREHENSIVE,1000.0,332.13,0,0.0
14,SUV,ELECTRIC,PERSONAL,8798.12,27,16029,GOOD,1,COMPREHENSIVE,2000.0,250.75,1,473.5
4,HATCHBACK,HYBRID,COMMERCIAL,14120.39,76,5985,FAIR,0,COMPREHENSIVE,250.0,624.77,1,3714.51
2,SEDAN,CNG,PERSONAL,25650.32,23,14489,GOOD,0,THIRD_PARTY,500.0,400.79,0,0.0
9,SEDAN,PETROL,COMMERCIAL,10358.28,34,9414,FAIR,0,COMPREHENSIVE,2000.0,398.53,0,0.0
1,SEDAN,ELECTRIC,PERSONAL,30319.49,32,17173,GOOD,1,COMPREHENSIVE,500.0,864.11,0,0.0
0,TRUCK,PETROL,PERSONAL,45810.15,50,9539,GOOD,0,ZERO_DEP_PREMIUM,1000.0,1603.36,1,4567.16
14,SUV,PETROL,PERSONAL,7904.68,73,11102,GOOD,0,COMPREHENSIVE,250.0,259.08,1,1436.75
1,SUV,ELECTRIC,PERSONAL,24714.1,76,5458,EXCELLENT,1,THIRD_PARTY,500.0,355.27,0,0.0
11,SEDAN,PETROL,PERSONAL,10961.62,71,14152,POOR,1,THIRD_PARTY,2000.0,250.0,0,0.0
12,SUV,DIESEL,PERSONAL,15156.68,30,10620,FAIR,0,COMPREHENSIVE,500.0,431.97,0,0.0
3,SEDAN,DIESEL,PERSONAL,24789.05,59,10082,GOOD,0,THIRD_PARTY,2000.0,309.86,0,0.0
5,SUV,DIESEL,COMMERCIAL,26036.12,61,12623,POOR,1,ZERO_DEP_PREMIUM,250.0,1230.21,0,0.0
11,TRUCK,CNG,COMMERCIAL,12457.6,72,4985,GOOD,0,THIRD_PARTY,250.0,250.0,1,3030.57
4,SUV,PETROL,PERSONAL,18906.06,39,9380,GOOD,0,THIRD_PARTY,500.0,250.0,0,0.0
15,TRUCK,DIESEL,PERSONAL,10067.08,33,11661,FAIR,1,COMPREHENSIVE,250.0,286.91,0,0.0
13,HATCHBACK,HYBRID,PERSONAL,6096.48,51,19091,GOOD,1,THIRD_PARTY,500.0,250.0,0,0.0
3,SEDAN,DIESEL,PERSONAL,26905.2,20,13325,GOOD,0,ZERO_DEP_PREMIUM,500.0,1177.1,0,0.0
7,TRUCK,PETROL,PERSONAL,19757.8,25,14282,GOOD,0,ZERO_DEP_PREMIUM,500.0,691.52,0,0.0
11,SEDAN,DIESEL,PERSONAL,11364.65,37,12778,GOOD,0,COMPREHENSIVE,500.0,323.89,0,0.0
6,SUV,PETROL,COMMERCIAL,22522.55,78,27843,EXCELLENT,0,COMPREHENSIVE,2000.0,996.54,0,0.0
13,SEDAN,PETROL,PERSONAL,5510.72,64,16544,EXCELLENT,1,THIRD_PARTY,1000.0,250.0,0,0.0
3,SEDAN,ELECTRIC,PERSONAL,21161.09,41,3351,POOR,0,COMPREHENSIVE,1000.0,603.09,0,0.0
9,SUV,DIESEL,PERSONAL,19474.96,68,13500,GOOD,0,COMPREHENSIVE,1000.0,555.04,0,0.0
15,SEDAN,HYBRID,RIDESHARE,5643.97,35,17406,EXCELLENT,0,THIRD_PARTY,500.0,250.0,0,0.0
12,SUV,ELECTRIC,PERSONAL,15418.69,40,5971,FAIR,0,THIRD_PARTY,1000.0,250.0,0,0.0
12,SUV,DIESEL,COMMERCIAL,10046.32,18,12972,GOOD,0,COMPREHENSIVE,250.0,483.17,0,0.0
4,SEDAN,PETROL,RIDESHARE,13435.08,76,10078,EXCELLENT,2,THIRD_PARTY,500.0,289.69,0,0.0
11,SEDAN,PETROL,COMMERCIAL,7481.04,68,8654,POOR,0,COMPREHENSIVE,500.0,287.83,0,0.0
9,SUV,PETROL,RIDESHARE,19809.93,19,18511,POOR,0,COMPREHENSIVE,1000.0,1058.59,0,0.0
4,SEDAN,HYBRID,PERSONAL,17688.89,22,9516,EXCELLENT,0,ZERO_DEP_PREMIUM,1000.0,773.89,0,0.0
2,HATCHBACK,PETROL,PERSONAL,16666.17,35,9557,FAIR,0,ZERO_DEP_PREMIUM,500.0,583.32,0,0.0
12,SUV,PETROL,PERSONAL,12443.39,33,8444,FAIR,0,THIRD_PARTY,250.0,250.0,0,0.0
8,HATCHBACK,DIESEL,PERSONAL,7797.85,27,7602,GOOD,1,COMPREHENSIVE,250.0,250.0,0,0.0
10,SUV,PETROL,PERSONAL,17731.76,70,10040,GOOD,0,COMPREHENSIVE,1000.0,581.16,0,0.0
4,SUV,PETROL,PERSONAL,24599.13,46,9818,EXCELLENT,0,ZERO_DEP_PREMIUM,500.0,860.97,1,2093.49
11,SUV,DIESEL,PERSONAL,16092.32,52,7154,EXCELLENT,0,COMPREHENSIVE,500.0,458.63,0,0.0
15,SEDAN,PETROL,COMMERCIAL,4867.95,42,12376,GOOD,0,THIRD_PARTY,250.0,250.0,0,0.0
12,SEDAN,PETROL,PERSONAL,9603.6,59,3000,FAIR,0,COMPREHENSIVE,500.0,273.7,0,0.0
9,HATCHBACK,PETROL,PERSONAL,8160.18,74,12957,GOOD,0,COMPREHENSIVE,250.0,267.45,0,0.0
1,SUV,ELECTRIC,RIDESHARE,43550.1,41,16893,EXCELLENT,1,ZERO_DEP_PREMIUM,500.0,2286.38,0,0.0
12,HATCHBACK,DIESEL,PERSONAL,4500.0,30,10111,GOOD,1,ZERO_DEP_PREMIUM,500.0,250.0,0,0.0
14,HATCHBACK,PETROL,COMMERCIAL,4798.01,38,14093,GOOD,1,COMPREHENSIVE,500.0,250.0,1,3231.9
3,TRUCK,DIESEL,COMMERCIAL,33265.87,59,11363,GOOD,1,ZERO_DEP_PREMIUM,500.0,1571.81,0,0.0
11,TRUCK,PETROL,PERSONAL,15092.34,60,23083,EXCELLENT,0,COMPREHENSIVE,250.0,430.13,0,0.0
3,SUV,HYBRID,PERSONAL,21016.48,56,16879,GOOD,0,COMPREHENSIVE,1000.0,598.97,0,0.0
4,SEDAN,PETROL,PERSONAL,14155.96,51,8601,FAIR,1,COMPREHENSIVE,500.0,403.44,0,0.0
7,SUV,DIESEL,COMMERCIAL,23921.96,36,18311,EXCELLENT,0,COMPREHENSIVE,1000.0,920.4,1,3479.76
4,SEDAN,HYBRID,PERSONAL,21838.05,45,23350,EXCELLENT,1,COMPREHENSIVE,1000.0,622.38,1,2048.31
0,SUV,ELECTRIC,PERSONAL,34835.0,44,11525,EXCELLENT,0,COMPREHENSIVE,1000.0,992.8,0,0.0
1,HATCHBACK,PETROL,COMMERCIAL,18635.94,67,14690,POOR,0,ZERO_DEP_PREMIUM,500.0,880.55,0,0.0
14,SUV,PETROL,PERSONAL,7272.97,43,17058,GOOD,2,COMPREHENSIVE,500.0,250.0,0,0.0
2,SEDAN,ELECTRIC,COMMERCIAL,24487.65,28,7462,GOOD,0,COMPREHENSIVE,2000.0,942.16,0,0.0
2,SEDAN,PETROL,COMMERCIAL,28156.07,66,4246,FAIR,0,COMPREHENSIVE,2000.0,1083.3,0,0.0
15,SUV,ELECTRIC,COMMERCIAL,11260.85,52,13218,GOOD,0,THIRD_PARTY,500.0,250.0,1,3400.13
9,SEDAN,ELECTRIC,COMMERCIAL,10691.67,37,8799,EXCELLENT,0,THIRD_PARTY,1000.0,250.0,0,0.0
5,TRUCK,ELECTRIC,PERSONAL,33543.73,29,11518,GOOD,1,COMPREHENSIVE,250.0,956.0,0,0.0
8,SEDAN,PETROL,RIDESHARE,12217.12,74,17111,GOOD,0,ZERO_DEP_PREMIUM,1000.0,737.61,0,0.0
9,SEDAN,ELECTRIC,PERSONAL,14331.59,45,15042,EXCELLENT,0,COMPREHENSIVE,500.0,408.45,0,0.0
0,SEDAN,DIESEL,PERSONAL,27859.87,19,15011,EXCELLENT,1,COMPREHENSIVE,500.0,992.51,1,12366.21
5,SUV,ELECTRIC,PERSONAL,27753.45,74,11921,GOOD,0,COMPREHENSIVE,500.0,909.62,0,0.0
8,SUV,PETROL,RIDESHARE,12781.47,18,9600,FAIR,1,COMPREHENSIVE,500.0,683.01,1,451.2
3,SEDAN,PETROL,PERSONAL,21807.19,26,9310,EXCELLENT,0,COMPREHENSIVE,250.0,621.5,0,0.0
9,SEDAN,PETROL,COMMERCIAL,12074.11,39,20346,GOOD,0,THIRD_PARTY,1000.0,250.0,0,0.0
2,SUV,PETROL,PERSONAL,33597.19,73,22652,POOR,0,ZERO_DEP_PREMIUM,500.0,1352.29,1,1916.55
12,SEDAN,DIESEL,COMMERCIAL,9951.81,68,17354,EXCELLENT,0,THIRD_PARTY,500.0,250.0,0,0.0
5,SUV,HYBRID,COMMERCIAL,30163.43,57,11236,GOOD,1,COMPREHENSIVE,500.0,1160.54,0,0.0
5,SUV,PETROL,PERSONAL,28080.94,44,7492,GOOD,0,COMPREHENSIVE,1000.0,800.31,0,0.0
12,SEDAN,ELECTRIC,PERSONAL,7158.12,26,24745,EXCELLENT,2,COMPREHENSIVE,500.0,250.0,0,0.0
1,SEDAN,PETROL,PERSONAL,30240.49,24,14539,FAIR,2,ZERO_DEP_PREMIUM,1000.0,1323.02,0,0.0
14,COMMERCIAL_VAN,PETROL,PERSONAL,7970.49,53,14443,FAIR,0,THIRD_PARTY,500.0,250.0,0,0.0
4,SUV,PETROL,PERSONAL,28033.04,71,9810,FAIR,2,ZERO_DEP_PREMIUM,500.0,1128.33,0,0.0
0,SUV,PETROL,PERSONAL,47445.4,65,15596,EXCELLENT,1,THIRD_PARTY,1000.0,593.07,0,0.0
12,SEDAN,HYBRID,PERSONAL,6462.54,55,11564,FAIR,0,ZERO_DEP_PREMIUM,1000.0,250.0,0,0.0
8,SUV,PETROL,PERSONAL,21919.53,67,7750,GOOD,0,THIRD_PARTY,1000.0,273.99,0,0.0
8,SEDAN,DIESEL,PERSONAL,15393.67,19,10976,EXCELLENT,0,ZERO_DEP_PREMIUM,500.0,673.47,0,0.0
2,SUV,DIESEL,PERSONAL,31380.97,60,14313,EXCELLENT,0,THIRD_PARTY,500.0,392.26,0,0.0
4,COMMERCIAL_VAN,HYBRID,RIDESHARE,23875.52,22,19399,POOR,0,COMPREHENSIVE,500.0,1275.85,1,2080.92
14,SUV,PETROL,PERSONAL,9457.84,34,5413,GOOD,0,COMPREHENSIVE,2000.0,269.55,0,0.0
2,SEDAN,PETROL,PERSONAL,29670.47,54,6925,FAIR,0,COMPREHENSIVE,1000.0,845.61,0,0.0
6,SEDAN,PETROL,PERSONAL,12419.81,75,10580,EXCELLENT,1,COMPREHENSIVE,1000.0,407.06,1,8179.05
12,SUV,PETROL,PERSONAL,12836.47,52,8288,FAIR,1,COMPREHENSIVE,500.0,365.84,0,0.0
14,SEDAN,PETROL,RIDESHARE,5264.73,68,12511,EXCELLENT,1,COMPREHENSIVE,1000.0,250.0,0,0.0
0,SEDAN,HYBRID,PERSONAL,22165.65,25,10286,EXCELLENT,1,COMPREHENSIVE,1000.0,631.72,0,0.0
14,HATCHBACK,DIESEL,PERSONAL,5273.85,60,13061,POOR,0,COMPREHENSIVE,500.0,250.0,0,0.0
4,SUV,DIESEL,RIDESHARE,22510.07,20,13253,EXCELLENT,1,COMPREHENSIVE,500.0,1202.88,0,0.0
5,SEDAN,DIESEL,PERSONAL,22553.11,20,6407,GOOD,0,THIRD_PARTY,1000.0,352.39,0,0.0
13,TRUCK,PETROL,PERSONAL,13564.9,18,11560,FAIR,0,ZERO_DEP_PREMIUM,1000.0,593.46,0,0.0
10,SEDAN,PETROL,PERSONAL,10748.28,41,8905,FAIR,0,ZERO_DEP_PREMIUM,1000.0,376.19,0,0.0
15,COMMERCIAL_VAN,CNG,PERSONAL,6698.76,62,17621,GOOD,0,THIRD_PARTY,500.0,250.0,0,0.0
11,SEDAN,ELECTRIC,RIDESHARE,12618.64,47,9441,GOOD,0,COMPREHENSIVE,500.0,539.45,0,0.0
13,TRUCK,HYBRID,PERSONAL,10613.12,59,10272,GOOD,3,COMPREHENSIVE,1000.0,302.47,0,0.0
6,SUV,ELECTRIC,RIDESHARE,22014.12,43,8415,EXCELLENT,0,COMPREHENSIVE,1000.0,941.1,0,0.0
2,HATCHBACK,PETROL,RIDESHARE,12944.49,55,12365,GOOD,0,THIRD_PARTY,1000.0,250.0,0,0.0
6,COMMERCIAL_VAN,PETROL,PERSONAL,21382.86,60,11815,GOOD,0,ZERO_DEP_PREMIUM,1000.0,748.4,0,0.0
3,SEDAN,PETROL,PERSONAL,22537.85,57,19168,GOOD,0,ZERO_DEP_PREMIUM,1000.0,788.82,0,0.0
9,COMMERCIAL_VAN,PETROL,PERSONAL,18919.44,68,12363,EXCELLENT,0,THIRD_PARTY,500.0,250.0,1,2029.29
10,SUV,PETROL,PERSONAL,11327.36,60,18554,EXCELLENT,0,ZERO_DEP_PREMIUM,500.0,396.46,0,0.0
13,SUV,DIESEL,PERSONAL,11089.46,55,19422,GOOD,1,ZERO_DEP_PREMIUM,500.0,388.13,1,4823.34
5,SEDAN,DIESEL,PERSONAL,20335.14,61,10908,GOOD,0,COMPREHENSIVE,500.0,579.55,0,0.0
4,SUV,HYBRID,PERSONAL,24941.28,67,11712,GOOD,0,COMPREHENSIVE,2000.0,710.83,0,0.0
3,SEDAN,ELECTRIC,RIDESHARE,15989.0,20,9917,EXCELLENT,0,THIRD_PARTY,250.0,374.74,0,0.0
5,SUV,HYBRID,PERSONAL,20651.14,30,6975,FAIR,0,COMPREHENSIVE,1000.0,588.56,1,3613.68
12,SUV,PETROL,PERSONAL,9852.26,53,23113,FAIR,0,COMPREHENSIVE,500.0,280.79,0,0.0
11,HATCHBACK,PETROL,COMMERCIAL,4500.0,58,9941,EXCELLENT,0,COMPREHENSIVE,500.0,250.0,1,244.57
2,HATCHBACK,DIESEL,PERSONAL,12776.68,65,8442,EXCELLENT,0,ZERO_DEP_PREMIUM,250.0,447.18,0,0.0
2,SUV,PETROL,PERSONAL,32156.44,29,7726,FAIR,1,ZERO_DEP_PREMIUM,250.0,1125.48,0,0.0
4,SEDAN,PETROL,PERSONAL,13388.63,37,9685,POOR,2,ZERO_DEP_PREMIUM,250.0,468.6,1,3720.0
10,SEDAN,PETROL,PERSONAL,11366.9,56,11133,EXCELLENT,0,ZERO_DEP_PREMIUM,500.0,397.84,0,0.0
4,SEDAN,PETROL,PERSONAL,24874.23,61,18091,EXCELLENT,0,COMPREHENSIVE,500.0,708.92,0,0.0
8,SEDAN,DIESEL,PERSONAL,16810.15,25,20657,EXCELLENT,0,THIRD_PARTY,500.0,250.0,0,0.0
14,SEDAN,PETROL,PERSONAL,8890.08,70,3133,GOOD,0,THIRD_PARTY,2000.0,250.0,0,0.0
3,SEDAN,DIESEL,RIDESHARE,17367.86,64,19644,POOR,0,COMPREHENSIVE,1000.0,742.48,0,0.0
4,COMMERCIAL_VAN,DIESEL,PERSONAL,18649.68,19,20049,FAIR,0,COMPREHENSIVE,1000.0,664.39,0,0.0
11,SUV,PETROL,PERSONAL,16373.69,28,9710,GOOD,1,COMPREHENSIVE,250.0,466.65,0,0.0
15,SEDAN,PETROL,PERSONAL,4669.19,73,8400,FAIR,1,THIRD_PARTY,250.0,250.0,0,0.0
8,SUV,PETROL,PERSONAL,14287.13,38,14848,EXCELLENT,0,ZERO_DEP_PREMIUM,1000.0,500.05,0,0.0
3,SEDAN,PETROL,PERSONAL,21182.16,54,9628,GOOD,0,ZERO_DEP_PREMIUM,1000.0,741.38,0,0.0
12,SUV,ELECTRIC,RIDESHARE,9575.95,72,19240,GOOD,2,THIRD_PARTY,2000.0,250.0,0,0.0
14,SUV,ELECTRIC,PERSONAL,12340.4,23,14708,EXCELLENT,0,THIRD_PARTY,250.0,250.0,0,0.0
14,SUV,DIESEL,PERSONAL,11959.32,36,9105,EXCELLENT,0,COMPREHENSIVE,250.0,340.84,0,0.0
2,SUV,PETROL,PERSONAL,36639.61,47,13815,GOOD,0,COMPREHENSIVE,2000.0,1044.23,1,6861.15
6,COMMERCIAL_VAN,DIESEL,PERSONAL,27433.19,63,12816,FAIR,0,ZERO_DEP_PREMIUM,1000.0,960.16,0,0.0
6,TRUCK,DIESEL,PERSONAL,21333.04,56,3858,GOOD,0,COMPREHENSIVE,1000.0,607.99,0,0.0
7,SUV,DIESEL,PERSONAL,22514.29,61,8058,EXCELLENT,0,THIRD_PARTY,500.0,281.43,0,0.0
3,SUV,DIESEL,PERSONAL,25736.78,66,9540,EXCELLENT,2,COMPREHENSIVE,250.0,733.5,0,0.0
3,SUV,DIESEL,PERSONAL,31653.36,53,14207,EXCELLENT,1,COMPREHENSIVE,500.0,902.12,0,0.0
13,SEDAN,DIESEL,PERSONAL,5992.54,37,15048,GOOD,0,ZERO_DEP_PREMIUM,2000.0,250.0,1,491.55
13,SUV,ELECTRIC,PERSONAL,12612.83,71,17929,GOOD,1,COMPREHENSIVE,2000.0,413.39,0,0.0
8,SEDAN,PETROL,PERSONAL,16878.47,71,9328,EXCELLENT,1,ZERO_DEP_PREMIUM,250.0,679.36,0,0.0
9,SUV,ELECTRIC,RIDESHARE,11254.01,27,5830,FAIR,2,THIRD_PARTY,500.0,250.0,1,1062.98
6,SUV,PETROL,PERSONAL,15653.03,41,8688,FAIR,1,THIRD_PARTY,500.0,250.0,0,0.0
2,SEDAN,PETROL,COMMERCIAL,16934.8,77,9322,GOOD,0,COMPREHENSIVE,1000.0,749.3,0,0.0
14,COMMERCIAL_VAN,CNG,PERSONAL,10161.75,50,8891,GOOD,0,ZERO_DEP_PREMIUM,1000.0,355.66,0,0.0
12,TRUCK,CNG,PERSONAL,12820.35,46,12402,EXCELLENT,1,COMPREHENSIVE,500.0,365.38,0,0.0
8,HATCHBACK,PETROL,PERSONAL,9516.74,72,15641,GOOD,1,ZERO_DEP_PREMIUM,500.0,383.05,0,0.0
12,SUV,PETROL,PERSONAL,11976.56,47,10646,FAIR,0,COMPREHENSIVE,500.0,341.33,1,861.66
4,TRUCK,PETROL,PERSONAL,31355.04,53,14754,GOOD,1,THIRD_PARTY,500.0,391.94,1,3037.21
3,SEDAN,DIESEL,PERSONAL,23549.16,62,16865,EXCELLENT,0,THIRD_PARTY,500.0,294.36,0,0.0
0,HATCHBACK,ELECTRIC,COMMERCIAL,15254.05,23,12452,FAIR,0,COMPREHENSIVE,500.0,733.62,0,0.0
8,SEDAN,CNG,PERSONAL,11581.55,75,7381,GOOD,1,ZERO_DEP_PREMIUM,500.0,466.16,0,0.0
5,HATCHBACK,DIESEL,PERSONAL,12279.44,64,11244,GOOD,0,COMPREHENSIVE,1000.0,349.96,1,2920.41
15,SEDAN,PETROL,PERSONAL,7872.68,31,17091,GOOD,0,THIRD_PARTY,250.0,250.0,0,0.0
10,TRUCK,DIESEL,COMMERCIAL,12166.72,74,15336,EXCELLENT,0,COMPREHENSIVE,2000.0,538.33,0,0.0
1,TRUCK,PETROL,PERSONAL,32058.16,20,7697,GOOD,0,THIRD_PARTY,500.0,500.91,0,0.0
12,SEDAN,HYBRID,PERSONAL,7119.74,41,17798,GOOD,0,COMPREHENSIVE,500.0,250.0,0,0.0
6,SUV,HYBRID,COMMERCIAL,19341.82,36,11012,POOR,0,THIRD_PARTY,500.0,326.39,0,0.0
2,COMMERCIAL_VAN,DIESEL,PERSONAL,28447.32,55,7672,EXCELLENT,0,ZERO_DEP_PREMIUM,250.0,995.66,0,0.0
14,SUV,PETROL,PERSONAL,11228.23,51,12356,GOOD,0,ZERO_DEP_PREMIUM,500.0,392.99,0,0.0
5,TRUCK,PETROL,PERSONAL,35137.11,26,5637,POOR,0,COMPREHENSIVE,1000.0,1001.41,0,0.0
7,SUV,PETROL,COMMERCIAL,15523.81,47,15425,EXCELLENT,0,THIRD_PARTY,2000.0,261.96,0,0.0
15,SEDAN,ELECTRIC,RIDESHARE,6912.67,49,17650,FAIR,0,COMPREHENSIVE,500.0,295.52,0,0.0
2,SEDAN,DIESEL,RIDESHARE,20614.93,30,7994,EXCELLENT,1,THIRD_PARTY,1000.0,386.53,0,0.0
12,SEDAN,PETROL,PERSONAL,8837.49,35,11742,EXCELLENT,0,COMPREHENSIVE,1000.0,251.87,0,0.0
11,HATCHBACK,DIESEL,RIDESHARE,6432.67,61,16422,GOOD,0,THIRD_PARTY,500.0,250.0,0,0.0
11,SUV,ELECTRIC,PERSONAL,16910.02,70,6511,FAIR,0,ZERO_DEP_PREMIUM,500.0,680.63,0,0.0
4,SUV,PETROL,PERSONAL,20603.88,39,7003,EXCELLENT,0,ZERO_DEP_PREMIUM,500.0,721.14,0,0.0
13,SUV,HYBRID,PERSONAL,8038.42,21,11433,GOOD,0,THIRD_PARTY,500.0,250.0,0,0.0
5,SUV,HYBRID,PERSONAL,25588.9,77,11244,EXCELLENT,0,COMPREHENSIVE,250.0,838.68,0,0.0
0,TRUCK,HYBRID,PERSONAL,42939.23,40,12719,EXCELLENT,0,COMPREHENSIVE,500.0,1223.77,0,0.0
9,COMMERCIAL_VAN,PETROL,PERSONAL,13237.24,78,12027,GOOD,0,COMPREHENSIVE,500.0,433.85,0,0.0
6,SUV,PETROL,RIDESHARE,15985.86,24,6515,GOOD,0,THIRD_PARTY,500.0,374.67,0,0.0
3,HATCHBACK,PETROL,PERSONAL,13157.19,61,5232,EXCELLENT,1,THIRD_PARTY,500.0,250.0,1,1048.4
9,HATCHBACK,PETROL,PERSONAL,6232.91,72,6568,GOOD,1,COMPREHENSIVE,500.0,250.0,1,991.83
10,SUV,PETROL,RIDESHARE,19601.32,28,14763,FAIR,0,THIRD_PARTY,2000.0,367.52,0,0.0
14,COMMERCIAL_VAN,DIESEL,PERSONAL,9986.56,56,16779,EXCELLENT,0,COMPREHENSIVE,1000.0,284.62,0,0.0
6,SEDAN,DIESEL,PERSONAL,12529.25,78,12099,GOOD,0,ZERO_DEP_PREMIUM,2000.0,504.3,0,0.0
6,SEDAN,HYBRID,PERSONAL,16834.51,75,15697,EXCELLENT,0,COMPREHENSIVE,1000.0,551.75,0,0.0
10,TRUCK,PETROL,PERSONAL,14923.61,76,9763,GOOD,0,ZERO_DEP_PREMIUM,1000.0,600.68,0,0.0
4,SUV,DIESEL,PERSONAL,25819.14,59,10847,FAIR,0,COMPREHENSIVE,1000.0,735.85,0,0.0
7,HATCHBACK,ELECTRIC,PERSONAL,8580.74,58,16658,POOR,0,COMPREHENSIVE,1000.0,250.0,0,0.0
7,TRUCK,ELECTRIC,COMMERCIAL,23135.17,51,14593,EXCELLENT,1,ZERO_DEP_PREMIUM,1000.0,1093.14,0,0.0
4,SEDAN,HYBRID,PERSONAL,22416.3,22,13294,GOOD,0,COMPREHENSIVE,500.0,798.58,1,4188.59
4,TRUCK,ELECTRIC,PERSONAL,25696.19,59,11836,GOOD,0,ZERO_DEP_PREMIUM,1000.0,899.37,0,0.0
6,SUV,HYBRID,PERSONAL,27251.22,42,7288,FAIR,1,COMPREHENSIVE,500.0,776.66,0,0.0
5,SUV,PETROL,PERSONAL,28169.92,45,12884,FAIR,0,ZERO_DEP_PREMIUM,1000.0,985.95,0,0.0
3,SUV,DIESEL,PERSONAL,25315.98,78,13894,GOOD,1,THIRD_PARTY,500.0,363.92,0,0.0
1,TRUCK,PETROL,RIDESHARE,33089.93,31,22436,POOR,0,THIRD_PARTY,1000.0,620.44,1,4777.57
7,SEDAN,PETROL,COMMERCIAL,12034.09,44,12144,POOR,0,THIRD_PARTY,2000.0,250.0,0,0.0
2,SUV,PETROL,PERSONAL,27809.61,33,10836,GOOD,0,THIRD_PARTY,250.0,347.62,0,0.0
1,SUV,PETROL,RIDESHARE,35703.59,44,13768,GOOD,0,COMPREHENSIVE,1000.0,1526.33,0,0.0
15,HATCHBACK,PETROL,PERSONAL,4500.0,19,19017,GOOD,0,COMPREHENSIVE,2000.0,250.0,0,0.0
11,SUV,PETROL,PERSONAL,17095.4,36,14084,GOOD,0,COMPREHENSIVE,2000.0,487.22,0,0.0
14,SEDAN,PETROL,PERSONAL,5339.74,40,11694,GOOD,1,COMPREHENSIVE,1000.0,250.0,0,0.0
9,SEDAN,HYBRID,PERSONAL,9963.39,58,8967,GOOD,0,COMPREHENSIVE,250.0,283.96,1,482.31
6,SEDAN,PETROL,COMMERCIAL,11464.73,31,8753,EXCELLENT,1,ZERO_DEP_PREMIUM,500.0,541.71,0,0.0
9,HATCHBACK,ELECTRIC,PERSONAL,6023.0,64,16015,FAIR,0,THIRD_PARTY,250.0,250.0,0,0.0
5,SEDAN,PETROL,PERSONAL,20871.17,68,11204,POOR,0,THIRD_PARTY,2000.0,260.89,0,0.0
7,SEDAN,HYBRID,COMMERCIAL,15190.81,43,21531,EXCELLENT,1,THIRD_PARTY,1000.0,256.34,0,0.0
12,COMMERCIAL_VAN,HYBRID,RIDESHARE,10527.79,25,12878,FAIR,0,THIRD_PARTY,500.0,250.0,0,0.0
13,SEDAN,DIESEL,COMMERCIAL,9996.76,44,14696,GOOD,0,COMPREHENSIVE,2000.0,384.63,1,2532.87
5,COMMERCIAL_VAN,DIESEL,PERSONAL,29890.48,64,10006,GOOD,0,ZERO_DEP_PREMIUM,500.0,1046.17,0,0.0
6,SUV,PETROL,PERSONAL,25095.26,57,8799,GOOD,1,COMPREHENSIVE,1000.0,715.21,1,1664.9
1,HATCHBACK,CNG,PERSONAL,18831.07,45,15937,GOOD,0,COMPREHENSIVE,1000.0,536.69,0,0.0
9,SEDAN,HYBRID,PERSONAL,12614.35,21,17880,GOOD,0,ZERO_DEP_PREMIUM,500.0,551.88,0,0.0
13,SEDAN,HYBRID,RIDESHARE,8018.94,76,8028,FAIR,0,ZERO_DEP_PREMIUM,500.0,484.14,0,0.0
1,HATCHBACK,DIESEL,RIDESHARE,14003.15,78,9192,GOOD,0,ZERO_DEP_PREMIUM,500.0,845.44,0,0.0
5,HATCHBACK,PETROL,COMMERCIAL,8553.08,55,9535,GOOD,0,ZERO_DEP_PREMIUM,1000.0,404.13,0,0.0
8,HATCHBACK,HYBRID,PERSONAL,8202.62,28,15544,GOOD,0,COMPREHENSIVE,500.0,250.0,0,0.0
15,SEDAN,PETROL,COMMERCIAL,8356.75,61,14127,POOR,0,THIRD_PARTY,250.0,250.0,0,0.0
13,HATCHBACK,DIESEL,RIDESHARE,5238.89,41,12053,EXCELLENT,0,COMPREHENSIVE,2000.0,250.0,0,0.0
2,HATCHBACK,PETROL,PERSONAL,17803.82,45,8990,GOOD,0,THIRD_PARTY,500.0,250.0,0,0.0
10,SUV,HYBRID,PERSONAL,13315.82,58,19735,FAIR,0,THIRD_PARTY,1000.0,250.0,0,0.0
9,HATCHBACK,PETROL,COMMERCIAL,8124.48,35,16899,FAIR,0,ZERO_DEP_PREMIUM,500.0,383.88,0,0.0
13,HATCHBACK,PETROL,PERSONAL,5418.62,66,3520,POOR,0,COMPREHENSIVE,250.0,250.0,0,0.0
13,SUV,DIESEL,RIDESHARE,12352.87,38,16355,EXCELLENT,1,COMPREHENSIVE,2000.0,528.09,0,0.0
12,SEDAN,ELECTRIC,PERSONAL,9654.84,43,11200,FAIR,0,COMPREHENSIVE,1000.0,275.16,0,0.0
7,SUV,DIESEL,PERSONAL,15908.85,20,9793,FAIR,0,COMPREHENSIVE,500.0,566.75,0,0.0
14,SEDAN,PETROL,COMMERCIAL,5558.04,76,15948,FAIR,0,COMPREHENSIVE,500.0,250.0,0,0.0
4,SUV,PETROL,PERSONAL,34192.46,30,14079,GOOD,1,ZERO_DEP_PREMIUM,500.0,1196.74,0,0.0
12,SUV,ELECTRIC,COMMERCIAL,8494.47,55,12900,EXCELLENT,1,ZERO_DEP_PREMIUM,2000.0,401.36,0,0.0
5,SEDAN,CNG,PERSONAL,16669.65,45,8452,GOOD,1,THIRD_PARTY,500.0,250.0,0,0.0
15,SEDAN,ELECTRIC,PERSONAL,6302.77,31,17066,GOOD,1,COMPREHENSIVE,500.0,250.0,0,0.0
5,SEDAN,DIESEL,PERSONAL,15446.26,76,6936,GOOD,1,COMPREHENSIVE,2000.0,506.25,0,0.0
10,HATCHBACK,HYBRID,PERSONAL,7772.05,18,15983,FAIR,0,COMPREHENSIVE,500.0,276.88,0,0.0
11,TRUCK,PETROL,COMMERCIAL,19049.72,45,12903,GOOD,0,ZERO_DEP_PREMIUM,1000.0,900.1,0,0.0
9,SEDAN,DIESEL,RIDESHARE,14838.51,76,12339,GOOD,0,COMPREHENSIVE,1000.0,729.5,0,0.0
10,COMMERCIAL_VAN,DIESEL,PERSONAL,14455.11,53,10019,GOOD,0,COMPREHENSIVE,500.0,411.97,0,0.0
12,SUV,PETROL,PERSONAL,12711.12,71,13241,EXCELLENT,2,ZERO_DEP_PREMIUM,500.0,511.62,0,0.0
2,SEDAN,ELECTRIC,PERSONAL,28519.75,67,6309,EXCELLENT,0,ZERO_DEP_PREMIUM,1000.0,998.19,0,0.0
10,SEDAN,DIESEL,PERSONAL,14131.15,28,18055,GOOD,0,THIRD_PARTY,1000.0,250.0,0,0.0
10,SUV,PETROL,RIDESHARE,19325.25,60,10686,FAIR,0,ZERO_DEP_PREMIUM,500.0,1014.58,0,0.0
15,HATCHBACK,PETROL,PERSONAL,4675.44,57,9396,FAIR,0,COMPREHENSIVE,1000.0,250.0,0,0.0
4,HATCHBACK,PETROL,PERSONAL,8780.44,21,11614,GOOD,1,ZERO_DEP_PREMIUM,1000.0,384.14,0,0.0
11,SEDAN,DIESEL,PERSONAL,6599.05,51,10818,FAIR,0,ZERO_DEP_PREMIUM,2000.0,250.0,0,0.0
0,SEDAN,PETROL,PERSONAL,33218.97,18,18095,EXCELLENT,1,THIRD_PARTY,500.0,519.05,0,0.0
1,SUV,PETROL,COMMERCIAL,42216.48,73,4699,POOR,0,ZERO_DEP_PREMIUM,250.0,2293.94,0,0.0
9,SEDAN,DIESEL,PERSONAL,13601.22,27,12166,POOR,0,COMPREHENSIVE,2000.0,387.63,0,0.0
14,SEDAN,DIESEL,PERSONAL,6220.64,34,19622,GOOD,0,ZERO_DEP_PREMIUM,1000.0,250.0,0,0.0
2,SEDAN,ELECTRIC,COMMERCIAL,24714.38,24,12807,EXCELLENT,0,COMPREHENSIVE,1000.0,1188.61,0,0.0
3,HATCHBACK,DIESEL,COMMERCIAL,11109.13,56,13348,GOOD,0,THIRD_PARTY,1000.0,250.0,0,0.0
12,TRUCK,HYBRID,COMMERCIAL,14408.19,30,12373,EXCELLENT,0,COMPREHENSIVE,500.0,554.36,0,0.0
8,SUV,HYBRID,RIDESHARE,16382.36,39,9579,GOOD,0,COMPREHENSIVE,500.0,700.35,0,0.0
0,TRUCK,ELECTRIC,RIDESHARE,58940.11,73,14930,EXCELLENT,2,COMPREHENSIVE,1000.0,2897.64,1,5911.27
2,SEDAN,DIESEL,PERSONAL,18600.5,75,11637,GOOD,0,THIRD_PARTY,1000.0,267.38,0,0.0
2,SUV,PETROL,PERSONAL,32921.77,18,13133,EXCELLENT,0,COMPREHENSIVE,2000.0,1172.84,0,0.0
12,SEDAN,CNG,PERSONAL,7987.67,45,14970,EXCELLENT,0,COMPREHENSIVE,250.0,250.0,1,868.21
14,SUV,PETROL,COMMERCIAL,11191.57,50,14488,EXCELLENT,1,ZERO_DEP_PREMIUM,500.0,528.8,0,0.0
12,COMMERCIAL_VAN,PETROL,PERSONAL,13420.58,30,12935,EXCELLENT,0,COMPREHENSIVE,1000.0,382.49,0,0.0
15,SUV,PETROL,PERSONAL,11782.07,18,16543,FAIR,0,COMPREHENSIVE,1000.0,419.74,0,0.0
5,SEDAN,PETROL,PERSONAL,12511.43,55,17052,GOOD,0,COMPREHENSIVE,500.0,356.58,0,0.0
4,SUV,CNG,COMMERCIAL,21093.76,72,16031,GOOD,0,COMPREHENSIVE,500.0,933.32,1,3094.3
2,SEDAN,DIESEL,PERSONAL,26621.37,75,17248,GOOD,0,ZERO_DEP_PREMIUM,500.0,1071.51,0,0.0
3,TRUCK,DIESEL,PERSONAL,31769.52,42,18600,EXCELLENT,0,COMPREHENSIVE,250.0,905.43,1,5097.5
10,SUV,DIESEL,PERSONAL,11440.17,59,7071,GOOD,2,COMPREHENSIVE,1000.0,326.04,1,2773.5
6,SUV,DIESEL,COMMERCIAL,21512.99,38,24909,GOOD,0,COMPREHENSIVE,1000.0,827.71,0,0.0
2,SUV,PETROL,PERSONAL,34477.1,50,13204,POOR,0,COMPREHENSIVE,1000.0,982.6,0,0.0
8,SUV,DIESEL,PERSONAL,12381.58,74,11406,GOOD,1,THIRD_PARTY,500.0,250.0,1,1493.07
7,SEDAN,ELECTRIC,PERSONAL,12147.77,54,13258,GOOD,0,COMPREHENSIVE,1000.0,346.21,0,0.0
12,SUV,PETROL,PERSONAL,14704.06,71,5859,FAIR,1,COMPREHENSIVE,2000.0,481.93,0,0.0
1,SEDAN,ELECTRIC,PERSONAL,25178.29,74,13553,FAIR,0,COMPREHENSIVE,2000.0,825.22,0,0.0
4,HATCHBACK,PETROL,PERSONAL,7952.12,51,8931,POOR,0,COMPREHENSIVE,250.0,250.0,0,0.0
13,HATCHBACK,PETROL,PERSONAL,4500.0,20,12826,GOOD,0,ZERO_DEP_PREMIUM,250.0,250.0,0,0.0
3,HATCHBACK,PETROL,COMMERCIAL,13834.34,47,13151,EXCELLENT,0,COMPREHENSIVE,2000.0,532.28,0,0.0
11,SUV,PETROL,PERSONAL,10710.39,72,9833,FAIR,0,THIRD_PARTY,500.0,250.0,0,0.0
12,SUV,ELECTRIC,PERSONAL,14850.08,20,4383,EXCELLENT,0,THIRD_PARTY,1000.0,250.0,0,0.0
4,SEDAN,ELECTRIC,COMMERCIAL,20924.75,35,13731,GOOD,0,THIRD_PARTY,2000.0,353.11,0,0.0
2,HATCHBACK,PETROL,PERSONAL,13646.63,40,12495,GOOD,1,ZERO_DEP_PREMIUM,500.0,477.63,0,0.0
9,SEDAN,DIESEL,PERSONAL,14919.5,25,13365,GOOD,0,ZERO_DEP_PREMIUM,500.0,522.18,0,0.0
14,SUV,ELECTRIC,PERSONAL,9366.06,26,10603,FAIR,0,THIRD_PARTY,500.0,250.0,0,0.0
10,SEDAN,PETROL,COMMERCIAL,8753.43,19,9543,EXCELLENT,0,COMPREHENSIVE,2000.0,420.99,0,0.0
15,SEDAN,PETROL,COMMERCIAL,7347.97,78,11532,POOR,0,COMPREHENSIVE,1000.0,325.12,1,470.27
0,SUV,CNG,PERSONAL,39647.04,19,13126,EXCELLENT,0,THIRD_PARTY,500.0,619.48,0,0.0
7,SEDAN,DIESEL,PERSONAL,12558.07,44,15531,EXCELLENT,1,COMPREHENSIVE,1000.0,357.9,0,0.0
8,HATCHBACK,CNG,PERSONAL,7076.85,65,8854,GOOD,0,ZERO_DEP_PREMIUM,500.0,250.0,0,0.0
7,SEDAN,PETROL,PERSONAL,13150.24,56,16060,POOR,0,ZERO_DEP_PREMIUM,250.0,460.26,0,0.0
3,SEDAN,ELECTRIC,PERSONAL,17707.96,53,15442,GOOD,0,COMPREHENSIVE,500.0,504.68,0,0.0
11,SUV,PETROL,PERSONAL,15272.61,22,14842,GOOD,0,THIRD_PARTY,1000.0,250.0,0,0.0
1,SEDAN,PETROL,PERSONAL,27349.8,18,20736,GOOD,1,COMPREHENSIVE,1000.0,974.34,0,0.0
3,SEDAN,DIESEL,PERSONAL,19760.25,39,4582,EXCELLENT,0,ZERO_DEP_PREMIUM,1000.0,691.61,0,0.0
13,HATCHBACK,PETROL,PERSONAL,4594.29,27,21277,GOOD,0,THIRD_PARTY,500.0,250.0,1,1474.98
15,SEDAN,PETROL,PERSONAL,6037.28,62,9558,GOOD,1,COMPREHENSIVE,2000.0,250.0,0,0.0
8,HATCHBACK,PETROL,PERSONAL,6759.81,41,13586,POOR,0,COMPREHENSIVE,500.0,250.0,1,765.79
9,SEDAN,PETROL,PERSONAL,8455.76,76,12698,EXCELLENT,0,THIRD_PARTY,500.0,250.0,1,1114.35
8,SEDAN,ELECTRIC,COMMERCIAL,10854.05,32,6478,GOOD,1,COMPREHENSIVE,500.0,417.61,0,0.0
4,HATCHBACK,DIESEL,PERSONAL,10147.35,50,14880,GOOD,0,THIRD_PARTY,2000.0,250.0,0,0.0
4,SEDAN,PETROL,PERSONAL,19316.09,67,16386,GOOD,0,ZERO_DEP_PREMIUM,500.0,676.06,0,0.0
9,SEDAN,PETROL,PERSONAL,13814.84,40,14399,GOOD,0,THIRD_PARTY,1000.0,250.0,0,0.0
2,SEDAN,PETROL,PERSONAL,21035.21,31,5854,GOOD,0,COMPREHENSIVE,500.0,599.5,0,0.0
13,SEDAN,DIESEL,PERSONAL,10386.63,35,6919,EXCELLENT,2,ZERO_DEP_PREMIUM,2000.0,363.53,0,0.0
14,HATCHBACK,PETROL,RIDESHARE,5465.37,42,9362,FAIR,0,ZERO_DEP_PREMIUM,500.0,286.93,0,0.0
5,SEDAN,ELECTRIC,PERSONAL,22542.16,39,18227,GOOD,0,COMPREHENSIVE,2000.0,642.45,0,0.0
15,HATCHBACK,PETROL,PERSONAL,5106.45,61,12932,GOOD,0,COMPREHENSIVE,1000.0,250.0,0,0.0
6,TRUCK,PETROL,PERSONAL,28277.14,61,3496,GOOD,1,THIRD_PARTY,1000.0,353.46,0,0.0
11,SUV,HYBRID,RIDESHARE,14274.56,54,21789,GOOD,1,COMPREHENSIVE,1000.0,610.24,1,1062.68
14,TRUCK,ELECTRIC,RIDESHARE,9290.23,24,19251,FAIR,0,ZERO_DEP_PREMIUM,500.0,609.67,1,760.26
9,SEDAN,PETROL,PERSONAL,13414.6,43,7609,GOOD,2,THIRD_PARTY,1000.0,250.0,0,0.0
13,COMMERCIAL_VAN,ELECTRIC,PERSONAL,12490.96,41,10658,EXCELLENT,0,ZERO_DEP_PREMIUM,500.0,437.18,0,0.0
14,SEDAN,DIESEL,PERSONAL,7323.94,30,11211,GOOD,1,THIRD_PARTY,500.0,250.0,0,0.0
11,SUV,ELECTRIC,PERSONAL,15121.2,58,14854,EXCELLENT,0,COMPREHENSIVE,500.0,430.95,0,0.0
8,SUV,DIESEL,PERSONAL,17112.49,23,13394,GOOD,1,COMPREHENSIVE,2000.0,609.63,0,0.0
6,SUV,DIESEL,COMMERCIAL,21806.9,38,9434,GOOD,0,COMPREHENSIVE,250.0,839.02,0,0.0
2,SUV,CNG,COMMERCIAL,29180.98,24,18399,EXCELLENT,0,COMPREHENSIVE,500.0,1403.42,0,0.0
11,HATCHBACK,PETROL,PERSONAL,6816.12,35,20347,FAIR,0,COMPREHENSIVE,500.0,250.0,0,0.0
12,SEDAN,DIESEL,PERSONAL,11013.93,32,12277,EXCELLENT,2,THIRD_PARTY,2000.0,250.0,0,0.0
6,SEDAN,DIESEL,PERSONAL,19025.54,25,9918,POOR,0,COMPREHENSIVE,2000.0,542.23,0,0.0
12,HATCHBACK,PETROL,PERSONAL,6450.63,77,19678,GOOD,1,THIRD_PARTY,1000.0,250.0,0,0.0
0,SUV,PETROL,PERSONAL,25547.45,69,3000,POOR,0,COMPREHENSIVE,1000.0,837.32,0,0.0
1,COMMERCIAL_VAN,PETROL,PERSONAL,46278.98,33,8475,GOOD,0,COMPREHENSIVE,2000.0,1318.95,1,19053.95
3,HATCHBACK,DIESEL,PERSONAL,10759.94,66,16907,EXCELLENT,0,ZERO_DEP_PREMIUM,250.0,376.6,0,0.0
6,COMMERCIAL_VAN,DIESEL,PERSONAL,28518.45,20,18761,EXCELLENT,0,THIRD_PARTY,1000.0,445.6,0,0.0
14,HATCHBACK,DIESEL,COMMERCIAL,4500.0,62,11062,EXCELLENT,0,COMPREHENSIVE,250.0,250.0,0,0.0
8,SEDAN,PETROL,PERSONAL,12321.35,26,22761,EXCELLENT,0,COMPREHENSIVE,2000.0,351.16,0,0.0
14,SEDAN,DIESEL,PERSONAL,8502.36,69,3000,EXCELLENT,0,COMPREHENSIVE,500.0,278.66,0,0.0
4,HATCHBACK,HYBRID,PERSONAL,12597.99,64,17426,GOOD,0,COMPREHENSIVE,500.0,359.04,1,721.7
14,SUV,PETROL,PERSONAL,9528.39,43,12888,EXCELLENT,1,COMPREHENSIVE,500.0,271.56,0,0.0
7,SEDAN,DIESEL,RIDESHARE,15787.54,43,10310,GOOD,0,COMPREHENSIVE,1000.0,674.92,0,0.0
6,SEDAN,ELECTRIC,COMMERCIAL,16008.73,47,16449,GOOD,0,THIRD_PARTY,2000.0,270.15,0,0.0
4,COMMERCIAL_VAN,ELECTRIC,PERSONAL,23270.63,44,10744,GOOD,0,ZERO_DEP_PREMIUM,250.0,814.47,0,0.0
12,SUV,DIESEL,PERSONAL,13378.7,33,7608,EXCELLENT,1,ZERO_DEP_PREMIUM,1000.0,468.25,0,0.0
2,SUV,HYBRID,PERSONAL,25130.37,65,13019,POOR,0,THIRD_PARTY,500.0,314.13,1,1596.61
2,SUV,PETROL,RIDESHARE,35350.35,68,12256,GOOD,0,ZERO_DEP_PREMIUM,250.0,1855.89,0,0.0
12,SEDAN,HYBRID,PERSONAL,5887.31,21,8987,GOOD,0,THIRD_PARTY,500.0,250.0,0,0.0
5,SEDAN,PETROL,PERSONAL,17590.01,68,9920,EXCELLENT,0,ZERO_DEP_PREMIUM,2000.0,615.65,0,0.0
9,SEDAN,PETROL,PERSONAL,10911.97,36,10641,GOOD,0,COMPREHENSIVE,500.0,310.99,0,0.0
10,SEDAN,PETROL,COMMERCIAL,9235.58,51,5181,GOOD,0,COMPREHENSIVE,500.0,355.34,0,0.0
3,HATCHBACK,ELECTRIC,PERSONAL,12792.57,23,4891,POOR,0,COMPREHENSIVE,1000.0,455.74,0,0.0
2,SUV,PETROL,PERSONAL,34334.56,62,16698,FAIR,1,COMPREHENSIVE,1000.0,978.53,0,0.0
3,HATCHBACK,PETROL,PERSONAL,16587.23,32,6093,GOOD,0,COMPREHENSIVE,500.0,472.74,0,0.0
2,TRUCK,PETROL,RIDESHARE,46753.19,27,12419,FAIR,1,COMPREHENSIVE,500.0,1998.7,0,0.0
12,SEDAN,HYBRID,PERSONAL,10078.05,71,4088,GOOD,0,ZERO_DEP_PREMIUM,1000.0,405.64,0,0.0
14,SUV,ELECTRIC,RIDESHARE,9952.64,59,19277,EXCELLENT,0,THIRD_PARTY,500.0,250.0,0,0.0
11,SUV,DIESEL,PERSONAL,12431.97,53,11286,FAIR,0,COMPREHENSIVE,500.0,354.31,0,0.0
15,TRUCK,DIESEL,PERSONAL,7728.12,63,17529,EXCELLENT,0,COMPREHENSIVE,250.0,250.0,0,0.0
14,SEDAN,DIESEL,RIDESHARE,6605.43,57,22014,GOOD,1,COMPREHENSIVE,500.0,282.38,0,0.0
14,SUV,PETROL,RIDESHARE,12438.57,23,6700,EXCELLENT,0,THIRD_PARTY,500.0,291.53,1,1349.99
9,SUV,HYBRID,PERSONAL,14925.09,61,9436,GOOD,0,THIRD_PARTY,1000.0,250.0,0,0.0
10,SEDAN,PETROL,PERSONAL,10358.8,57,16424,GOOD,0,THIRD_PARTY,500.0,250.0,0,0.0
10,SEDAN,PETROL,PERSONAL,9013.97,23,9651,GOOD,1,COMPREHENSIVE,1000.0,321.12,0,0.0
12,SUV,PETROL,PERSONAL,10354.09,32,13806,GOOD,0,COMPREHENSIVE,2000.0,295.09,0,0.0
11,HATCHBACK,DIESEL,PERSONAL,4500.0,46,12961,GOOD,0,COMPREHENSIVE,250.0,250.0,0,0.0
5,SEDAN,DIESEL,PERSONAL,18328.59,42,3000,POOR,0,COMPREHENSIVE,500.0,522.36,0,0.0
12,SUV,DIESEL,PERSONAL,11767.57,36,16746,GOOD,1,COMPREHENSIVE,500.0,335.38,0,0.0
6,SUV,PETROL,PERSONAL,22981.79,31,11882,FAIR,0,ZERO_DEP_PREMIUM,500.0,804.36,0,0.0
3,HATCHBACK,DIESEL,PERSONAL,13055.72,20,7126,FAIR,1,COMPREHENSIVE,500.0,465.11,0,0.0
2,SEDAN,PETROL,PERSONAL,27111.14,67,19460,EXCELLENT,1,COMPREHENSIVE,500.0,772.67,0,0.0
2,TRUCK,PETROL,PERSONAL,44660.4,59,9337,FAIR,0,COMPREHENSIVE,250.0,1272.82,0,0.0
10,SEDAN,PETROL,PERSONAL,12554.95,63,9089,GOOD,2,ZERO_DEP_PREMIUM,500.0,439.42,0,0.0
2,SEDAN,ELECTRIC,PERSONAL,22595.66,31,4396,EXCELLENT,0,THIRD_PARTY,1000.0,282.45,0,0.0
15,SEDAN,PETROL,PERSONAL,5987.88,71,15177,EXCELLENT,0,COMPREHENSIVE,500.0,250.0,0,0.0
8,SEDAN,DIESEL,PERSONAL,16547.5,56,12691,FAIR,0,THIRD_PARTY,500.0,250.0,0,0.0
10,SUV,ELECTRIC,PERSONAL,10345.85,56,4678,EXCELLENT,0,THIRD_PARTY,250.0,250.0,0,0.0
10,SEDAN,DIESEL,PERSONAL,8169.06,38,13605,EXCELLENT,0,THIRD_PARTY,500.0,250.0,0,0.0
13,HATCHBACK,DIESEL,COMMERCIAL,4665.75,71,16223,GOOD,1,COMPREHENSIVE,1000.0,250.0,0,0.0
13,SEDAN,PETROL,PERSONAL,8619.89,72,14579,GOOD,1,COMPREHENSIVE,500.0,282.52,0,0.0
11,SEDAN,PETROL,PERSONAL,6502.4,28,18461,GOOD,0,COMPREHENSIVE,500.0,250.0,1,1218.66
14,SEDAN,DIESEL,PERSONAL,8356.19,67,9780,EXCELLENT,0,THIRD_PARTY,2000.0,250.0,0,0.0
2,SEDAN,DIESEL,RIDESHARE,23492.22,27,20454,EXCELLENT,0,COMPREHENSIVE,1000.0,1004.29,0,0.0
2,SEDAN,ELECTRIC,PERSONAL,22376.58,32,12516,GOOD,2,THIRD_PARTY,500.0,279.71,0,0.0
7,SUV,HYBRID,COMMERCIAL,18537.29,47,16102,GOOD,1,COMPREHENSIVE,500.0,713.22,0,0.0
3,SUV,PETROL,PERSONAL,28855.04,61,18249,FAIR,0,THIRD_PARTY,1000.0,360.69,0,0.0
6,SUV,PETROL,COMMERCIAL,16625.51,72,24423,GOOD,0,COMPREHENSIVE,2000.0,735.62,0,0.0
2,SUV,DIESEL,PERSONAL,23136.73,34,7634,POOR,0,COMPREHENSIVE,500.0,659.4,0,0.0
7,SUV,PETROL,PERSONAL,16794.15,71,9172,EXCELLENT,0,ZERO_DEP_PREMIUM,2000.0,675.96,0,0.0
2,SEDAN,PETROL,RIDESHARE,25764.66,73,13354,GOOD,1,ZERO_DEP_PREMIUM,250.0,1555.54,0,0.0
4,SUV,HYBRID,PERSONAL,27447.03,46,10831,GOOD,0,COMPREHENSIVE,250.0,782.24,0,0.0
0,COMMERCIAL_VAN,PETROL,PERSONAL,39371.27,34,8891,FAIR,1,COMPREHENSIVE,1000.0,1122.08,0,0.0
11,SUV,HYBRID,PERSONAL,14033.82,50,5638,POOR,0,COMPREHENSIVE,500.0,399.96,0,0.0
4,SUV,ELECTRIC,PERSONAL,26945.37,55,13066,GOOD,1,ZERO_DEP_PREMIUM,500.0,943.09,0,0.0
5,SEDAN,ELECTRIC,COMMERCIAL,14844.58,38,16079,GOOD,0,ZERO_DEP_PREMIUM,1000.0,701.41,0,0.0
6,HATCHBACK,PETROL,PERSONAL,6979.97,64,14085,FAIR,1,ZERO_DEP_PREMIUM,500.0,250.0,0,0.0
1,HATCHBACK,PETROL,COMMERCIAL,19332.01,68,5165,EXCELLENT,1,THIRD_PARTY,250.0,326.23,0,0.0
1,SUV,DIESEL,COMMERCIAL,36689.17,31,5272,EXCELLENT,0,COMPREHENSIVE,500.0,1411.62,0,0.0
13,COMMERCIAL_VAN,PETROL,PERSONAL,13252.35,27,12775,GOOD,0,THIRD_PARTY,250.0,250.0,0,0.0
8,SEDAN,PETROL,PERSONAL,12529.76,78,11425,EXCELLENT,1,COMPREHENSIVE,2000.0,410.66,0,0.0
14,SEDAN,PETROL,COMMERCIAL,8536.78,59,11069,GOOD,1,COMPREHENSIVE,1000.0,328.45,1,650.55
14,HATCHBACK,PETROL,PERSONAL,4739.03,40,11250,POOR,0,THIRD_PARTY,2000.0,250.0,0,0.0
15,HATCHBACK,PETROL,RIDESHARE,4500.0,56,10258,GOOD,0,COMPREHENSIVE,1000.0,250.0,0,0.0
9,SEDAN,ELECTRIC,COMMERCIAL,14720.69,56,13169,FAIR,0,COMPREHENSIVE,500.0,566.38,0,0.0
0,SEDAN,PETROL,PERSONAL,23760.76,31,17455,EXCELLENT,1,COMPREHENSIVE,1000.0,677.18,0,0.0
1,SEDAN,PETROL,COMMERCIAL,18845.75,64,8296,GOOD,0,THIRD_PARTY,1000.0,318.02,0,0.0
1,SEDAN,DIESEL,PERSONAL,18020.14,39,14537,EXCELLENT,0,ZERO_DEP_PREMIUM,500.0,630.7,0,0.0
14,HATCHBACK,CNG,PERSONAL,5145.61,69,12872,GOOD,0,THIRD_PARTY,500.0,250.0,0,0.0
15,SUV,PETROL,COMMERCIAL,10434.77,58,4476,EXCELLENT,0,ZERO_DEP_PREMIUM,1000.0,493.04,0,0.0
12,SEDAN,PETROL,COMMERCIAL,9978.34,45,9549,FAIR,0,COMPREHENSIVE,1000.0,383.92,0,0.0
14,SEDAN,DIESEL,PERSONAL,9310.87,64,12545,GOOD,0,COMPREHENSIVE,1000.0,265.36,0,0.0
9,SEDAN,HYBRID,PERSONAL,10506.0,26,22239,GOOD,1,COMPREHENSIVE,500.0,299.42,0,0.0
6,SEDAN,ELECTRIC,PERSONAL,16134.65,40,9236,EXCELLENT,1,COMPREHENSIVE,1000.0,459.84,0,0.0
5,SUV,DIESEL,PERSONAL,25467.56,24,9753,EXCELLENT,0,THIRD_PARTY,250.0,397.93,0,0.0
8,COMMERCIAL_VAN,PETROL,PERSONAL,24760.78,41,14359,GOOD,0,COMPREHENSIVE,1000.0,705.68,0,0.0
10,HATCHBACK,DIESEL,PERSONAL,5723.75,60,11990,FAIR,2,ZERO_DEP_PREMIUM,1000.0,250.0,0,0.0
14,SEDAN,PETROL,PERSONAL,9508.09,54,6822,GOOD,0,ZERO_DEP_PREMIUM,500.0,332.78,1,472.52
6,TRUCK,DIESEL,RIDESHARE,20091.79,76,4692,GOOD,0,THIRD_PARTY,500.0,433.23,0,0.0
2,HATCHBACK,ELECTRIC,PERSONAL,16360.62,26,4123,FAIR,2,COMPREHENSIVE,500.0,466.28,1,1044.35
2,HATCHBACK,CNG,PERSONAL,15144.56,55,16325,EXCELLENT,0,THIRD_PARTY,250.0,250.0,0,0.0
0,SUV,PETROL,COMMERCIAL,45785.78,24,7862,GOOD,0,COMPREHENSIVE,500.0,2202.01,1,5133.39
7,SUV,PETROL,COMMERCIAL,13395.93,77,23164,GOOD,1,COMPREHENSIVE,500.0,592.72,0,0.0
0,SEDAN,DIESEL,RIDESHARE,19621.98,40,10123,GOOD,0,COMPREHENSIVE,1000.0,838.84,0,0.0
10,SEDAN,ELECTRIC,PERSONAL,7581.33,42,15971,POOR,0,COMPREHENSIVE,500.0,250.0,0,0.0
13,SEDAN,ELECTRIC,PERSONAL,8507.74,72,7272,GOOD,0,COMPREHENSIVE,500.0,278.84,0,0.0
1,SEDAN,PETROL,PERSONAL,26547.83,63,13354,EXCELLENT,1,COMPREHENSIVE,1000.0,756.61,0,0.0
10,SUV,PETROL,PERSONAL,18705.15,68,18860,EXCELLENT,0,ZERO_DEP_PREMIUM,1000.0,654.68,0,0.0
11,HATCHBACK,DIESEL,PERSONAL,5824.81,39,10925,GOOD,1,ZERO_DEP_PREMIUM,250.0,250.0,0,0.0
6,SUV,PETROL,PERSONAL,15284.11,71,7614,GOOD,0,COMPREHENSIVE,250.0,500.94,0,0.0
0,SEDAN,HYBRID,PERSONAL,22013.44,60,10824,POOR,1,THIRD_PARTY,250.0,275.17,0,0.0
11,COMMERCIAL_VAN,DIESEL,PERSONAL,9502.31,77,11526,GOOD,0,COMPREHENSIVE,2000.0,311.44,0,0.0
3,TRUCK,ELECTRIC,PERSONAL,41237.52,24,8064,GOOD,0,ZERO_DEP_PREMIUM,1000.0,1804.14,0,0.0
8,HATCHBACK,DIESEL,PERSONAL,9562.45,23,19938,EXCELLENT,1,ZERO_DEP_PREMIUM,2000.0,418.36,1,711.97
7,COMMERCIAL_VAN,ELECTRIC,PERSONAL,27463.38,53,12584,EXCELLENT,1,COMPREHENSIVE,1000.0,782.71,0,0.0
14,SUV,PETROL,PERSONAL,9503.3,63,18261,GOOD,0,COMPREHENSIVE,2000.0,270.84,0,0.0
10,COMMERCIAL_VAN,ELECTRIC,PERSONAL,10558.37,39,17334,FAIR,1,COMPREHENSIVE,500.0,300.91,0,0.0
13,SEDAN,PETROL,PERSONAL,6594.49,52,20155,GOOD,0,THIRD_PARTY,1000.0,250.0,0,0.0
12,SEDAN,DIESEL,PERSONAL,9318.7,66,6834,GOOD,0,ZERO_DEP_PREMIUM,1000.0,326.15,0,0.0
7,SEDAN,PETROL,PERSONAL,18452.17,64,15400,GOOD,0,THIRD_PARTY,250.0,250.0,0,0.0
15,SEDAN,DIESEL,PERSONAL,4880.85,50,10232,GOOD,0,COMPREHENSIVE,250.0,250.0,0,0.0
11,SEDAN,PETROL,COMMERCIAL,7233.6,38,11860,EXCELLENT,0,COMPREHENSIVE,250.0,278.31,0,0.0
2,SUV,PETROL,PERSONAL,35512.51,28,7635,FAIR,0,COMPREHENSIVE,500.0,1012.11,0,0.0
4,HATCHBACK,CNG,PERSONAL,12804.81,30,22962,GOOD,0,THIRD_PARTY,500.0,250.0,0,0.0
14,SUV,PETROL,RIDESHARE,8415.23,73,9191,GOOD,0,COMPREHENSIVE,500.0,413.71,0,0.0
3,SEDAN,ELECTRIC,PERSONAL,24867.27,20,15437,GOOD,1,THIRD_PARTY,1000.0,388.55,1,17685.79
10,HATCHBACK,CNG,PERSONAL,4923.12,30,6714,EXCELLENT,0,THIRD_PARTY,1000.0,250.0,0,0.0
11,SUV,PETROL,PERSONAL,17197.05,67,11354,GOOD,0,COMPREHENSIVE,2000.0,490.12,0,0.0
7,SUV,DIESEL,COMMERCIAL,15640.29,73,17272,GOOD,0,ZERO_DEP_PREMIUM,1000.0,849.85,1,9395.88
10,SUV,PETROL,PERSONAL,10611.62,58,14063,EXCELLENT,0,THIRD_PARTY,500.0,250.0,0,0.0
15,SEDAN,PETROL,PERSONAL,5924.37,74,8262,FAIR,0,COMPREHENSIVE,500.0,250.0,0,0.0
6,SEDAN,PETROL,PERSONAL,12276.6,51,9282,GOOD,0,COMPREHENSIVE,500.0,349.88,0,0.0
13,TRUCK,HYBRID,PERSONAL,13801.02,45,13232,FAIR,0,COMPREHENSIVE,500.0,393.33,0,0.0
6,SEDAN,PETROL,PERSONAL,17433.93,57,12422,FAIR,1,ZERO_DEP_PREMIUM,500.0,610.19,0,0.0
9,SUV,DIESEL,COMMERCIAL,16077.85,51,6591,GOOD,1,COMPREHENSIVE,250.0,618.6,1,5453.38
9,TRUCK,DIESEL,PERSONAL,21887.2,49,10785,EXCELLENT,0,ZERO_DEP_PREMIUM,1000.0,766.05,1,4272.86
6,HATCHBACK,HYBRID,PERSONAL,8681.08,40,11843,FAIR,0,ZERO_DEP_PREMIUM,1000.0,303.84,1,1697.04
0,SEDAN,PETROL,PERSONAL,18708.19,41,15057,GOOD,0,COMPREHENSIVE,500.0,533.18,1,7080.19
12,SEDAN,DIESEL,PERSONAL,11585.89,18,17058,GOOD,0,ZERO_DEP_PREMIUM,250.0,506.88,1,1904.46
14,SEDAN,DIESEL,COMMERCIAL,8842.65,41,15520,EXCELLENT,1,ZERO_DEP_PREMIUM,250.0,417.82,0,0.0
6,SUV,DIESEL,PERSONAL,15360.95,20,14027,GOOD,0,ZERO_DEP_PREMIUM,500.0,672.04,0,0.0
3,SUV,HYBRID,PERSONAL,27519.84,78,14131,GOOD,0,COMPREHENSIVE,250.0,901.96,0,0.0
11,SEDAN,ELECTRIC,PERSONAL,10545.07,34,14646,GOOD,0,ZERO_DEP_PREMIUM,1000.0,369.08,0,0.0
2,COMMERCIAL_VAN,PETROL,PERSONAL,26225.77,24,16805,POOR,0,COMPREHENSIVE,2000.0,934.29,0,0.0
12,SUV,DIESEL,PERSONAL,12823.34,27,20113,GOOD,0,ZERO_DEP_PREMIUM,1000.0,448.82,0,0.0
15,SEDAN,PETROL,COMMERCIAL,6782.94,36,8123,GOOD,0,COMPREHENSIVE,1000.0,260.97,0,0.0
11,SUV,PETROL,PERSONAL,10789.92,41,10483,GOOD,1,COMPREHENSIVE,500.0,307.51,0,0.0
12,SUV,DIESEL,COMMERCIAL,9273.91,26,17047,EXCELLENT,1,COMPREHENSIVE,1000.0,356.81,1,781.64
14,SEDAN,PETROL,PERSONAL,8548.84,67,8022,FAIR,0,COMPREHENSIVE,1000.0,250.0,0,0.0
4,SEDAN,PETROL,COMMERCIAL,16506.73,32,6670,GOOD,0,ZERO_DEP_PREMIUM,1000.0,779.94,0,0.0
1,HATCHBACK,CNG,PERSONAL,12679.26,66,9612,FAIR,0,ZERO_DEP_PREMIUM,1000.0,443.77,0,0.0
7,SUV,PETROL,PERSONAL,22631.31,73,12830,GOOD,0,THIRD_PARTY,1000.0,325.33,0,0.0
11,SUV,HYBRID,RIDESHARE,15503.25,75,10347,GOOD,0,THIRD_PARTY,1000.0,334.29,0,0.0
11,SUV,DIESEL,PERSONAL,11398.38,39,14162,GOOD,0,COMPREHENSIVE,500.0,324.85,0,0.0
8,SEDAN,DIESEL,COMMERCIAL,16026.56,75,11220,FAIR,0,COMPREHENSIVE,500.0,709.12,1,10626.78
4,SEDAN,ELECTRIC,PERSONAL,21070.45,34,10946,GOOD,1,COMPREHENSIVE,500.0,600.51,0,0.0
2,SUV,PETROL,PERSONAL,28083.57,36,4989,GOOD,0,ZERO_DEP_PREMIUM,500.0,982.92,0,0.0
15,SEDAN,PETROL,COMMERCIAL,6313.43,26,15194,EXCELLENT,1,ZERO_DEP_PREMIUM,250.0,298.31,0,0.0
9,SEDAN,PETROL,PERSONAL,13448.17,74,15253,FAIR,0,COMPREHENSIVE,1000.0,440.76,0,0.0
6,HATCHBACK,PETROL,PERSONAL,7705.84,55,11658,GOOD,0,COMPREHENSIVE,2000.0,250.0,1,1728.96
0,COMMERCIAL_VAN,HYBRID,PERSONAL,39069.04,36,13170,GOOD,0,COMPREHENSIVE,2000.0,1113.47,0,0.0
9,HATCHBACK,ELECTRIC,PERSONAL,7925.2,25,13160,EXCELLENT,0,COMPREHENSIVE,1000.0,250.0,0,0.0
2,TRUCK,PETROL,PERSONAL,39265.65,23,17231,GOOD,0,ZERO_DEP_PREMIUM,250.0,1717.87,0,0.0
8,SEDAN,PETROL,PERSONAL,13765.03,66,13502,GOOD,0,COMPREHENSIVE,1000.0,392.3,0,0.0
1,COMMERCIAL_VAN,PETROL,PERSONAL,37427.62,55,6490,EXCELLENT,0,COMPREHENSIVE,1000.0,1066.69,0,0.0
10,SEDAN,PETROL,PERSONAL,8499.37,62,21085,FAIR,0,COMPREHENSIVE,500.0,250.0,0,0.0
13,COMMERCIAL_VAN,DIESEL,PERSONAL,11007.84,38,18300,GOOD,0,THIRD_PARTY,1000.0,250.0,0,0.0
8,COMMERCIAL_VAN,PETROL,PERSONAL,19163.17,73,12723,FAIR,0,THIRD_PARTY,500.0,275.47,0,0.0
10,HATCHBACK,DIESEL,COMMERCIAL,7763.67,46,13196,GOOD,0,THIRD_PARTY,1000.0,250.0,0,0.0
0,COMMERCIAL_VAN,PETROL,PERSONAL,43993.85,51,13801,EXCELLENT,0,ZERO_DEP_PREMIUM,500.0,1539.78,0,0.0
3,SUV,PETROL,PERSONAL,27090.95,29,9031,GOOD,0,COMPREHENSIVE,1000.0,772.09,0,0.0
11,SEDAN,DIESEL,COMMERCIAL,12733.91,56,17516,GOOD,1,COMPREHENSIVE,1000.0,489.94,0,0.0
9,SUV,DIESEL,RIDESHARE,11946.28,49,17047,GOOD,0,ZERO_DEP_PREMIUM,250.0,627.18,1,4955.18
15,SUV,CNG,PERSONAL,7390.24,23,12110,GOOD,0,THIRD_PARTY,1000.0,250.0,0,0.0
12,SEDAN,HYBRID,PERSONAL,7872.24,34,15525,FAIR,0,ZERO_DEP_PREMIUM,1000.0,275.53,0,0.0
5,SUV,PETROL,PERSONAL,19320.05,49,17195,EXCELLENT,2,COMPREHENSIVE,500.0,550.62,0,0.0
14,COMMERCIAL_VAN,PETROL,PERSONAL,11546.03,77,13521,FAIR,0,COMPREHENSIVE,500.0,378.42,0,0.0
12,SEDAN,ELECTRIC,COMMERCIAL,6101.18,25,7861,GOOD,0,COMPREHENSIVE,500.0,250.0,0,0.0
6,HATCHBACK,HYBRID,RIDESHARE,7488.66,55,15586,GOOD,0,ZERO_DEP_PREMIUM,1000.0,393.15,0,0.0
14,TRUCK,ELECTRIC,RIDESHARE,10637.64,46,12753,GOOD,1,COMPREHENSIVE,500.0,454.76,0,0.0
14,TRUCK,PETROL,PERSONAL,13845.34,48,7573,GOOD,1,ZERO_DEP_PREMIUM,1000.0,484.59,0,0.0
2,COMMERCIAL_VAN,CNG,PERSONAL,41320.54,36,17156,FAIR,1,THIRD_PARTY,250.0,516.51,0,0.0
8,SUV,PETROL,RIDESHARE,21312.78,70,13566,FAIR,0,COMPREHENSIVE,250.0,1047.79,0,0.0
3,COMMERCIAL_VAN,ELECTRIC,PERSONAL,23694.8,72,11467,GOOD,0,COMPREHENSIVE,1000.0,776.6,0,0.0
4,HATCHBACK,HYBRID,PERSONAL,12022.94,26,21824,GOOD,1,COMPREHENSIVE,500.0,342.65,0,0.0
7,SEDAN,PETROL,PERSONAL,9687.42,69,10046,EXCELLENT,1,ZERO_DEP_PREMIUM,500.0,389.92,1,5166.52
14,SUV,HYBRID,PERSONAL,8819.2,45,8257,FAIR,0,ZERO_DEP_PREMIUM,1000.0,308.67,0,0.0
11,HATCHBACK,PETROL,PERSONAL,7167.82,65,13204,GOOD,1,COMPREHENSIVE,1000.0,250.0,0,0.0
14,SEDAN,CNG,COMMERCIAL,7079.63,67,11802,FAIR,0,COMPREHENSIVE,250.0,272.39,1,307.14
13,SUV,PETROL,PERSONAL,8503.83,68,9986,GOOD,1,ZERO_DEP_PREMIUM,1000.0,297.63,0,0.0
2,SUV,CNG,PERSONAL,30019.9,56,18839,EXCELLENT,0,ZERO_DEP_PREMIUM,500.0,1050.7,0,0.0
7,SEDAN,PETROL,PERSONAL,11267.56,57,7449,GOOD,0,COMPREHENSIVE,1000.0,321.13,0,0.0
13,SUV,ELECTRIC,PERSONAL,10302.66,70,13893,GOOD,0,COMPREHENSIVE,250.0,337.67,0,0.0
13,HATCHBACK,DIESEL,PERSONAL,4890.02,48,12892,GOOD,0,ZERO_DEP_PREMIUM,500.0,250.0,0,0.0
10,SUV,DIESEL,PERSONAL,13243.6,36,12450,EXCELLENT,0,COMPREHENSIVE,1000.0,377.44,0,0.0
0,SEDAN,PETROL,PERSONAL,35252.83,50,17699,FAIR,0,COMPREHENSIVE,250.0,1004.71,0,0.0
7,SEDAN,ELECTRIC,COMMERCIAL,14695.68,43,21743,EXCELLENT,1,THIRD_PARTY,1000.0,250.0,0,0.0
13,SEDAN,PETROL,PERSONAL,9842.59,62,12501,FAIR,1,COMPREHENSIVE,500.0,280.51,0,0.0
12,TRUCK,DIESEL,COMMERCIAL,17487.99,18,16496,EXCELLENT,0,COMPREHENSIVE,1000.0,841.06,0,0.0
14,SEDAN,PETROL,PERSONAL,8073.54,28,12683,POOR,0,COMPREHENSIVE,2000.0,250.0,0,0.0
10,SUV,CNG,PERSONAL,14689.4,19,12854,POOR,0,COMPREHENSIVE,500.0,523.31,0,0.0
10,SEDAN,PETROL,PERSONAL,7102.78,70,14531,GOOD,0,COMPREHENSIVE,1000.0,250.0,0,0.0
14,SEDAN,PETROL,PERSONAL,7841.72,52,13258,POOR,0,COMPREHENSIVE,500.0,250.0,0,0.0
11,HATCHBACK,PETROL,PERSONAL,5381.7,30,8398,FAIR,0,THIRD_PARTY,250.0,250.0,1,440.92
9,HATCHBACK,PETROL,PERSONAL,5357.23,56,18490,EXCELLENT,0,COMPREHENSIVE,1000.0,250.0,0,0.0
7,SEDAN,PETROL,PERSONAL,13586.78,51,14522,POOR,0,COMPREHENSIVE,250.0,387.22,0,0.0
5,SUV,DIESEL,PERSONAL,27292.63,51,12289,EXCELLENT,1,COMPREHENSIVE,500.0,777.84,0,0.0
4,SEDAN,HYBRID,PERSONAL,24483.0,52,9680,EXCELLENT,1,ZERO_DEP_PREMIUM,1000.0,856.91,0,0.0
8,SUV,ELECTRIC,PERSONAL,16283.64,49,13813,GOOD,0,COMPREHENSIVE,500.0,464.08,0,0.0
5,SUV,DIESEL,PERSONAL,24260.27,62,11405,EXCELLENT,1,THIRD_PARTY,1000.0,303.25,0,0.0
14,SEDAN,PETROL,PERSONAL,8997.35,29,13319,EXCELLENT,0,COMPREHENSIVE,1000.0,256.42,0,0.0
0,SEDAN,DIESEL,PERSONAL,24278.79,50,11650,POOR,0,COMPREHENSIVE,1000.0,691.95,0,0.0
11,SUV,PETROL,PERSONAL,10200.46,35,8760,POOR,0,ZERO_DEP_PREMIUM,1000.0,357.02,0,0.0
5,TRUCK,ELECTRIC,PERSONAL,24638.01,22,19746,FAIR,0,THIRD_PARTY,500.0,384.97,0,0.0
0,COMMERCIAL_VAN,PETROL,PERSONAL,50516.67,36,8252,GOOD,0,COMPREHENSIVE,500.0,1439.73,0,0.0
5,SEDAN,PETROL,PERSONAL,13167.67,48,8986,POOR,0,THIRD_PARTY,500.0,250.0,0,0.0
2,HATCHBACK,PETROL,COMMERCIAL,12328.15,44,15551,EXCELLENT,0,COMPREHENSIVE,500.0,474.33,0,0.0
5,SEDAN,HYBRID,PERSONAL,16634.48,59,13893,POOR,0,COMPREHENSIVE,500.0,474.08,0,0.0
12,SUV,PETROL,COMMERCIAL,15010.35,55,15473,GOOD,1,COMPREHENSIVE,250.0,577.52,0,0.0
5,HATCHBACK,DIESEL,PERSONAL,13542.99,67,14764,FAIR,0,COMPREHENSIVE,1000.0,385.98,0,0.0
0,TRUCK,PETROL,RIDESHARE,43914.96,32,9111,GOOD,0,COMPREHENSIVE,1000.0,1877.36,0,0.0
12,COMMERCIAL_VAN,ELECTRIC,PERSONAL,16572.01,63,15514,POOR,2,COMPREHENSIVE,2000.0,472.3,0,0.0
8,SUV,HYBRID,RIDESHARE,13763.71,73,9606,FAIR,0,COMPREHENSIVE,2000.0,676.66,1,1790.67
7,SEDAN,PETROL,PERSONAL,10880.25,65,17241,FAIR,1,ZERO_DEP_PREMIUM,250.0,380.81,0,0.0
14,HATCHBACK,DIESEL,PERSONAL,5829.96,21,8008,GOOD,0,COMPREHENSIVE,500.0,250.0,0,0.0
14,SEDAN,HYBRID,PERSONAL,7337.29,36,8931,FAIR,1,THIRD_PARTY,250.0,250.0,0,0.0
1,SUV,DIESEL,PERSONAL,27195.24,38,9058,FAIR,1,COMPREHENSIVE,1000.0,775.06,0,0.0
1,SEDAN,DIESEL,COMMERCIAL,24644.1,57,13896,EXCELLENT,1,COMPREHENSIVE,250.0,948.18,0,0.0
4,SUV,DIESEL,COMMERCIAL,30815.48,74,12265,GOOD,0,THIRD_PARTY,2000.0,598.01,0,0.0
14,SEDAN,DIESEL,RIDESHARE,8879.13,18,13016,EXCELLENT,1,COMPREHENSIVE,250.0,474.48,1,1891.26
9,SEDAN,PETROL,PERSONAL,14517.19,37,11969,FAIR,1,COMPREHENSIVE,500.0,413.74,0,0.0
1,TRUCK,ELECTRIC,PERSONAL,43991.93,39,12260,EXCELLENT,0,ZERO_DEP_PREMIUM,1000.0,1539.72,0,0.0
10,SEDAN,PETROL,PERSONAL,13231.74,71,10330,POOR,0,COMPREHENSIVE,2000.0,433.67,0,0.0
0,SUV,PETROL,RIDESHARE,38052.76,30,5700,GOOD,0,COMPREHENSIVE,500.0,1626.76,0,0.0
1,SEDAN,ELECTRIC,PERSONAL,26616.13,58,6222,EXCELLENT,0,THIRD_PARTY,500.0,332.7,0,0.0
4,SEDAN,PETROL,PERSONAL,21949.95,18,8893,POOR,0,THIRD_PARTY,1000.0,342.97,0,0.0
10,SEDAN,PETROL,PERSONAL,10102.59,32,11050,EXCELLENT,0,THIRD_PARTY,500.0,250.0,0,0.0
14,SEDAN,DIESEL,PERSONAL,5217.78,78,19090,GOOD,1,THIRD_PARTY,500.0,250.0,0,0.0
9,TRUCK,HYBRID,RIDESHARE,17795.51,32,7913,FAIR,0,COMPREHENSIVE,1000.0,760.76,1,5070.32
13,SEDAN,HYBRID,PERSONAL,8673.22,31,7583,GOOD,2,COMPREHENSIVE,1000.0,250.0,0,0.0
6,COMMERCIAL_VAN,CNG,PERSONAL,18010.56,22,4308,GOOD,0,COMPREHENSIVE,500.0,641.63,1,2584.71
4,SUV,HYBRID,PERSONAL,19845.12,75,14755,FAIR,0,THIRD_PARTY,250.0,285.27,0,0.0
0,SUV,PETROL,COMMERCIAL,32585.63,66,11539,POOR,0,THIRD_PARTY,250.0,549.88,0,0.0
15,SUV,PETROL,PERSONAL,6320.45,23,6676,EXCELLENT,0,ZERO_DEP_PREMIUM,500.0,276.52,0,0.0
6,SUV,ELECTRIC,PERSONAL,24948.91,58,12371,EXCELLENT,0,COMPREHENSIVE,1000.0,711.04,0,0.0
5,HATCHBACK,PETROL,PERSONAL,8797.36,48,9875,GOOD,1,THIRD_PARTY,1000.0,250.0,0,0.0
6,SEDAN,DIESEL,PERSONAL,11619.25,69,18328,GOOD,1,ZERO_DEP_PREMIUM,1000.0,467.67,1,4308.13
1,SEDAN,DIESEL,PERSONAL,28140.98,43,9482,GOOD,0,COMPREHENSIVE,1000.0,802.02,0,0.0
4,TRUCK,PETROL,PERSONAL,38924.64,75,20141,GOOD,0,THIRD_PARTY,250.0,559.54,0,0.0
13,TRUCK,HYBRID,RIDESHARE,9217.99,42,13275,GOOD,1,COMPREHENSIVE,1000.0,394.07,1,2118.32
7,TRUCK,DIESEL,RIDESHARE,19634.27,68,10723,FAIR,0,COMPREHENSIVE,1000.0,839.37,0,0.0
12,SUV,DIESEL,PERSONAL,15807.7,76,11343,EXCELLENT,1,COMPREHENSIVE,1000.0,518.1,0,0.0
11,HATCHBACK,CNG,COMMERCIAL,5497.98,72,13819,EXCELLENT,1,ZERO_DEP_PREMIUM,1000.0,298.75,1,1252.62
6,SUV,DIESEL,PERSONAL,27741.84,70,11293,GOOD,1,COMPREHENSIVE,500.0,909.24,0,0.0
5,SUV,PETROL,PERSONAL,20037.77,75,8334,EXCELLENT,0,COMPREHENSIVE,500.0,656.74,0,0.0
12,SEDAN,DIESEL,PERSONAL,7148.9,66,15339,GOOD,0,COMPREHENSIVE,1000.0,250.0,0,0.0
5,SUV,ELECTRIC,PERSONAL,19092.6,56,16961,GOOD,0,COMPREHENSIVE,500.0,544.14,0,0.0
11,SEDAN,ELECTRIC,PERSONAL,6999.19,57,17122,GOOD,1,THIRD_PARTY,500.0,250.0,0,0.0
0,SEDAN,ELECTRIC,PERSONAL,34515.07,32,11778,GOOD,1,COMPREHENSIVE,250.0,983.68,1,4265.35
15,TRUCK,ELECTRIC,COMMERCIAL,14818.38,23,17413,GOOD,0,COMPREHENSIVE,2000.0,712.67,0,0.0
0,SEDAN,PETROL,PERSONAL,35572.06,18,13919,FAIR,0,ZERO_DEP_PREMIUM,500.0,1556.28,0,0.0
6,SEDAN,HYBRID,PERSONAL,19141.12,58,11182,POOR,0,COMPREHENSIVE,1000.0,545.52,0,0.0
2,SEDAN,HYBRID,PERSONAL,27835.22,24,9975,GOOD,0,COMPREHENSIVE,2000.0,991.63,0,0.0
5,TRUCK,PETROL,PERSONAL,31926.38,71,16643,GOOD,1,COMPREHENSIVE,2000.0,1046.39,0,0.0
11,SUV,PETROL,PERSONAL,16308.25,69,4927,EXCELLENT,0,ZERO_DEP_PREMIUM,1000.0,656.41,1,3051.38
15,SUV,CNG,PERSONAL,7399.65,68,18749,FAIR,1,COMPREHENSIVE,500.0,250.0,0,0.0
4,HATCHBACK,HYBRID,COMMERCIAL,10659.72,21,13066,GOOD,0,COMPREHENSIVE,500.0,512.67,0,0.0
2,HATCHBACK,HYBRID,COMMERCIAL,15218.3,18,9813,EXCELLENT,1,ZERO_DEP_PREMIUM,1000.0,898.83,1,2833.78
5,SEDAN,HYBRID,PERSONAL,21292.5,58,9283,EXCELLENT,1,ZERO_DEP_PREMIUM,500.0,745.24,0,0.0
2,SUV,DIESEL,PERSONAL,34650.88,19,10505,EXCELLENT,0,COMPREHENSIVE,250.0,1234.44,1,10197.67
7,HATCHBACK,DIESEL,RIDESHARE,10643.75,65,15676,EXCELLENT,2,COMPREHENSIVE,500.0,455.02,0,0.0
13,SUV,DIESEL,PERSONAL,10899.87,51,13902,GOOD,0,ZERO_DEP_PREMIUM,500.0,381.5,0,0.0
14,SEDAN,PETROL,PERSONAL,8346.38,52,10434,POOR,0,COMPREHENSIVE,1000.0,250.0,0,0.0
6,TRUCK,ELECTRIC,PERSONAL,34630.6,63,10066,FAIR,2,COMPREHENSIVE,500.0,986.97,0,0.0
8,SUV,DIESEL,PERSONAL,13669.26,30,13913,GOOD,1,THIRD_PARTY,500.0,250.0,0,0.0
4,SEDAN,DIESEL,COMMERCIAL,24049.21,34,24846,GOOD,0,COMPREHENSIVE,250.0,925.29,1,1434.63
11,SUV,DIESEL,PERSONAL,13594.85,27,24800,GOOD,0,COMPREHENSIVE,1000.0,387.45,0,0.0
14,SEDAN,DIESEL,PERSONAL,7986.31,20,17230,GOOD,0,THIRD_PARTY,1000.0,250.0,0,0.0
0,SEDAN,PETROL,PERSONAL,34177.22,21,9014,GOOD,1,THIRD_PARTY,500.0,534.02,0,0.0
10,HATCHBACK,PETROL,PERSONAL,6148.15,42,15893,EXCELLENT,2,THIRD_PARTY,500.0,250.0,0,0.0
9,SEDAN,PETROL,RIDESHARE,11049.24,54,9151,GOOD,1,THIRD_PARTY,500.0,250.0,0,0.0
14,SUV,PETROL,PERSONAL,10277.1,60,11470,GOOD,2,THIRD_PARTY,500.0,250.0,0,0.0
10,SUV,CNG,PERSONAL,10000.74,55,18645,EXCELLENT,1,ZERO_DEP_PREMIUM,2000.0,350.03,0,0.0
7,SEDAN,PETROL,RIDESHARE,14076.22,46,11401,EXCELLENT,0,THIRD_PARTY,250.0,263.93,0,0.0
1,COMMERCIAL_VAN,PETROL,PERSONAL,31252.06,18,11227,EXCELLENT,1,COMPREHENSIVE,1000.0,1113.35,1,7663.5
5,SEDAN,DIESEL,PERSONAL,21896.52,68,10224,GOOD,1,THIRD_PARTY,250.0,273.71,0,0.0
0,SEDAN,DIESEL,PERSONAL,19796.78,47,8823,GOOD,0,COMPREHENSIVE,500.0,564.21,0,0.0
5,SEDAN,PETROL,PERSONAL,16574.06,56,11321,EXCELLENT,0,COMPREHENSIVE,1000.0,472.36,0,0.0
3,SEDAN,ELECTRIC,PERSONAL,26709.51,72,15831,EXCELLENT,0,COMPREHENSIVE,500.0,875.4,0,0.0
4,SEDAN,ELECTRIC,PERSONAL,23726.14,27,15545,EXCELLENT,0,ZERO_DEP_PREMIUM,1000.0,830.41,0,0.0
14,HATCHBACK,PETROL,PERSONAL,5088.51,46,13822,POOR,0,THIRD_PARTY,250.0,250.0,0,0.0
9,COMMERCIAL_VAN,PETROL,RIDESHARE,18091.59,61,17793,GOOD,1,COMPREHENSIVE,1000.0,773.42,1,857.15
6,SEDAN,HYBRID,PERSONAL,13236.64,49,4739,EXCELLENT,0,ZERO_DEP_PREMIUM,1000.0,463.28,0,0.0
12,SUV,ELECTRIC,PERSONAL,11108.42,61,12736,GOOD,0,COMPREHENSIVE,1000.0,316.59,0,0.0
5,HATCHBACK,DIESEL,PERSONAL,7619.13,78,9309,EXCELLENT,0,ZERO_DEP_PREMIUM,500.0,306.67,1,628.9
0,HATCHBACK,PETROL,COMMERCIAL,20004.41,18,21429,GOOD,1,THIRD_PARTY,2000.0,421.97,0,0.0
8,SUV,PETROL,PERSONAL,15688.34,58,11347,EXCELLENT,0,ZERO_DEP_PREMIUM,1000.0,549.09,0,0.0
5,SEDAN,DIESEL,COMMERCIAL,18941.64,34,15837,POOR,1,COMPREHENSIVE,1000.0,728.78,1,4347.59
5,SEDAN,PETROL,PERSONAL,15418.73,72,16987,POOR,0,THIRD_PARTY,500.0,250.0,0,0.0
8,HATCHBACK,PETROL,RIDESHARE,7712.38,29,10819,GOOD,1,COMPREHENSIVE,500.0,329.7,0,0.0
11,HATCHBACK,DIESEL,PERSONAL,6171.69,77,16683,FAIR,0,ZERO_DEP_PREMIUM,1000.0,250.0,0,0.0
9,SEDAN,PETROL,PERSONAL,14033.41,19,17190,GOOD,1,THIRD_PARTY,1000.0,250.0,0,0.0
4,SEDAN,ELECTRIC,PERSONAL,15116.01,26,16054,POOR,0,COMPREHENSIVE,1000.0,430.81,0,0.0
10,TRUCK,ELECTRIC,COMMERCIAL,16776.82,29,10150,GOOD,2,THIRD_PARTY,500.0,283.11,0,0.0
14,HATCHBACK,PETROL,PERSONAL,4500.0,77,6062,EXCELLENT,0,ZERO_DEP_PREMIUM,500.0,250.0,0,0.0
5,COMMERCIAL_VAN,ELECTRIC,PERSONAL,17856.82,42,22122,EXCELLENT,0,COMPREHENSIVE,500.0,508.92,0,0.0
5,HATCHBACK,PETROL,PERSONAL,11215.33,74,11191,EXCELLENT,1,THIRD_PARTY,250.0,250.0,0,0.0
6,SUV,ELECTRIC,COMMERCIAL,17016.26,53,17019,GOOD,0,THIRD_PARTY,500.0,287.15,0,0.0
8,SUV,PETROL,COMMERCIAL,12559.01,71,10408,EXCELLENT,0,ZERO_DEP_PREMIUM,2000.0,682.43,0,0.0
4,SUV,PETROL,PERSONAL,32783.54,78,21940,GOOD,0,THIRD_PARTY,500.0,471.26,0,0.0
4,SEDAN,DIESEL,PERSONAL,19149.23,61,10257,GOOD,1,COMPREHENSIVE,500.0,545.75,0,0.0
3,SUV,DIESEL,PERSONAL,21546.58,67,12952,FAIR,0,COMPREHENSIVE,1000.0,614.08,0,0.0
9,HATCHBACK,HYBRID,COMMERCIAL,5048.88,52,22949,GOOD,0,THIRD_PARTY,1000.0,250.0,0,0.0
3,SEDAN,PETROL,COMMERCIAL,15358.87,39,5307,GOOD,0,THIRD_PARTY,1000.0,259.18,0,0.0
15,HATCHBACK,PETROL,PERSONAL,4500.0,50,17927,GOOD,0,ZERO_DEP_PREMIUM,1000.0,250.0,0,0.0
11,SUV,DIESEL,PERSONAL,14899.55,72,12386,FAIR,0,COMPREHENSIVE,500.0,488.33,0,0.0
7,COMMERCIAL_VAN,DIESEL,RIDESHARE,22560.78,67,15684,EXCELLENT,0,THIRD_PARTY,500.0,423.01,0,0.0
12,SEDAN,PETROL,COMMERCIAL,6716.68,73,10933,EXCELLENT,1,COMPREHENSIVE,500.0,297.19,1,560.33
1,SEDAN,DIESEL,PERSONAL,27053.84,38,19862,FAIR,1,ZERO_DEP_PREMIUM,500.0,946.88,0,0.0
9,SUV,ELECTRIC,PERSONAL,15149.83,72,8846,FAIR,0,ZERO_DEP_PREMIUM,2000.0,609.78,0,0.0
7,SEDAN,HYBRID,PERSONAL,13775.99,57,12667,GOOD,0,COMPREHENSIVE,1000.0,392.62,0,0.0
1,HATCHBACK,CNG,PERSONAL,18360.18,68,16709,GOOD,0,COMPREHENSIVE,1000.0,523.27,0,0.0
14,HATCHBACK,PETROL,PERSONAL,4500.0,39,8808,EXCELLENT,0,ZERO_DEP_PREMIUM,250.0,250.0,0,0.0
0,SEDAN,ELECTRIC,PERSONAL,20875.38,45,13073,EXCELLENT,1,ZERO_DEP_PREMIUM,500.0,730.64,0,0.0
9,SUV,PETROL,PERSONAL,20203.0,74,7886,POOR,0,COMPREHENSIVE,1000.0,662.15,0,0.0
12,SUV,DIESEL,PERSONAL,9850.24,21,10691,GOOD,0,ZERO_DEP_PREMIUM,250.0,430.95,1,1506.02
14,SEDAN,DIESEL,PERSONAL,6289.2,43,24310,GOOD,0,COMPREHENSIVE,1000.0,250.0,0,0.0
8,TRUCK,CNG,PERSONAL,24717.87,40,18536,FAIR,1,ZERO_DEP_PREMIUM,250.0,865.13,0,0.0
10,HATCHBACK,ELECTRIC,COMMERCIAL,7342.74,65,15497,EXCELLENT,0,ZERO_DEP_PREMIUM,1000.0,346.94,1,577.94
7,SUV,CNG,PERSONAL,23445.49,66,14161,EXCELLENT,0,COMPREHENSIVE,1000.0,668.2,0,0.0
5,HATCHBACK,ELECTRIC,PERSONAL,8274.23,77,5454,GOOD,0,ZERO_DEP_PREMIUM,1000.0,333.04,1,1888.01
3,SUV,HYBRID,PERSONAL,25679.78,40,11659,GOOD,0,COMPREHENSIVE,500.0,731.87,0,0.0
1,TRUCK,ELECTRIC,COMMERCIAL,31556.26,58,16650,EXCELLENT,0,COMPREHENSIVE,500.0,1214.13,1,4893.08
7,SUV,DIESEL,COMMERCIAL,20067.99,75,10509,EXCELLENT,0,THIRD_PARTY,1000.0,389.44,0,0.0
2,HATCHBACK,PETROL,PERSONAL,11988.23,25,14122,GOOD,0,ZERO_DEP_PREMIUM,500.0,419.59,0,0.0
9,TRUCK,PETROL,RIDESHARE,22260.57,69,7984,EXCELLENT,0,THIRD_PARTY,1000.0,479.99,0,0.0
3,SEDAN,PETROL,PERSONAL,13719.72,49,7604,EXCELLENT,0,ZERO_DEP_PREMIUM,500.0,480.19,0,0.0
4,HATCHBACK,DIESEL,RIDESHARE,8138.78,68,22765,GOOD,0,THIRD_PARTY,1000.0,250.0,0,0.0
12,SEDAN,DIESEL,PERSONAL,8407.77,56,22081,EXCELLENT,0,COMPREHENSIVE,1000.0,250.0,0,0.0
3,SEDAN,DIESEL,PERSONAL,26856.48,78,12115,FAIR,1,THIRD_PARTY,1000.0,386.06,0,0.0
10,SEDAN,CNG,PERSONAL,13401.17,61,8998,EXCELLENT,2,ZERO_DEP_PREMIUM,500.0,469.04,0,0.0
7,COMMERCIAL_VAN,HYBRID,PERSONAL,27409.34,18,8260,GOOD,2,COMPREHENSIVE,250.0,976.46,0,0.0
8,TRUCK,PETROL,PERSONAL,20521.05,73,14307,GOOD,1,ZERO_DEP_PREMIUM,250.0,825.97,0,0.0
13,HATCHBACK,PETROL,COMMERCIAL,4500.0,47,21206,FAIR,0,COMPREHENSIVE,500.0,250.0,0,0.0
13,HATCHBACK,PETROL,COMMERCIAL,4500.0,45,9355,EXCELLENT,1,ZERO_DEP_PREMIUM,250.0,250.0,0,0.0
15,SUV,PETROL,PERSONAL,10262.1,34,13396,EXCELLENT,0,THIRD_PARTY,250.0,250.0,0,0.0
13,TRUCK,ELECTRIC,PERSONAL,10260.0,40,13169,FAIR,1,THIRD_PARTY,250.0,250.0,0,0.0
0,SUV,DIESEL,PERSONAL,32759.3,55,19995,FAIR,0,ZERO_DEP_PREMIUM,500.0,1146.58,0,0.0
1,SUV,DIESEL,PERSONAL,24220.0,75,13762,EXCELLENT,0,THIRD_PARTY,1000.0,348.16,1,3570.62
15,SEDAN,HYBRID,PERSONAL,6523.41,41,6217,EXCELLENT,1,ZERO_DEP_PREMIUM,250.0,250.0,0,0.0
11,HATCHBACK,ELECTRIC,PERSONAL,4798.12,39,15886,FAIR,1,THIRD_PARTY,2000.0,250.0,0,0.0
3,HATCHBACK,PETROL,COMMERCIAL,9210.13,22,13269,EXCELLENT,0,COMPREHENSIVE,500.0,442.95,0,0.0
0,SUV,ELECTRIC,PERSONAL,35562.64,42,8597,FAIR,1,ZERO_DEP_PREMIUM,500.0,1244.69,0,0.0
10,SEDAN,PETROL,PERSONAL,9576.64,69,17270,POOR,0,ZERO_DEP_PREMIUM,500.0,385.46,0,0.0
5,HATCHBACK,PETROL,PERSONAL,10745.96,24,11092,EXCELLENT,0,THIRD_PARTY,1000.0,250.0,0,0.0
15,SEDAN,PETROL,PERSONAL,7735.56,71,14000,FAIR,0,COMPREHENSIVE,250.0,253.53,0,0.0
14,HATCHBACK,DIESEL,PERSONAL,4500.0,75,13150,GOOD,2,ZERO_DEP_PREMIUM,250.0,250.0,0,0.0
11,COMMERCIAL_VAN,PETROL,COMMERCIAL,16883.52,39,11156,FAIR,0,THIRD_PARTY,250.0,284.91,0,0.0
15,SUV,PETROL,PERSONAL,6284.8,76,8847,GOOD,0,THIRD_PARTY,1000.0,250.0,0,0.0
4,SEDAN,DIESEL,PERSONAL,18010.84,61,15018,EXCELLENT,2,COMPREHENSIVE,500.0,513.31,0,0.0
12,HATCHBACK,ELECTRIC,COMMERCIAL,5733.36,54,7009,FAIR,0,THIRD_PARTY,500.0,250.0,0,0.0
6,HATCHBACK,PETROL,PERSONAL,12446.78,51,16677,EXCELLENT,0,COMPREHENSIVE,2000.0,354.73,1,4031.52
11,SUV,PETROL,COMMERCIAL,14055.27,53,8657,POOR,0,COMPREHENSIVE,500.0,540.78,0,0.0
5,COMMERCIAL_VAN,ELECTRIC,PERSONAL,19234.37,66,7258,GOOD,1,ZERO_DEP_PREMIUM,250.0,673.2,0,0.0
13,SEDAN,PETROL,PERSONAL,8104.95,74,18810,EXCELLENT,1,ZERO_DEP_PREMIUM,500.0,326.22,1,1627.66
13,SUV,HYBRID,COMMERCIAL,10321.83,74,12922,EXCELLENT,0,COMPREHENSIVE,500.0,456.7,0,0.0
2,HATCHBACK,DIESEL,PERSONAL,13720.61,57,3931,FAIR,1,COMPREHENSIVE,250.0,391.04,0,0.0
4,TRUCK,PETROL,PERSONAL,25283.99,37,12442,GOOD,1,COMPREHENSIVE,500.0,720.59,0,0.0
2,SEDAN,PETROL,PERSONAL,22619.59,54,15250,FAIR,0,THIRD_PARTY,1000.0,282.74,0,0.0
8,HATCHBACK,PETROL,COMMERCIAL,6057.06,34,15373,EXCELLENT,0,ZERO_DEP_PREMIUM,500.0,286.2,0,0.0
1,SUV,PETROL,PERSONAL,39994.4,69,9017,GOOD,1,THIRD_PARTY,1000.0,574.92,0,0.0
5,SUV,PETROL,PERSONAL,25065.15,21,9655,FAIR,0,THIRD_PARTY,500.0,391.64,0,0.0
8,SEDAN,DIESEL,COMMERCIAL,9230.68,70,13234,EXCELLENT,2,COMPREHENSIVE,2000.0,408.42,0,0.0
9,TRUCK,PETROL,PERSONAL,24905.57,67,17173,GOOD,0,COMPREHENSIVE,500.0,709.81,0,0.0
6,SEDAN,DIESEL,COMMERCIAL,16705.64,35,6581,POOR,2,COMPREHENSIVE,1000.0,642.75,0,0.0
4,SEDAN,DIESEL,COMMERCIAL,16425.86,45,6838,GOOD,0,THIRD_PARTY,1000.0,277.19,1,3481.11
1,SEDAN,PETROL,PERSONAL,17317.93,67,18668,FAIR,0,COMPREHENSIVE,500.0,493.56,1,5645.39
15,TRUCK,PETROL,COMMERCIAL,12216.65,33,17979,FAIR,1,ZERO_DEP_PREMIUM,1000.0,577.24,0,0.0
1,SUV,PETROL,PERSONAL,31495.73,60,8259,GOOD,0,COMPREHENSIVE,500.0,897.63,0,0.0
3,HATCHBACK,PETROL,PERSONAL,16100.29,25,10756,FAIR,0,THIRD_PARTY,500.0,250.0,1,5640.35
9,SEDAN,ELECTRIC,PERSONAL,8059.96,78,21985,GOOD,1,THIRD_PARTY,1000.0,250.0,0,0.0
11,SUV,PETROL,PERSONAL,9279.28,61,16460,GOOD,0,COMPREHENSIVE,500.0,264.46,0,0.0
1,SUV,ELECTRIC,COMMERCIAL,44701.33,35,12277,EXCELLENT,0,COMPREHENSIVE,1000.0,1719.88,0,0.0
11,HATCHBACK,PETROL,PERSONAL,7798.45,71,17641,POOR,0,COMPREHENSIVE,250.0,255.59,0,0.0
12,TRUCK,DIESEL,PERSONAL,10207.79,67,10328,FAIR,0,ZERO_DEP_PREMIUM,1000.0,357.27,0,0.0
12,SEDAN,DIESEL,RIDESHARE,10071.49,46,13209,EXCELLENT,0,THIRD_PARTY,2000.0,250.0,0,0.0
7,SUV,ELECTRIC,PERSONAL,15906.77,57,11105,GOOD,0,COMPREHENSIVE,500.0,453.34,0,0.0
9,SEDAN,PETROL,PERSONAL,13251.0,33,15684,GOOD,0,ZERO_DEP_PREMIUM,500.0,463.78,0,0.0
6,SUV,PETROL,PERSONAL,26742.14,47,15659,GOOD,1,ZERO_DEP_PREMIUM,500.0,935.97,0,0.0
6,SEDAN,DIESEL,RIDESHARE,11377.34,66,13504,POOR,1,THIRD_PARTY,1000.0,250.0,0,0.0
2,SEDAN,PETROL,COMMERCIAL,18669.97,51,14768,EXCELLENT,0,THIRD_PARTY,500.0,315.06,0,0.0
6,SEDAN,PETROL,COMMERCIAL,10584.07,47,17615,POOR,0,COMPREHENSIVE,250.0,407.22,0,0.0
7,SUV,DIESEL,PERSONAL,13593.15,38,14598,EXCELLENT,0,COMPREHENSIVE,500.0,387.4,0,0.0
4,SEDAN,DIESEL,COMMERCIAL,12850.29,39,13514,GOOD,1,COMPREHENSIVE,500.0,494.41,0,0.0
0,HATCHBACK,DIESEL,PERSONAL,20167.64,64,14420,GOOD,0,ZERO_DEP_PREMIUM,500.0,705.87,0,0.0
14,SUV,DIESEL,COMMERCIAL,8736.8,42,17955,EXCELLENT,0,ZERO_DEP_PREMIUM,1000.0,412.81,0,0.0
0,SEDAN,ELECTRIC,PERSONAL,27176.45,39,8341,GOOD,1,THIRD_PARTY,500.0,339.71,0,0.0
11,HATCHBACK,ELECTRIC,PERSONAL,7095.83,73,14371,FAIR,0,COMPREHENSIVE,500.0,250.0,0,0.0
10,SEDAN,DIESEL,PERSONAL,10595.22,45,4008,GOOD,2,THIRD_PARTY,500.0,250.0,0,0.0
15,SUV,DIESEL,PERSONAL,8752.12,56,11227,EXCELLENT,0,ZERO_DEP_PREMIUM,500.0,306.32,0,0.0
15,SUV,HYBRID,PERSONAL,6194.68,50,20982,GOOD,0,THIRD_PARTY,500.0,250.0,0,0.0
13,SEDAN,PETROL,RIDESHARE,8374.65,19,8943,FAIR,1,ZERO_DEP_PREMIUM,500.0,549.59,0,0.0
3,SEDAN,PETROL,PERSONAL,15425.84,21,5158,POOR,0,COMPREHENSIVE,1000.0,549.55,0,0.0
1,SEDAN,ELECTRIC,COMMERCIAL,29226.1,33,8244,EXCELLENT,0,COMPREHENSIVE,1000.0,1124.47,0,0.0
6,TRUCK,DIESEL,PERSONAL,21998.3,29,15706,POOR,2,COMPREHENSIVE,250.0,626.95,0,0.0
15,SUV,PETROL,COMMERCIAL,10252.4,34,11908,GOOD,0,COMPREHENSIVE,1000.0,394.46,1,790.8
12,SUV,HYBRID,COMMERCIAL,13377.84,73,7971,EXCELLENT,1,THIRD_PARTY,500.0,259.61,0,0.0
2,SUV,PETROL,PERSONAL,33736.98,53,17935,POOR,2,COMPREHENSIVE,1000.0,961.5,1,8476.9
11,SEDAN,ELECTRIC,PERSONAL,8171.22,33,14422,EXCELLENT,0,COMPREHENSIVE,250.0,250.0,0,0.0
3,SUV,ELECTRIC,PERSONAL,24062.02,56,7295,FAIR,0,ZERO_DEP_PREMIUM,1000.0,842.17,0,0.0
8,HATCHBACK,CNG,PERSONAL,9812.35,40,11502,FAIR,0,COMPREHENSIVE,1000.0,279.65,0,0.0
1,SEDAN,PETROL,PERSONAL,16774.12,25,22096,GOOD,0,COMPREHENSIVE,500.0,478.06,0,0.0
11,SEDAN,DIESEL,COMMERCIAL,7620.24,74,11106,GOOD,0,ZERO_DEP_PREMIUM,2000.0,414.06,1,1548.18
7,SEDAN,PETROL,RIDESHARE,15143.74,26,4876,GOOD,0,ZERO_DEP_PREMIUM,1000.0,795.05,0,0.0
0,SUV,PETROL,PERSONAL,45789.57,31,14615,EXCELLENT,0,THIRD_PARTY,500.0,572.37,0,0.0
2,COMMERCIAL_VAN,PETROL,PERSONAL,29920.9,72,14221,FAIR,1,COMPREHENSIVE,500.0,980.66,0,0.0
3,SEDAN,DIESEL,COMMERCIAL,22676.96,26,18496,POOR,0,THIRD_PARTY,1000.0,382.67,0,0.0
13,SUV,DIESEL,PERSONAL,11515.18,64,10736,GOOD,0,COMPREHENSIVE,250.0,328.18,0,0.0
5,SEDAN,PETROL,PERSONAL,12090.39,70,14487,POOR,0,ZERO_DEP_PREMIUM,250.0,486.64,0,0.0
0,COMMERCIAL_VAN,DIESEL,COMMERCIAL,43138.56,43,13609,GOOD,2,ZERO_DEP_PREMIUM,1000.0,2038.3,0,0.0
13,SEDAN,ELECTRIC,PERSONAL,9687.77,53,12471,GOOD,0,ZERO_DEP_PREMIUM,500.0,339.07,1,3640.49
7,SUV,ELECTRIC,PERSONAL,25946.41,20,13956,GOOD,1,COMPREHENSIVE,500.0,924.34,0,0.0
1,HATCHBACK,HYBRID,COMMERCIAL,10494.09,71,15208,EXCELLENT,0,THIRD_PARTY,500.0,250.0,0,0.0
15,HATCHBACK,PETROL,PERSONAL,4518.17,27,14976,POOR,0,THIRD_PARTY,500.0,250.0,0,0.0
4,SUV,CNG,COMMERCIAL,24444.68,76,16631,FAIR,1,COMPREHENSIVE,250.0,1081.59,0,0.0
5,SEDAN,HYBRID,PERSONAL,11468.55,42,3000,FAIR,0,THIRD_PARTY,1000.0,250.0,0,0.0
7,SUV,PETROL,PERSONAL,21022.82,21,5770,GOOD,1,THIRD_PARTY,500.0,328.48,0,0.0
2,SEDAN,PETROL,RIDESHARE,16916.57,47,13460,FAIR,1,COMPREHENSIVE,1000.0,723.18,1,1030.85
11,SEDAN,PETROL,PERSONAL,8891.08,67,13021,GOOD,0,THIRD_PARTY,1000.0,250.0,0,0.0
15,SUV,PETROL,COMMERCIAL,7724.37,28,7924,GOOD,0,COMPREHENSIVE,500.0,297.2,0,0.0
8,SEDAN,DIESEL,COMMERCIAL,11649.65,68,10993,POOR,1,ZERO_DEP_PREMIUM,1000.0,550.45,1,1077.58
11,SEDAN,DIESEL,PERSONAL,9627.15,36,8780,GOOD,0,THIRD_PARTY,250.0,250.0,0,0.0
4,SUV,ELECTRIC,PERSONAL,23488.35,67,15144,GOOD,0,ZERO_DEP_PREMIUM,250.0,822.09,1,3069.19
7,COMMERCIAL_VAN,DIESEL,PERSONAL,21343.61,30,8487,EXCELLENT,0,ZERO_DEP_PREMIUM,500.0,747.03,0,0.0
3,SUV,PETROL,COMMERCIAL,23521.94,74,13466,POOR,0,COMPREHENSIVE,500.0,1040.76,0,0.0
11,SEDAN,HYBRID,PERSONAL,10547.28,53,17112,EXCELLENT,0,ZERO_DEP_PREMIUM,500.0,369.15,0,0.0
8,SEDAN,PETROL,PERSONAL,15865.61,20,8580,EXCELLENT,0,COMPREHENSIVE,1000.0,565.21,0,0.0
7,COMMERCIAL_VAN,CNG,PERSONAL,16825.83,65,6467,EXCELLENT,0,ZERO_DEP_PREMIUM,500.0,588.9,0,0.0
4,SEDAN,PETROL,PERSONAL,18819.28,31,9074,GOOD,0,ZERO_DEP_PREMIUM,1000.0,658.67,0,0.0
2,SEDAN,CNG,COMMERCIAL,24848.1,27,8584,EXCELLENT,0,ZERO_DEP_PREMIUM,1000.0,1174.07,0,0.0
0,SUV,PETROL,COMMERCIAL,39428.58,55,12681,FAIR,0,THIRD_PARTY,500.0,665.36,0,0.0
14,SUV,PETROL,RIDESHARE,9190.08,57,4843,GOOD,0,ZERO_DEP_PREMIUM,1000.0,482.48,0,0.0
4,SUV,PETROL,PERSONAL,28378.67,44,19727,FAIR,0,ZERO_DEP_PREMIUM,1000.0,993.25,0,0.0
4,SEDAN,ELECTRIC,COMMERCIAL,12833.17,41,6846,EXCELLENT,0,ZERO_DEP_PREMIUM,1000.0,606.37,0,0.0
3,SEDAN,HYBRID,PERSONAL,18788.25,33,6428,EXCELLENT,0,THIRD_PARTY,1000.0,250.0,0,0.0
9,COMMERCIAL_VAN,PETROL,PERSONAL,17445.62,27,12776,FAIR,1,THIRD_PARTY,1000.0,250.0,1,6985.7
9,SEDAN,HYBRID,PERSONAL,7948.86,71,11946,GOOD,1,COMPREHENSIVE,500.0,260.52,0,0.0
7,SUV,DIESEL,RIDESHARE,19633.17,70,18670,EXCELLENT,0,COMPREHENSIVE,500.0,965.22,1,2409.14
2,HATCHBACK,DIESEL,COMMERCIAL,15342.75,44,11267,POOR,0,THIRD_PARTY,1000.0,258.91,0,0.0
11,SUV,ELECTRIC,RIDESHARE,15709.88,24,11217,EXCELLENT,0,ZERO_DEP_PREMIUM,500.0,1030.96,0,0.0
9,SEDAN,PETROL,COMMERCIAL,8671.32,68,15414,EXCELLENT,0,COMPREHENSIVE,1000.0,333.63,0,0.0
8,SEDAN,PETROL,COMMERCIAL,17036.44,45,16763,GOOD,0,COMPREHENSIVE,2000.0,655.48,0,0.0
15,SUV,HYBRID,PERSONAL,9835.86,43,3748,EXCELLENT,0,COMPREHENSIVE,250.0,280.32,0,0.0
2,TRUCK,HYBRID,COMMERCIAL,34768.91,35,12794,EXCELLENT,1,COMPREHENSIVE,250.0,1337.73,0,0.0
3,TRUCK,CNG,PERSONAL,28991.43,30,22197,FAIR,0,COMPREHENSIVE,250.0,826.26,0,0.0
5,SEDAN,HYBRID,PERSONAL,17864.0,25,9694,EXCELLENT,0,COMPREHENSIVE,1000.0,509.12,1,2602.9
8,SEDAN,PETROL,PERSONAL,16104.81,44,13175,EXCELLENT,0,COMPREHENSIVE,250.0,458.99,0,0.0
9,TRUCK,ELECTRIC,PERSONAL,20041.41,77,17088,FAIR,0,COMPREHENSIVE,500.0,656.86,1,1862.38
1,HATCHBACK,PETROL,PERSONAL,16933.72,31,14688,GOOD,0,COMPREHENSIVE,250.0,482.61,0,0.0
1,TRUCK,CNG,PERSONAL,38053.52,58,7771,EXCELLENT,0,COMPREHENSIVE,500.0,1084.53,0,0.0
1,SEDAN,DIESEL,PERSONAL,22990.58,61,12196,GOOD,2,COMPREHENSIVE,1000.0,655.23,0,0.0
4,SUV,DIESEL,RIDESHARE,22226.25,23,6920,EXCELLENT,0,COMPREHENSIVE,1000.0,1187.72,1,5772.01
5,HATCHBACK,DIESEL,COMMERCIAL,11920.97,37,7690,GOOD,1,COMPREHENSIVE,500.0,458.66,1,2870.95
2,SUV,PETROL,PERSONAL,28363.69,71,17489,GOOD,0,COMPREHENSIVE,2000.0,929.62,1,2907.67
2,SUV,PETROL,PERSONAL,24848.01,45,16352,POOR,0,COMPREHENSIVE,500.0,708.17,0,0.0
1,SEDAN,HYBRID,PERSONAL,22680.01,40,20536,GOOD,0,COMPREHENSIVE,1000.0,646.38,0,0.0
10,SUV,ELECTRIC,PERSONAL,18192.14,29,16656,FAIR,0,COMPREHENSIVE,2000.0,518.48,0,0.0
5,SEDAN,PETROL,PERSONAL,19742.0,41,11861,EXCELLENT,1,COMPREHENSIVE,500.0,562.65,0,0.0
0,SUV,ELECTRIC,RIDESHARE,33632.95,68,7936,GOOD,0,COMPREHENSIVE,500.0,1437.81,1,2427.76
8,COMMERCIAL_VAN,DIESEL,PERSONAL,23851.73,61,18787,EXCELLENT,0,COMPREHENSIVE,500.0,679.77,0,0.0
14,SUV,PETROL,PERSONAL,7233.04,39,15316,GOOD,0,THIRD_PARTY,500.0,250.0,0,0.0
10,HATCHBACK,PETROL,PERSONAL,4578.46,43,16099,GOOD,0,THIRD_PARTY,1000.0,250.0,0,0.0
9,SEDAN,HYBRID,PERSONAL,8781.1,39,15079,POOR,1,THIRD_PARTY,1000.0,250.0,0,0.0
3,SUV,ELECTRIC,PERSONAL,21201.46,75,17838,POOR,0,ZERO_DEP_PREMIUM,250.0,853.36,0,0.0
13,COMMERCIAL_VAN,DIESEL,PERSONAL,8491.46,24,5643,GOOD,1,COMPREHENSIVE,1000.0,302.51,0,0.0
1,SEDAN,DIESEL,RIDESHARE,27515.16,32,7037,EXCELLENT,0,COMPREHENSIVE,500.0,1176.27,1,7086.03
12,SEDAN,PETROL,PERSONAL,9395.43,65,8576,GOOD,0,ZERO_DEP_PREMIUM,500.0,328.84,0,0.0
15,SUV,DIESEL,PERSONAL,10089.62,47,14138,FAIR,0,THIRD_PARTY,1000.0,250.0,0,0.0
11,SEDAN,PETROL,PERSONAL,10889.13,21,10442,EXCELLENT,1,COMPREHENSIVE,500.0,387.93,1,2332.16
5,HATCHBACK,PETROL,PERSONAL,12279.11,23,17577,GOOD,0,COMPREHENSIVE,500.0,437.44,0,0.0
4,TRUCK,DIESEL,PERSONAL,25496.89,65,12425,EXCELLENT,0,ZERO_DEP_PREMIUM,1000.0,892.39,0,0.0
2,SUV,HYBRID,PERSONAL,33854.42,64,22934,EXCELLENT,1,ZERO_DEP_PREMIUM,500.0,1184.9,0,0.0
12,SEDAN,PETROL,PERSONAL,9273.39,19,20211,EXCELLENT,0,COMPREHENSIVE,500.0,330.36,0,0.0
2,SUV,PETROL,PERSONAL,40560.53,48,13126,POOR,0,COMPREHENSIVE,1000.0,1155.98,0,0.0
4,HATCHBACK,DIESEL,PERSONAL,9465.07,41,6388,EXCELLENT,1,ZERO_DEP_PREMIUM,500.0,331.28,0,0.0
3,SEDAN,HYBRID,PERSONAL,14520.38,52,15600,EXCELLENT,0,ZERO_DEP_PREMIUM,1000.0,508.21,0,0.0
4,SUV,ELECTRIC,PERSONAL,28573.87,64,7490,POOR,0,ZERO_DEP_PREMIUM,1000.0,1000.09,0,0.0
1,SUV,HYBRID,PERSONAL,39905.64,48,8114,GOOD,0,THIRD_PARTY,250.0,498.82,0,0.0
10,SUV,DIESEL,PERSONAL,12592.37,42,10726,FAIR,0,COMPREHENSIVE,250.0,358.88,0,0.0
0,SEDAN,ELECTRIC,PERSONAL,28589.44,25,10641,GOOD,1,ZERO_DEP_PREMIUM,1000.0,1000.63,0,0.0
4,HATCHBACK,PETROL,PERSONAL,8137.66,29,14986,GOOD,0,THIRD_PARTY,1000.0,250.0,0,0.0
10,SEDAN,PETROL,PERSONAL,13891.57,71,13973,EXCELLENT,0,ZERO_DEP_PREMIUM,500.0,559.14,0,0.0
0,SEDAN,PETROL,PERSONAL,20200.63,75,7958,GOOD,0,THIRD_PARTY,500.0,290.38,0,0.0
2,TRUCK,DIESEL,PERSONAL,27228.9,19,11169,GOOD,1,COMPREHENSIVE,1000.0,970.03,0,0.0
7,HATCHBACK,HYBRID,PERSONAL,6043.02,32,6380,GOOD,0,ZERO_DEP_PREMIUM,1000.0,250.0,1,569.61
14,SEDAN,HYBRID,RIDESHARE,6936.77,57,14308,GOOD,0,COMPREHENSIVE,500.0,296.55,1,1691.62
10,SEDAN,PETROL,COMMERCIAL,7775.98,76,4129,FAIR,2,COMPREHENSIVE,1000.0,344.06,0,0.0
7,SEDAN,PETROL,COMMERCIAL,16408.5,49,11443,GOOD,1,COMPREHENSIVE,500.0,631.32,0,0.0
8,SEDAN,PETROL,COMMERCIAL,16251.7,71,9592,GOOD,0,COMPREHENSIVE,1000.0,719.08,0,0.0
0,SEDAN,PETROL,RIDESHARE,22935.98,28,14954,EXCELLENT,0,COMPREHENSIVE,1000.0,980.51,0,0.0
3,SEDAN,DIESEL,COMMERCIAL,22338.61,34,8859,FAIR,2,COMPREHENSIVE,2000.0,859.48,1,5242.26
5,SUV,HYBRID,PERSONAL,16391.41,71,8675,GOOD,1,ZERO_DEP_PREMIUM,2000.0,659.75,0,0.0
6,HATCHBACK,CNG,PERSONAL,8818.74,78,14283,GOOD,0,THIRD_PARTY,500.0,250.0,0,0.0
4,SUV,DIESEL,PERSONAL,22343.19,38,14523,GOOD,0,COMPREHENSIVE,500.0,636.78,0,0.0
12,SUV,ELECTRIC,PERSONAL,9984.23,39,7791,FAIR,1,THIRD_PARTY,500.0,250.0,0,0.0
6,SEDAN,DIESEL,RIDESHARE,16998.58,78,15149,POOR,2,COMPREHENSIVE,1000.0,835.69,0,0.0
10,COMMERCIAL_VAN,PETROL,PERSONAL,11707.43,50,23555,EXCELLENT,0,ZERO_DEP_PREMIUM,250.0,409.76,1,4154.08
14,HATCHBACK,DIESEL,COMMERCIAL,5565.14,69,10378,FAIR,0,THIRD_PARTY,500.0,250.0,0,0.0
9,HATCHBACK,DIESEL,PERSONAL,7979.25,72,6971,EXCELLENT,1,COMPREHENSIVE,2000.0,261.52,0,0.0
7,HATCHBACK,ELECTRIC,PERSONAL,9901.26,46,12749,EXCELLENT,0,ZERO_DEP_PREMIUM,500.0,346.54,0,0.0
9,TRUCK,PETROL,PERSONAL,25508.3,32,6282,FAIR,0,COMPREHENSIVE,500.0,726.99,0,0.0
5,SUV,PETROL,PERSONAL,30545.0,38,11335,EXCELLENT,0,COMPREHENSIVE,2000.0,870.53,0,0.0
10,SEDAN,PETROL,PERSONAL,10997.14,71,10227,EXCELLENT,0,THIRD_PARTY,500.0,250.0,0,0.0
3,SUV,CNG,COMMERCIAL,28397.25,19,15615,GOOD,1,THIRD_PARTY,500.0,599.0,0,0.0
0,HATCHBACK,PETROL,COMMERCIAL,14956.27,73,4596,FAIR,0,COMPREHENSIVE,2000.0,661.76,1,4058.48
10,HATCHBACK,ELECTRIC,COMMERCIAL,7482.4,59,5395,EXCELLENT,0,ZERO_DEP_PREMIUM,500.0,353.54,0,0.0
15,SUV,ELECTRIC,PERSONAL,9419.69,69,14217,EXCELLENT,1,COMPREHENSIVE,500.0,308.73,0,0.0
4,SEDAN,PETROL,COMMERCIAL,24123.52,55,14940,EXCELLENT,1,ZERO_DEP_PREMIUM,1000.0,1139.84,0,0.0
9,SEDAN,DIESEL,PERSONAL,9646.82,20,3000,EXCELLENT,0,COMPREHENSIVE,1000.0,343.67,0,0.0
15,TRUCK,HYBRID,PERSONAL,9806.79,42,19343,EXCELLENT,1,ZERO_DEP_PREMIUM,250.0,343.24,0,0.0
9,SUV,DIESEL,COMMERCIAL,14192.5,30,16440,POOR,1,ZERO_DEP_PREMIUM,500.0,670.6,0,0.0
9,SUV,HYBRID,PERSONAL,19475.58,41,9477,EXCELLENT,0,THIRD_PARTY,1000.0,250.0,0,0.0
3,SEDAN,PETROL,PERSONAL,15073.33,48,12930,GOOD,0,COMPREHENSIVE,500.0,429.59,0,0.0
4,SEDAN,PETROL,PERSONAL,18167.44,32,3631,POOR,0,THIRD_PARTY,500.0,250.0,0,0.0
3,TRUCK,HYBRID,COMMERCIAL,33134.13,23,15668,GOOD,0,COMPREHENSIVE,500.0,1593.54,0,0.0
8,SUV,ELECTRIC,PERSONAL,12717.09,58,8691,EXCELLENT,0,COMPREHENSIVE,2000.0,362.44,0,0.0
2,HATCHBACK,CNG,PERSONAL,13084.75,27,10898,GOOD,0,COMPREHENSIVE,250.0,372.92,1,1548.21
2,SUV,DIESEL,PERSONAL,31581.35,26,12005,POOR,0,COMPREHENSIVE,250.0,900.07,0,0.0
14,SUV,HYBRID,COMMERCIAL,7167.58,67,17937,GOOD,0,COMPREHENSIVE,250.0,275.77,0,0.0
9,SEDAN,ELECTRIC,COMMERCIAL,11759.29,58,14602,GOOD,1,THIRD_PARTY,1000.0,250.0,0,0.0
6,HATCHBACK,ELECTRIC,PERSONAL,12461.02,73,10882,EXCELLENT,0,THIRD_PARTY,250.0,250.0,0,0.0
1,SUV,DIESEL,PERSONAL,45380.46,67,9848,GOOD,1,THIRD_PARTY,500.0,567.26,0,0.0
8,SUV,PETROL,PERSONAL,18150.96,58,13514,EXCELLENT,0,COMPREHENSIVE,1000.0,517.3,0,0.0
7,SUV,HYBRID,PERSONAL,19730.16,22,12115,FAIR,1,COMPREHENSIVE,250.0,702.89,0,0.0
11,TRUCK,PETROL,PERSONAL,14030.75,62,11411,GOOD,1,THIRD_PARTY,500.0,250.0,0,0.0
13,SEDAN,DIESEL,PERSONAL,10666.27,61,12527,GOOD,0,ZERO_DEP_PREMIUM,500.0,373.32,0,0.0
5,HATCHBACK,PETROL,PERSONAL,8905.79,58,11283,FAIR,0,COMPREHENSIVE,500.0,253.82,0,0.0
13,SEDAN,DIESEL,COMMERCIAL,7759.71,36,5456,EXCELLENT,0,COMPREHENSIVE,1000.0,298.55,0,0.0
12,SUV,DIESEL,PERSONAL,8150.23,37,12241,FAIR,0,ZERO_DEP_PREMIUM,250.0,285.26,0,0.0
8,SEDAN,PETROL,COMMERCIAL,11547.53,50,12402,GOOD,0,ZERO_DEP_PREMIUM,1000.0,545.62,0,0.0
10,SEDAN,HYBRID,COMMERCIAL,7593.7,60,13098,GOOD,0,THIRD_PARTY,1000.0,250.0,0,0.0
2,SUV,PETROL,COMMERCIAL,36390.34,54,7984,EXCELLENT,1,COMPREHENSIVE,500.0,1400.12,0,0.0
3,SEDAN,DIESEL,PERSONAL,21409.3,48,8900,GOOD,0,ZERO_DEP_PREMIUM,1000.0,749.33,0,0.0
6,SUV,PETROL,PERSONAL,22498.26,56,19876,GOOD,2,THIRD_PARTY,500.0,281.23,0,0.0
0,TRUCK,PETROL,RIDESHARE,39624.55,30,9167,GOOD,1,THIRD_PARTY,1000.0,742.96,1,3486.95
12,SEDAN,PETROL,PERSONAL,10651.72,72,14791,GOOD,0,COMPREHENSIVE,500.0,349.11,0,0.0
0,HATCHBACK,ELECTRIC,PERSONAL,11236.63,55,8914,EXCELLENT,0,COMPREHENSIVE,250.0,320.24,0,0.0
0,SUV,PETROL,PERSONAL,33606.75,62,3990,GOOD,0,THIRD_PARTY,250.0,420.08,0,0.0
11,SUV,HYBRID,PERSONAL,14819.46,23,12032,GOOD,0,COMPREHENSIVE,500.0,527.94,0,0.0
7,SEDAN,PETROL,RIDESHARE,17944.11,64,15257,GOOD,0,COMPREHENSIVE,2000.0,767.11,0,0.0
12,SEDAN,PETROL,PERSONAL,7246.03,25,10998,GOOD,0,ZERO_DEP_PREMIUM,500.0,253.61,0,0.0
5,SEDAN,PETROL,PERSONAL,17502.87,60,3517,GOOD,0,COMPREHENSIVE,1000.0,498.83,0,0.0
2,SEDAN,PETROL,COMMERCIAL,23179.71,27,3000,EXCELLENT,0,ZERO_DEP_PREMIUM,2000.0,1095.24,0,0.0
15,SEDAN,ELECTRIC,RIDESHARE,8289.0,58,17691,GOOD,1,COMPREHENSIVE,500.0,354.35,0,0.0
9,SUV,HYBRID,PERSONAL,11328.6,21,12435,GOOD,0,COMPREHENSIVE,500.0,403.58,0,0.0
6,TRUCK,DIESEL,PERSONAL,24914.61,31,15232,GOOD,2,COMPREHENSIVE,500.0,710.07,0,0.0
5,HATCHBACK,PETROL,PERSONAL,8264.44,21,13542,FAIR,0,THIRD_PARTY,1000.0,250.0,1,5080.88
4,SUV,PETROL,PERSONAL,17652.99,41,7323,FAIR,1,THIRD_PARTY,250.0,250.0,0,0.0
2,SEDAN,DIESEL,COMMERCIAL,17287.39,64,11348,EXCELLENT,0,THIRD_PARTY,500.0,291.72,0,0.0
13,SEDAN,CNG,PERSONAL,10556.01,38,4863,GOOD,0,THIRD_PARTY,500.0,250.0,1,1105.03
15,SEDAN,PETROL,PERSONAL,5372.97,27,16756,GOOD,0,COMPREHENSIVE,1000.0,250.0,1,223.16
15,SEDAN,ELECTRIC,PERSONAL,8558.16,63,13936,GOOD,2,ZERO_DEP_PREMIUM,250.0,299.54,1,551.08
3,SUV,PETROL,PERSONAL,22887.77,42,15832,POOR,1,THIRD_PARTY,1000.0,286.1,0,0.0
14,SUV,PETROL,PERSONAL,12996.57,23,18308,GOOD,0,COMPREHENSIVE,500.0,463.0,0,0.0
12,SEDAN,DIESEL,PERSONAL,9711.06,33,10896,FAIR,0,ZERO_DEP_PREMIUM,1000.0,339.89,0,0.0
12,SEDAN,PETROL,COMMERCIAL,6533.54,74,9163,POOR,0,THIRD_PARTY,1000.0,250.0,0,0.0
10,HATCHBACK,ELECTRIC,PERSONAL,6899.46,61,12023,EXCELLENT,0,ZERO_DEP_PREMIUM,500.0,250.0,0,0.0
10,HATCHBACK,PETROL,RIDESHARE,5750.65,45,18204,EXCELLENT,1,ZERO_DEP_PREMIUM,500.0,301.91,1,208.68
0,SEDAN,ELECTRIC,PERSONAL,25173.39,53,5451,GOOD,1,THIRD_PARTY,1000.0,314.67,0,0.0
15,TRUCK,PETROL,PERSONAL,10779.18,50,12593,EXCELLENT,0,ZERO_DEP_PREMIUM,2000.0,377.27,0,0.0
8,COMMERCIAL_VAN,CNG,PERSONAL,17796.24,47,16122,EXCELLENT,1,ZERO_DEP_PREMIUM,1000.0,622.87,0,0.0
4,SEDAN,PETROL,PERSONAL,20769.15,53,13885,POOR,0,THIRD_PARTY,1000.0,259.61,0,0.0
1,SEDAN,HYBRID,PERSONAL,29287.71,42,17329,POOR,0,ZERO_DEP_PREMIUM,1000.0,1025.07,0,0.0
11,SUV,ELECTRIC,PERSONAL,11869.68,30,5592,GOOD,0,COMPREHENSIVE,500.0,338.29,0,0.0
10,TRUCK,CNG,COMMERCIAL,23080.85,56,17392,FAIR,0,ZERO_DEP_PREMIUM,1000.0,1090.57,0,0.0
8,TRUCK,DIESEL,COMMERCIAL,28076.32,32,9691,EXCELLENT,0,COMPREHENSIVE,250.0,1080.24,1,9901.73
11,SEDAN,ELECTRIC,PERSONAL,6711.94,55,3071,GOOD,0,COMPREHENSIVE,500.0,250.0,0,0.0
6,SUV,PETROL,PERSONAL,14523.65,47,11029,EXCELLENT,0,COMPREHENSIVE,1000.0,413.92,1,7796.67
13,SUV,PETROL,COMMERCIAL,10538.38,31,8724,GOOD,1,COMPREHENSIVE,2000.0,405.46,1,1882.88
13,SUV,PETROL,PERSONAL,11762.83,67,11761,GOOD,0,ZERO_DEP_PREMIUM,2000.0,411.7,0,0.0
7,SEDAN,PETROL,RIDESHARE,12018.76,21,5660,GOOD,2,ZERO_DEP_PREMIUM,250.0,788.73,0,0.0
12,TRUCK,CNG,COMMERCIAL,12508.81,18,11945,EXCELLENT,0,COMPREHENSIVE,1000.0,601.6,1,610.62
2,SUV,PETROL,PERSONAL,35023.67,78,9912,EXCELLENT,0,ZERO_DEP_PREMIUM,1000.0,1409.7,0,0.0
15,HATCHBACK,DIESEL,PERSONAL,4500.0,20,21445,GOOD,1,ZERO_DEP_PREMIUM,500.0,250.0,0,0.0
13,TRUCK,DIESEL,PERSONAL,10549.07,62,13282,GOOD,0,ZERO_DEP_PREMIUM,250.0,369.22,0,0.0
6,HATCHBACK,DIESEL,COMMERCIAL,11985.68,67,13527,GOOD,0,COMPREHENSIVE,500.0,461.15,0,0.0
10,SUV,DIESEL,PERSONAL,16486.09,78,11473,EXCELLENT,1,COMPREHENSIVE,500.0,540.33,0,0.0
0,SUV,PETROL,COMMERCIAL,34336.92,53,18113,FAIR,0,COMPREHENSIVE,1000.0,1321.11,0,0.0
5,SEDAN,DIESEL,PERSONAL,19121.57,21,14683,EXCELLENT,2,COMPREHENSIVE,250.0,681.21,0,0.0
9,SUV,PETROL,PERSONAL,11998.66,60,19309,FAIR,2,ZERO_DEP_PREMIUM,500.0,419.95,1,4173.98
5,SEDAN,HYBRID,PERSONAL,16675.55,31,17244,EXCELLENT,2,THIRD_PARTY,250.0,250.0,0,0.0
10,SUV,ELECTRIC,PERSONAL,11471.58,42,10766,GOOD,0,COMPREHENSIVE,500.0,326.94,1,2384.01
9,SEDAN,CNG,PERSONAL,8111.0,56,15783,GOOD,0,THIRD_PARTY,500.0,250.0,0,0.0
11,SEDAN,PETROL,PERSONAL,8631.55,78,16163,FAIR,0,ZERO_DEP_PREMIUM,500.0,347.42,0,0.0
5,SEDAN,PETROL,PERSONAL,13069.35,20,16751,GOOD,1,THIRD_PARTY,1000.0,250.0,0,0.0
2,SEDAN,PETROL,PERSONAL,24619.44,24,14306,EXCELLENT,2,COMPREHENSIVE,250.0,877.07,0,0.0
5,HATCHBACK,PETROL,PERSONAL,11700.33,25,6454,FAIR,0,COMPREHENSIVE,500.0,333.46,0,0.0
13,HATCHBACK,PETROL,PERSONAL,4500.0,61,12368,GOOD,0,THIRD_PARTY,1000.0,250.0,0,0.0
2,SUV,DIESEL,PERSONAL,21381.75,24,12999,FAIR,0,COMPREHENSIVE,2000.0,761.72,0,0.0
9,SEDAN,PETROL,PERSONAL,13962.99,73,12819,FAIR,0,ZERO_DEP_PREMIUM,1000.0,562.01,0,0.0
8,SEDAN,DIESEL,COMMERCIAL,8576.2,65,17663,GOOD,0,THIRD_PARTY,1000.0,250.0,0,0.0
6,SEDAN,HYBRID,COMMERCIAL,13889.64,42,9605,POOR,1,ZERO_DEP_PREMIUM,2000.0,656.29,0,0.0
13,SEDAN,DIESEL,PERSONAL,7982.33,34,13112,GOOD,0,THIRD_PARTY,1000.0,250.0,0,0.0
12,TRUCK,PETROL,PERSONAL,18063.2,43,12186,GOOD,0,COMPREHENSIVE,2000.0,514.8,0,0.0
3,SEDAN,PETROL,COMMERCIAL,25215.82,71,15575,GOOD,0,ZERO_DEP_PREMIUM,1000.0,1370.16,1,8953.54
2,SEDAN,DIESEL,COMMERCIAL,25997.29,21,20645,GOOD,0,COMPREHENSIVE,1000.0,1250.31,1,5893.62
5,SEDAN,PETROL,COMMERCIAL,14164.9,66,15301,GOOD,0,COMPREHENSIVE,500.0,544.99,0,0.0
14,SEDAN,DIESEL,PERSONAL,8360.39,35,15003,FAIR,0,THIRD_PARTY,500.0,250.0,0,0.0
8,SUV,PETROL,PERSONAL,14771.94,75,7910,GOOD,2,COMPREHENSIVE,2000.0,484.15,1,840.53
2,SUV,HYBRID,PERSONAL,25346.59,21,5553,GOOD,1,THIRD_PARTY,250.0,396.04,0,0.0
7,SEDAN,ELECTRIC,COMMERCIAL,14550.82,34,13650,GOOD,1,ZERO_DEP_PREMIUM,2000.0,687.53,1,3467.91
5,SEDAN,DIESEL,PERSONAL,19067.4,64,11660,EXCELLENT,0,COMPREHENSIVE,500.0,543.42,0,0.0
3,SUV,PETROL,PERSONAL,19997.44,71,14571,EXCELLENT,0,COMPREHENSIVE,250.0,655.42,0,0.0
4,SEDAN,PETROL,PERSONAL,13229.76,34,9741,EXCELLENT,1,ZERO_DEP_PREMIUM,1000.0,463.04,0,0.0
2,SEDAN,ELECTRIC,PERSONAL,26889.99,62,18813,GOOD,1,ZERO_DEP_PREMIUM,500.0,941.15,0,0.0
13,COMMERCIAL_VAN,DIESEL,PERSONAL,14514.94,42,7117,FAIR,0,COMPREHENSIVE,1000.0,413.68,0,0.0
1,SUV,PETROL,PERSONAL,36793.04,75,11617,GOOD,0,ZERO_DEP_PREMIUM,250.0,1480.92,0,0.0
8,SUV,PETROL,PERSONAL,16932.13,20,10738,POOR,1,THIRD_PARTY,2000.0,264.56,0,0.0
12,SUV,PETROL,PERSONAL,14995.75,29,17439,EXCELLENT,0,COMPREHENSIVE,1000.0,427.38,0,0.0
2,SUV,ELECTRIC,PERSONAL,36077.16,44,11459,FAIR,1,THIRD_PARTY,250.0,450.96,0,0.0
5,SUV,PETROL,PERSONAL,24840.08,34,9898,GOOD,0,COMPREHENSIVE,250.0,707.94,0,0.0
4,SUV,DIESEL,PERSONAL,22806.58,71,12863,EXCELLENT,0,THIRD_PARTY,1000.0,327.84,0,0.0
9,HATCHBACK,DIESEL,PERSONAL,5741.77,39,8949,FAIR,0,ZERO_DEP_PREMIUM,2000.0,250.0,0,0.0
10,SEDAN,DIESEL,PERSONAL,10054.67,56,12399,EXCELLENT,0,COMPREHENSIVE,500.0,286.56,0,0.0
7,SUV,HYBRID,PERSONAL,16757.49,56,11916,EXCELLENT,1,THIRD_PARTY,500.0,250.0,0,0.0
4,SUV,HYBRID,PERSONAL,23143.58,75,25501,GOOD,1,COMPREHENSIVE,2000.0,758.53,0,0.0
10,TRUCK,DIESEL,PERSONAL,18178.5,60,10418,FAIR,0,COMPREHENSIVE,2000.0,518.09,0,0.0
7,SUV,PETROL,PERSONAL,15224.38,65,12097,GOOD,2,COMPREHENSIVE,1000.0,433.89,0,0.0
10,SUV,PETROL,PERSONAL,17724.53,53,13481,EXCELLENT,0,COMPREHENSIVE,1000.0,505.15,0,0.0
4,SEDAN,DIESEL,PERSONAL,14296.94,33,13729,EXCELLENT,1,COMPREHENSIVE,250.0,407.46,0,0.0
10,SUV,DIESEL,PERSONAL,14533.41,54,17194,EXCELLENT,1,COMPREHENSIVE,500.0,414.2,0,0.0
9,SEDAN,DIESEL,PERSONAL,13598.19,68,21145,EXCELLENT,0,ZERO_DEP_PREMIUM,2000.0,475.94,1,686.82
12,SEDAN,PETROL,COMMERCIAL,8715.67,71,8895,FAIR,0,COMPREHENSIVE,500.0,385.64,0,0.0
5,SEDAN,DIESEL,PERSONAL,15457.65,46,14473,POOR,1,ZERO_DEP_PREMIUM,500.0,541.02,0,0.0
14,SUV,PETROL,PERSONAL,9925.22,31,11760,POOR,1,THIRD_PARTY,500.0,250.0,1,867.38
4,SEDAN,ELECTRIC,PERSONAL,23072.6,24,13986,FAIR,0,THIRD_PARTY,500.0,360.51,1,7132.75
1,SUV,PETROL,COMMERCIAL,45644.58,58,17496,FAIR,0,THIRD_PARTY,1000.0,770.25,0,0.0
9,TRUCK,ELECTRIC,PERSONAL,21498.86,74,19824,FAIR,0,THIRD_PARTY,250.0,309.05,1,6421.23
9,SEDAN,PETROL,PERSONAL,13967.92,45,16435,POOR,0,ZERO_DEP_PREMIUM,1000.0,488.88,0,0.0
15,SUV,PETROL,PERSONAL,6212.53,30,13918,FAIR,0,COMPREHENSIVE,1000.0,250.0,0,0.0
5,SUV,ELECTRIC,PERSONAL,29569.88,33,17118,GOOD,0,COMPREHENSIVE,1000.0,842.74,0,0.0
13,SEDAN,PETROL,RIDESHARE,10436.27,38,8713,GOOD,2,COMPREHENSIVE,500.0,446.15,0,0.0
6,HATCHBACK,ELECTRIC,PERSONAL,10018.29,21,9233,GOOD,0,COMPREHENSIVE,500.0,356.9,0,0.0
14,SEDAN,DIESEL,COMMERCIAL,8523.78,56,13258,GOOD,1,THIRD_PARTY,1000.0,250.0,0,0.0
2,SUV,DIESEL,PERSONAL,31568.14,52,17736,GOOD,0,COMPREHENSIVE,1000.0,899.69,0,0.0
2,SUV,PETROL,PERSONAL,26840.65,69,11169,FAIR,0,COMPREHENSIVE,500.0,879.7,0,0.0
11,SUV,DIESEL,PERSONAL,16540.74,32,11643,GOOD,1,ZERO_DEP_PREMIUM,500.0,578.93,0,0.0
6,SUV,DIESEL,PERSONAL,22851.22,74,3579,EXCELLENT,0,COMPREHENSIVE,500.0,748.95,0,0.0
14,SEDAN,DIESEL,PERSONAL,7676.06,70,23247,GOOD,0,ZERO_DEP_PREMIUM,500.0,308.96,0,0.0
10,SEDAN,DIESEL,PERSONAL,11758.89,43,11465,FAIR,2,COMPREHENSIVE,1000.0,335.13,0,0.0
9,HATCHBACK,PETROL,PERSONAL,8895.48,63,3000,GOOD,1,THIRD_PARTY,500.0,250.0,0,0.0
3,SUV,PETROL,COMMERCIAL,32888.88,24,13252,GOOD,0,COMPREHENSIVE,500.0,1581.75,1,2548.0
14,HATCHBACK,PETROL,PERSONAL,4500.0,35,14627,FAIR,0,ZERO_DEP_PREMIUM,250.0,250.0,0,0.0
1,HATCHBACK,PETROL,PERSONAL,14949.87,42,11465,EXCELLENT,0,COMPREHENSIVE,2000.0,426.07,0,0.0
8,HATCHBACK,PETROL,PERSONAL,10429.89,54,8404,GOOD,1,THIRD_PARTY,1000.0,250.0,0,0.0
15,SUV,ELECTRIC,PERSONAL,9519.83,38,16540,EXCELLENT,0,THIRD_PARTY,500.0,250.0,0,0.0
14,SEDAN,ELECTRIC,PERSONAL,9420.19,69,16024,FAIR,0,THIRD_PARTY,250.0,250.0,0,0.0
13,HATCHBACK,PETROL,PERSONAL,5959.95,25,14867,FAIR,1,COMPREHENSIVE,1000.0,250.0,1,402.58
12,SUV,CNG,RIDESHARE,13538.74,76,9060,GOOD,1,ZERO_DEP_PREMIUM,500.0,817.4,0,0.0
8,SEDAN,DIESEL,PERSONAL,11548.67,37,9760,POOR,0,COMPREHENSIVE,1000.0,329.14,0,0.0
5,TRUCK,HYBRID,PERSONAL,25069.27,35,10922,POOR,1,COMPREHENSIVE,1000.0,714.47,0,0.0
13,TRUCK,ELECTRIC,PERSONAL,14853.8,70,10634,FAIR,0,COMPREHENSIVE,500.0,486.83,0,0.0
15,SUV,ELECTRIC,COMMERCIAL,8772.73,36,15314,FAIR,0,COMPREHENSIVE,500.0,337.53,0,0.0
1,SEDAN,PETROL,PERSONAL,29790.96,69,10723,FAIR,1,THIRD_PARTY,250.0,428.25,0,0.0
2,SUV,PETROL,PERSONAL,36737.42,20,8225,GOOD,0,ZERO_DEP_PREMIUM,2000.0,1607.26,0,0.0
4,HATCHBACK,PETROL,RIDESHARE,10077.68,72,14404,GOOD,0,COMPREHENSIVE,1000.0,495.44,0,0.0
10,TRUCK,ELECTRIC,COMMERCIAL,20422.56,55,23194,EXCELLENT,0,COMPREHENSIVE,2000.0,785.76,1,3120.54
10,SEDAN,PETROL,PERSONAL,10592.44,35,8959,EXCELLENT,0,COMPREHENSIVE,250.0,301.88,0,0.0
14,SEDAN,ELECTRIC,RIDESHARE,6431.42,44,9306,FAIR,0,THIRD_PARTY,500.0,250.0,0,0.0
4,TRUCK,PETROL,PERSONAL,29843.39,32,11949,EXCELLENT,0,COMPREHENSIVE,1000.0,850.54,0,0.0
12,SUV,ELECTRIC,PERSONAL,15402.35,63,15903,GOOD,1,COMPREHENSIVE,250.0,438.97,0,0.0
8,SUV,PETROL,PERSONAL,16110.78,73,15045,EXCELLENT,2,COMPREHENSIVE,1000.0,528.03,1,9821.83
9,COMMERCIAL_VAN,PETROL,COMMERCIAL,14654.38,38,11968,GOOD,0,COMPREHENSIVE,1000.0,563.83,0,0.0
2,SEDAN,PETROL,PERSONAL,20373.65,39,10537,GOOD,0,COMPREHENSIVE,2000.0,580.65,0,0.0
15,SUV,PETROL,PERSONAL,7438.09,25,21946,FAIR,0,COMPREHENSIVE,250.0,250.0,0,0.0
1,SEDAN,PETROL,RIDESHARE,25582.24,28,17647,POOR,0,ZERO_DEP_PREMIUM,1000.0,1343.07,0,0.0
9,SEDAN,ELECTRIC,PERSONAL,8936.6,60,20308,POOR,1,COMPREHENSIVE,2000.0,254.69,0,0.0
7,HATCHBACK,PETROL,COMMERCIAL,10518.86,29,15662,GOOD,1,THIRD_PARTY,1000.0,250.0,0,0.0
6,SUV,PETROL,PERSONAL,17538.43,65,12079,POOR,0,ZERO_DEP_PREMIUM,500.0,613.85,0,0.0
11,COMMERCIAL_VAN,ELECTRIC,PERSONAL,15063.6,56,14294,GOOD,0,THIRD_PARTY,250.0,250.0,0,0.0
8,SUV,PETROL,PERSONAL,13331.96,44,20629,GOOD,0,COMPREHENSIVE,2000.0,379.96,0,0.0
2,SEDAN,HYBRID,COMMERCIAL,29818.1,52,14812,EXCELLENT,0,COMPREHENSIVE,250.0,1147.25,0,0.0
5,SEDAN,CNG,PERSONAL,16520.17,19,4767,FAIR,0,THIRD_PARTY,2000.0,258.13,0,0.0
4,SEDAN,PETROL,PERSONAL,22741.87,52,18810,EXCELLENT,2,ZERO_DEP_PREMIUM,500.0,795.97,0,0.0
4,SEDAN,PETROL,PERSONAL,22073.86,48,19235,GOOD,0,COMPREHENSIVE,1000.0,629.11,0,0.0
9,SEDAN,PETROL,COMMERCIAL,13346.79,25,18067,FAIR,0,COMPREHENSIVE,1000.0,513.52,1,2964.64
7,SEDAN,ELECTRIC,PERSONAL,17186.46,37,6457,GOOD,0,COMPREHENSIVE,2000.0,489.81,0,0.0
0,SUV,DIESEL,PERSONAL,27731.68,25,14240,EXCELLENT,0,COMPREHENSIVE,500.0,790.35,0,0.0
0,HATCHBACK,DIESEL,PERSONAL,18799.17,21,17114,GOOD,0,ZERO_DEP_PREMIUM,1000.0,822.46,1,14637.6
2,SUV,ELECTRIC,COMMERCIAL,26415.43,48,12571,FAIR,0,COMPREHENSIVE,500.0,1016.33,0,0.0
10,HATCHBACK,PETROL,PERSONAL,7789.01,72,14214,EXCELLENT,0,COMPREHENSIVE,500.0,255.28,0,0.0
1,SEDAN,ELECTRIC,PERSONAL,32409.66,49,15019,FAIR,1,COMPREHENSIVE,1000.0,923.68,0,0.0
1,SEDAN,ELECTRIC,RIDESHARE,31492.47,30,8781,FAIR,0,COMPREHENSIVE,250.0,1346.3,0,0.0
1,SUV,DIESEL,COMMERCIAL,25568.08,39,14615,POOR,0,COMPREHENSIVE,1000.0,983.73,0,0.0
3,SUV,HYBRID,PERSONAL,26007.79,43,8064,GOOD,2,ZERO_DEP_PREMIUM,500.0,910.27,0,0.0
0,SEDAN,ELECTRIC,RIDESHARE,24830.67,34,12037,EXCELLENT,2,ZERO_DEP_PREMIUM,500.0,1303.61,0,0.0
9,HATCHBACK,PETROL,PERSONAL,5378.96,46,9905,GOOD,0,THIRD_PARTY,1000.0,250.0,0,0.0
14,HATCHBACK,PETROL,PERSONAL,4500.0,44,16439,GOOD,0,ZERO_DEP_PREMIUM,500.0,250.0,0,0.0
8,SUV,DIESEL,PERSONAL,16411.45,73,15509,FAIR,1,ZERO_DEP_PREMIUM,250.0,660.56,1,2193.87
13,SEDAN,PETROL,PERSONAL,10639.33,39,15053,POOR,0,COMPREHENSIVE,250.0,303.22,1,2961.62
4,HATCHBACK,CNG,COMMERCIAL,12050.1,35,13768,POOR,0,THIRD_PARTY,500.0,250.0,0,0.0
4,SUV,PETROL,PERSONAL,28025.83,22,14461,GOOD,0,THIRD_PARTY,500.0,437.9,1,3369.75
8,HATCHBACK,DIESEL,PERSONAL,7747.6,29,21539,GOOD,0,THIRD_PARTY,1000.0,250.0,0,0.0
13,HATCHBACK,DIESEL,PERSONAL,5463.53,19,18459,EXCELLENT,0,ZERO_DEP_PREMIUM,1000.0,250.0,1,468.08
4,HATCHBACK,PETROL,PERSONAL,15027.94,59,8172,GOOD,1,COMPREHENSIVE,500.0,428.3,0,0.0
12,SUV,HYBRID,PERSONAL,12910.37,24,10096,POOR,0,COMPREHENSIVE,1000.0,459.93,0,0.0
12,SEDAN,HYBRID,PERSONAL,6250.77,64,11561,GOOD,1,COMPREHENSIVE,1000.0,250.0,1,481.67
10,SUV,DIESEL,PERSONAL,14650.16,76,11409,GOOD,0,THIRD_PARTY,250.0,250.0,0,0.0
13,SUV,PETROL,COMMERCIAL,14736.41,43,8778,EXCELLENT,0,COMPREHENSIVE,1000.0,566.98,0,0.0
7,HATCHBACK,PETROL,PERSONAL,8029.9,71,15140,EXCELLENT,0,COMPREHENSIVE,250.0,263.18,0,0.0
10,SEDAN,PETROL,PERSONAL,11296.43,56,12225,GOOD,2,COMPREHENSIVE,500.0,321.95,0,0.0
0,SEDAN,PETROL,PERSONAL,20140.79,32,13478,FAIR,0,THIRD_PARTY,250.0,251.76,0,0.0
0,TRUCK,DIESEL,PERSONAL,35148.36,65,4808,EXCELLENT,0,ZERO_DEP_PREMIUM,1000.0,1230.19,0,0.0
3,HATCHBACK,CNG,RIDESHARE,15822.3,71,5422,EXCELLENT,0,ZERO_DEP_PREMIUM,500.0,955.27,0,0.0
7,TRUCK,DIESEL,COMMERCIAL,20696.6,75,10064,GOOD,0,COMPREHENSIVE,250.0,915.75,0,0.0
2,HATCHBACK,HYBRID,PERSONAL,12107.7,50,15235,GOOD,1,COMPREHENSIVE,250.0,345.07,0,0.0
0,SUV,DIESEL,PERSONAL,34957.77,64,14651,EXCELLENT,0,THIRD_PARTY,500.0,436.97,0,0.0
15,SUV,DIESEL,PERSONAL,12042.33,20,17033,EXCELLENT,0,COMPREHENSIVE,1000.0,429.01,0,0.0
10,TRUCK,HYBRID,PERSONAL,13006.2,59,9346,GOOD,0,COMPREHENSIVE,1000.0,370.68,1,2498.71
11,SUV,DIESEL,PERSONAL,16241.73,65,15585,GOOD,0,ZERO_DEP_PREMIUM,250.0,568.46,1,6030.4
8,SUV,HYBRID,COMMERCIAL,15897.95,19,19386,POOR,0,COMPREHENSIVE,250.0,764.59,0,0.0
8,SEDAN,PETROL,COMMERCIAL,15828.85,34,16669,GOOD,0,COMPREHENSIVE,1000.0,609.02,0,0.0
8,SUV,PETROL,PERSONAL,23603.03,18,6684,GOOD,0,COMPREHENSIVE,2000.0,840.86,0,0.0
8,HATCHBACK,HYBRID,COMMERCIAL,7103.2,53,17485,EXCELLENT,0,THIRD_PARTY,1000.0,250.0,1,847.71
1,SEDAN,DIESEL,COMMERCIAL,18704.4,60,13968,FAIR,0,ZERO_DEP_PREMIUM,1000.0,883.78,0,0.0
13,SEDAN,HYBRID,COMMERCIAL,6111.93,34,14543,GOOD,1,COMPREHENSIVE,1000.0,250.0,0,0.0
13,SEDAN,HYBRID,RIDESHARE,9393.15,19,23730,EXCELLENT,1,COMPREHENSIVE,250.0,501.95,0,0.0
10,SEDAN,PETROL,PERSONAL,8114.49,50,13609,GOOD,1,THIRD_PARTY,2000.0,250.0,0,0.0
10,SEDAN,DIESEL,PERSONAL,8933.08,46,15340,EXCELLENT,0,ZERO_DEP_PREMIUM,250.0,312.66,0,0.0
15,SUV,PETROL,COMMERCIAL,7375.5,77,12922,GOOD,1,COMPREHENSIVE,1000.0,326.34,1,2992.14
15,TRUCK,DIESEL,COMMERCIAL,10146.78,77,11405,GOOD,0,ZERO_DEP_PREMIUM,2000.0,551.35,0,0.0
10,SUV,ELECTRIC,RIDESHARE,10543.07,23,14140,GOOD,0,THIRD_PARTY,500.0,250.0,0,0.0
3,SEDAN,PETROL,PERSONAL,25465.21,60,10532,POOR,1,COMPREHENSIVE,500.0,725.76,0,0.0
14,SEDAN,DIESEL,PERSONAL,9040.62,53,13154,POOR,0,COMPREHENSIVE,1000.0,257.66,0,0.0
1,SUV,ELECTRIC,PERSONAL,32401.38,41,11142,FAIR,0,COMPREHENSIVE,1000.0,923.44,0,0.0
6,SUV,PETROL,PERSONAL,23069.47,28,3147,FAIR,0,COMPREHENSIVE,2000.0,657.48,1,12465.2
10,HATCHBACK,ELECTRIC,PERSONAL,7161.31,22,10287,EXCELLENT,0,THIRD_PARTY,1000.0,250.0,0,0.0
15,SUV,DIESEL,PERSONAL,10712.12,47,16799,GOOD,0,COMPREHENSIVE,500.0,305.3,1,2949.49
15,HATCHBACK,HYBRID,PERSONAL,4500.0,27,14838,EXCELLENT,0,COMPREHENSIVE,500.0,250.0,0,0.0
2,SEDAN,PETROL,PERSONAL,22762.91,54,11445,EXCELLENT,0,THIRD_PARTY,1000.0,284.54,1,4292.13
8,SUV,PETROL,PERSONAL,19331.54,44,12943,GOOD,1,COMPREHENSIVE,1000.0,550.95,0,0.0
15,SEDAN,DIESEL,PERSONAL,7532.16,44,8875,FAIR,0,COMPREHENSIVE,250.0,250.0,0,0.0
6,TRUCK,PETROL,PERSONAL,23554.12,41,9359,GOOD,1,ZERO_DEP_PREMIUM,1000.0,824.39,0,0.0
7,SUV,CNG,PERSONAL,17324.59,76,12530,GOOD,0,THIRD_PARTY,2000.0,250.0,0,0.0
8,SEDAN,PETROL,RIDESHARE,10867.01,75,11529,GOOD,0,COMPREHENSIVE,1000.0,534.25,0,0.0
7,SEDAN,ELECTRIC,PERSONAL,14566.98,71,9108,GOOD,1,COMPREHENSIVE,250.0,477.43,0,0.0
6,SEDAN,DIESEL,PERSONAL,14057.51,71,12199,FAIR,1,THIRD_PARTY,500.0,250.0,0,0.0
14,SUV,PETROL,COMMERCIAL,10365.47,20,7492,GOOD,1,COMPREHENSIVE,500.0,498.51,1,972.45
8,SEDAN,PETROL,PERSONAL,12033.26,78,19583,POOR,1,COMPREHENSIVE,1000.0,394.39,0,0.0
10,SUV,DIESEL,PERSONAL,18024.4,55,16530,EXCELLENT,0,ZERO_DEP_PREMIUM,1000.0,630.85,1,6730.08
0,SEDAN,DIESEL,PERSONAL,19530.97,43,3000,POOR,0,COMPREHENSIVE,250.0,556.63,1,1318.2
10,SUV,PETROL,RIDESHARE,15428.55,62,16273,EXCELLENT,0,THIRD_PARTY,1000.0,289.29,0,0.0
14,HATCHBACK,HYBRID,PERSONAL,4712.49,65,10822,GOOD,0,COMPREHENSIVE,1000.0,250.0,0,0.0
3,HATCHBACK,PETROL,RIDESHARE,11678.57,56,10039,POOR,0,ZERO_DEP_PREMIUM,500.0,613.12,1,2679.75
3,HATCHBACK,PETROL,COMMERCIAL,11993.41,35,15888,GOOD,0,ZERO_DEP_PREMIUM,250.0,566.69,1,729.7
4,SEDAN,DIESEL,PERSONAL,22466.8,20,11856,GOOD,0,ZERO_DEP_PREMIUM,1000.0,982.92,0,0.0
7,SEDAN,PETROL,PERSONAL,12044.8,55,10757,GOOD,0,ZERO_DEP_PREMIUM,1000.0,421.57,0,0.0
9,SUV,HYBRID,PERSONAL,20180.9,59,6521,GOOD,0,THIRD_PARTY,1000.0,252.26,0,0.0
0,SEDAN,PETROL,PERSONAL,34513.45,65,16620,EXCELLENT,1,THIRD_PARTY,1000.0,431.42,0,0.0
5,SUV,PETROL,PERSONAL,25957.0,42,17164,EXCELLENT,0,COMPREHENSIVE,500.0,739.77,0,0.0
8,SEDAN,PETROL,RIDESHARE,15173.17,30,13225,EXCELLENT,0,COMPREHENSIVE,2000.0,648.65,0,0.0
9,SEDAN,DIESEL,PERSONAL,12562.16,42,7253,POOR,1,THIRD_PARTY,1000.0,250.0,0,0.0
7,SEDAN,DIESEL,PERSONAL,14345.14,41,13861,FAIR,0,THIRD_PARTY,500.0,250.0,0,0.0
15,TRUCK,DIESEL,COMMERCIAL,14719.9,73,15384,GOOD,1,ZERO_DEP_PREMIUM,2000.0,799.84,0,0.0
14,SEDAN,PETROL,PERSONAL,6233.91,58,12380,FAIR,0,ZERO_DEP_PREMIUM,2000.0,250.0,1,446.06
1,SUV,PETROL,PERSONAL,26466.99,76,16467,EXCELLENT,0,THIRD_PARTY,500.0,380.46,0,0.0
6,SEDAN,ELECTRIC,COMMERCIAL,13306.44,33,13262,EXCELLENT,0,THIRD_PARTY,1000.0,250.0,0,0.0
4,SUV,PETROL,COMMERCIAL,27902.17,60,13868,FAIR,0,ZERO_DEP_PREMIUM,250.0,1318.38,0,0.0
1,SEDAN,HYBRID,PERSONAL,19629.01,58,19162,GOOD,0,COMPREHENSIVE,500.0,559.43,0,0.0
10,TRUCK,PETROL,RIDESHARE,22894.35,59,10286,EXCELLENT,1,ZERO_DEP_PREMIUM,500.0,1201.95,0,0.0
0,TRUCK,ELECTRIC,PERSONAL,43459.55,28,5443,FAIR,0,COMPREHENSIVE,500.0,1238.6,1,6244.82
1,SEDAN,PETROL,PERSONAL,30639.09,78,11739,POOR,0,COMPREHENSIVE,1000.0,1004.2,0,0.0
10,TRUCK,DIESEL,PERSONAL,14983.36,74,9963,GOOD,0,COMPREHENSIVE,1000.0,491.08,0,0.0
9,COMMERCIAL_VAN,PETROL,PERSONAL,14947.71,38,6101,EXCELLENT,0,ZERO_DEP_PREMIUM,2000.0,523.17,0,0.0
5,HATCHBACK,PETROL,PERSONAL,7403.08,48,15298,GOOD,1,COMPREHENSIVE,500.0,250.0,0,0.0
10,HATCHBACK,PETROL,PERSONAL,5485.7,71,12503,GOOD,0,COMPREHENSIVE,1000.0,250.0,0,0.0
11,SEDAN,PETROL,COMMERCIAL,9611.79,32,4304,FAIR,1,COMPREHENSIVE,1000.0,369.81,0,0.0
7,SUV,PETROL,PERSONAL,25343.33,70,19457,FAIR,0,COMPREHENSIVE,500.0,830.63,0,0.0
2,SEDAN,DIESEL,COMMERCIAL,20932.74,62,9224,POOR,0,COMPREHENSIVE,1000.0,805.39,0,0.0
4,SEDAN,DIESEL,PERSONAL,20465.06,66,9728,FAIR,0,COMPREHENSIVE,500.0,583.25,0,0.0
14,COMMERCIAL_VAN,ELECTRIC,RIDESHARE,10141.48,53,16737,GOOD,0,THIRD_PARTY,1000.0,250.0,0,0.0
10,SEDAN,DIESEL,PERSONAL,7419.0,60,14426,GOOD,0,ZERO_DEP_PREMIUM,2000.0,259.67,0,0.0
1,HATCHBACK,DIESEL,PERSONAL,15324.0,78,17413,GOOD,0,THIRD_PARTY,1000.0,250.0,0,0.0
11,HATCHBACK,PETROL,PERSONAL,4500.0,18,3000,GOOD,1,ZERO_DEP_PREMIUM,1000.0,250.0,0,0.0
15,TRUCK,DIESEL,COMMERCIAL,14098.84,45,11212,EXCELLENT,1,COMPREHENSIVE,500.0,542.45,0,0.0
7,COMMERCIAL_VAN,PETROL,COMMERCIAL,24096.97,50,13102,GOOD,1,COMPREHENSIVE,2000.0,927.13,1,5916.56
3,SEDAN,ELECTRIC,PERSONAL,18908.19,20,18356,EXCELLENT,0,COMPREHENSIVE,1000.0,673.6,0,0.0
10,SEDAN,PETROL,PERSONAL,11624.84,72,8699,FAIR,0,ZERO_DEP_PREMIUM,1000.0,467.9,0,0.0
9,SUV,PETROL,PERSONAL,11991.92,32,10967,GOOD,1,THIRD_PARTY,250.0,250.0,0,0.0
15,SEDAN,DIESEL,RIDESHARE,7529.97,50,13133,FAIR,0,COMPREHENSIVE,1000.0,321.91,0,0.0
11,SEDAN,PETROL,RIDESHARE,11755.73,49,15926,GOOD,0,THIRD_PARTY,1000.0,250.0,0,0.0
5,SEDAN,HYBRID,RIDESHARE,20690.27,40,7508,FAIR,0,ZERO_DEP_PREMIUM,1000.0,1086.24,0,0.0
2,HATCHBACK,HYBRID,COMMERCIAL,11911.31,75,16152,EXCELLENT,0,COMPREHENSIVE,250.0,527.03,0,0.0
10,SUV,PETROL,RIDESHARE,12401.5,43,9844,FAIR,0,ZERO_DEP_PREMIUM,1000.0,651.08,0,0.0
14,SEDAN,PETROL,PERSONAL,7394.24,78,14189,EXCELLENT,0,ZERO_DEP_PREMIUM,250.0,297.62,0,0.0
7,SUV,DIESEL,COMMERCIAL,25625.07,65,11631,GOOD,1,COMPREHENSIVE,250.0,985.92,0,0.0
15,SEDAN,DIESEL,PERSONAL,8493.99,34,13737,EXCELLENT,0,THIRD_PARTY,500.0,250.0,0,0.0
7,SEDAN,PETROL,RIDESHARE,12787.47,26,13454,GOOD,0,THIRD_PARTY,250.0,250.0,0,0.0
2,HATCHBACK,ELECTRIC,PERSONAL,16507.42,22,18246,FAIR,0,THIRD_PARTY,500.0,257.93,0,0.0
11,SUV,DIESEL,PERSONAL,17157.54,46,11439,FAIR,0,THIRD_PARTY,1000.0,250.0,0,0.0
8,HATCHBACK,PETROL,PERSONAL,6641.08,23,11139,EXCELLENT,1,COMPREHENSIVE,1000.0,250.0,0,0.0
9,SEDAN,PETROL,PERSONAL,14254.93,64,17307,GOOD,0,ZERO_DEP_PREMIUM,500.0,498.92,0,0.0
12,HATCHBACK,ELECTRIC,PERSONAL,4579.29,77,18801,FAIR,2,THIRD_PARTY,1000.0,250.0,0,0.0
4,SUV,PETROL,PERSONAL,23213.11,58,10716,GOOD,1,THIRD_PARTY,500.0,290.16,0,0.0
15,SUV,ELECTRIC,PERSONAL,7341.35,76,15615,EXCELLENT,0,COMPREHENSIVE,2000.0,250.0,0,0.0
9,SUV,PETROL,PERSONAL,16252.09,52,8657,GOOD,2,ZERO_DEP_PREMIUM,250.0,568.82,0,0.0
8,TRUCK,DIESEL,PERSONAL,26698.11,68,15641,GOOD,0,COMPREHENSIVE,250.0,760.9,1,8091.72
6,SUV,HYBRID,PERSONAL,21866.89,38,16640,EXCELLENT,1,COMPREHENSIVE,1000.0,623.21,0,0.0
14,SUV,HYBRID,RIDESHARE,7560.14,62,11261,GOOD,0,COMPREHENSIVE,500.0,323.2,0,0.0
14,COMMERCIAL_VAN,PETROL,COMMERCIAL,8891.76,62,17498,GOOD,1,COMPREHENSIVE,500.0,342.11,0,0.0
14,HATCHBACK,PETROL,PERSONAL,4674.32,40,11317,EXCELLENT,0,COMPREHENSIVE,500.0,250.0,0,0.0
9,SUV,ELECTRIC,COMMERCIAL,17072.83,52,12608,GOOD,0,COMPREHENSIVE,1000.0,656.88,0,0.0
2,HATCHBACK,PETROL,COMMERCIAL,14625.36,69,14260,FAIR,0,ZERO_DEP_PREMIUM,250.0,794.71,0,0.0
5,SUV,PETROL,PERSONAL,16936.54,63,8179,GOOD,0,ZERO_DEP_PREMIUM,1000.0,592.78,0,0.0
9,SEDAN,HYBRID,PERSONAL,13658.35,19,6385,EXCELLENT,0,ZERO_DEP_PREMIUM,500.0,597.55,0,0.0
1,SUV,PETROL,PERSONAL,43787.01,74,13759,FAIR,0,COMPREHENSIVE,500.0,1435.12,1,6586.62
5,TRUCK,PETROL,PERSONAL,29032.46,59,9161,EXCELLENT,1,THIRD_PARTY,500.0,362.91,0,0.0
11,TRUCK,PETROL,COMMERCIAL,18760.26,26,7006,FAIR,1,THIRD_PARTY,2000.0,316.58,0,0.0
4,SEDAN,DIESEL,PERSONAL,23888.14,30,15960,POOR,0,COMPREHENSIVE,500.0,680.81,1,2675.1
15,SUV,DIESEL,PERSONAL,10059.1,60,19325,POOR,1,ZERO_DEP_PREMIUM,500.0,352.07,1,867.88
12,SEDAN,PETROL,RIDESHARE,9826.71,51,16357,GOOD,0,COMPREHENSIVE,500.0,420.09,0,0.0
15,COMMERCIAL_VAN,PETROL,PERSONAL,11127.19,33,7169,GOOD,1,ZERO_DEP_PREMIUM,1000.0,389.45,0,0.0
2,COMMERCIAL_VAN,PETROL,PERSONAL,27765.67,22,13302,FAIR,0,COMPREHENSIVE,500.0,989.15,0,0.0
13,SUV,DIESEL,PERSONAL,11703.92,18,11107,EXCELLENT,1,THIRD_PARTY,1000.0,250.0,0,0.0
14,HATCHBACK,PETROL,PERSONAL,5509.71,57,8662,EXCELLENT,0,ZERO_DEP_PREMIUM,500.0,250.0,0,0.0
6,HATCHBACK,HYBRID,PERSONAL,8243.77,39,12883,GOOD,2,ZERO_DEP_PREMIUM,1000.0,288.53,0,0.0
10,SUV,PETROL,PERSONAL,18617.48,65,12196,FAIR,0,COMPREHENSIVE,500.0,530.6,0,0.0
3,SEDAN,CNG,PERSONAL,22223.53,63,11452,GOOD,1,THIRD_PARTY,500.0,277.79,0,0.0
10,SUV,PETROL,PERSONAL,13966.02,75,16946,GOOD,0,THIRD_PARTY,1000.0,250.0,0,0.0
13,SUV,ELECTRIC,PERSONAL,12003.45,43,18349,GOOD,0,THIRD_PARTY,1000.0,250.0,0,0.0
5,SUV,PETROL,PERSONAL,22045.1,51,11045,GOOD,0,COMPREHENSIVE,1000.0,628.29,1,5397.76
8,SEDAN,PETROL,PERSONAL,15731.0,67,11692,EXCELLENT,0,THIRD_PARTY,500.0,250.0,0,0.0
11,TRUCK,HYBRID,COMMERCIAL,16178.85,75,11386,GOOD,1,COMPREHENSIVE,500.0,715.85,0,0.0
13,SEDAN,HYBRID,PERSONAL,10154.07,38,14817,GOOD,0,COMPREHENSIVE,1000.0,289.39,0,0.0
5,SUV,PETROL,PERSONAL,23742.65,24,13991,GOOD,0,COMPREHENSIVE,250.0,845.83,1,5658.49
3,SUV,ELECTRIC,PERSONAL,31530.38,42,9306,FAIR,0,COMPREHENSIVE,500.0,898.62,0,0.0
14,SUV,DIESEL,PERSONAL,13443.74,74,11920,GOOD,0,COMPREHENSIVE,1000.0,440.62,0,0.0
9,SUV,HYBRID,PERSONAL,12368.69,29,5763,POOR,0,COMPREHENSIVE,1000.0,352.51,0,0.0
14,SEDAN,PETROL,PERSONAL,8440.79,48,5428,GOOD,2,COMPREHENSIVE,500.0,250.0,0,0.0
1,SEDAN,DIESEL,COMMERCIAL,18862.0,64,7186,GOOD,1,COMPREHENSIVE,1000.0,725.72,0,0.0
8,SUV,DIESEL,PERSONAL,21791.24,44,11368,FAIR,1,THIRD_PARTY,2000.0,272.39,1,3701.16
14,SUV,PETROL,PERSONAL,10743.26,39,15250,FAIR,0,COMPREHENSIVE,500.0,306.18,0,0.0
13,SEDAN,HYBRID,PERSONAL,10351.4,51,8978,GOOD,0,THIRD_PARTY,250.0,250.0,1,1917.78
3,HATCHBACK,PETROL,COMMERCIAL,15748.66,71,11932,EXCELLENT,0,COMPREHENSIVE,500.0,696.82,0,0.0
3,SUV,PETROL,PERSONAL,20411.81,34,13484,GOOD,0,COMPREHENSIVE,500.0,581.74,0,0.0
15,SUV,DIESEL,PERSONAL,6964.62,76,19411,EXCELLENT,0,ZERO_DEP_PREMIUM,1000.0,280.33,1,3205.5
1,HATCHBACK,DIESEL,PERSONAL,16319.13,28,12751,GOOD,0,ZERO_DEP_PREMIUM,500.0,571.17,1,4987.18
14,SEDAN,PETROL,PERSONAL,7379.26,46,12951,GOOD,0,ZERO_DEP_PREMIUM,500.0,258.27,1,411.01
4,SEDAN,PETROL,PERSONAL,14584.44,51,9776,FAIR,0,COMPREHENSIVE,500.0,415.66,0,0.0
12,HATCHBACK,HYBRID,COMMERCIAL,4500.0,77,20765,GOOD,1,ZERO_DEP_PREMIUM,500.0,250.0,0,0.0
5,SUV,PETROL,PERSONAL,24594.71,68,15940,EXCELLENT,0,ZERO_DEP_PREMIUM,500.0,860.81,0,0.0
9,SUV,DIESEL,PERSONAL,11311.39,54,7499,EXCELLENT,0,COMPREHENSIVE,500.0,322.37,0,0.0
5,HATCHBACK,ELECTRIC,RIDESHARE,13095.84,75,19241,GOOD,0,COMPREHENSIVE,1000.0,643.82,0,0.0
2,HATCHBACK,PETROL,PERSONAL,16760.19,66,15725,FAIR,0,COMPREHENSIVE,500.0,477.67,0,0.0
11,COMMERCIAL_VAN,HYBRID,PERSONAL,16829.27,65,13552,FAIR,1,THIRD_PARTY,500.0,250.0,0,0.0
14,SUV,ELECTRIC,PERSONAL,6837.11,77,15471,POOR,0,COMPREHENSIVE,500.0,250.0,0,0.0
14,SUV,DIESEL,PERSONAL,7050.05,43,17611,FAIR,0,COMPREHENSIVE,2000.0,250.0,0,0.0
13,SUV,DIESEL,PERSONAL,11461.07,62,9111,GOOD,1,COMPREHENSIVE,250.0,326.64,0,0.0
8,SEDAN,DIESEL,PERSONAL,17069.48,62,10746,FAIR,1,ZERO_DEP_PREMIUM,500.0,597.43,0,0.0
6,SUV,DIESEL,RIDESHARE,19208.95,62,12327,EXCELLENT,1,ZERO_DEP_PREMIUM,500.0,1008.47,0,0.0
12,SEDAN,HYBRID,COMMERCIAL,7890.21,49,6919,EXCELLENT,0,COMPREHENSIVE,2000.0,303.58,0,0.0
13,TRUCK,PETROL,COMMERCIAL,10251.99,54,15782,EXCELLENT,0,ZERO_DEP_PREMIUM,500.0,484.41,0,0.0
2,SUV,PETROL,PERSONAL,34940.24,22,11260,EXCELLENT,0,ZERO_DEP_PREMIUM,1000.0,1528.64,0,0.0
3,SUV,PETROL,PERSONAL,31270.37,37,10764,EXCELLENT,0,THIRD_PARTY,500.0,390.88,0,0.0
15,SEDAN,PETROL,PERSONAL,4870.87,68,9606,FAIR,0,COMPREHENSIVE,250.0,250.0,0,0.0
6,SEDAN,PETROL,PERSONAL,15166.03,24,12346,GOOD,0,COMPREHENSIVE,500.0,540.29,0,0.0
15,SEDAN,HYBRID,COMMERCIAL,7373.05,60,13200,FAIR,2,THIRD_PARTY,1000.0,250.0,0,0.0
10,SUV,DIESEL,PERSONAL,14656.3,40,16982,POOR,0,COMPREHENSIVE,1000.0,417.7,0,0.0
7,SEDAN,DIESEL,COMMERCIAL,15747.47,18,17108,POOR,0,COMPREHENSIVE,1000.0,757.35,0,0.0
5,SUV,DIESEL,PERSONAL,28561.96,56,7398,POOR,0,COMPREHENSIVE,1000.0,814.02,0,0.0
3,TRUCK,ELECTRIC,PERSONAL,39127.75,20,14572,FAIR,0,ZERO_DEP_PREMIUM,250.0,1711.84,1,10924.53
11,TRUCK,DIESEL,PERSONAL,17639.17,62,18034,GOOD,0,COMPREHENSIVE,250.0,502.72,0,0.0
1,SUV,HYBRID,PERSONAL,42506.53,20,11498,GOOD,1,THIRD_PARTY,1000.0,664.16,0,0.0
9,SEDAN,PETROL,COMMERCIAL,14802.4,23,11735,FAIR,1,COMPREHENSIVE,500.0,711.9,0,0.0
7,TRUCK,HYBRID,RIDESHARE,22105.85,48,10714,FAIR,0,COMPREHENSIVE,2000.0,945.03,0,0.0
0,TRUCK,DIESEL,PERSONAL,36136.1,71,14921,POOR,0,COMPREHENSIVE,2000.0,1184.36,0,0.0
8,SEDAN,PETROL,PERSONAL,15558.33,44,13793,FAIR,0,ZERO_DEP_PREMIUM,250.0,544.54,1,6137.2
14,HATCHBACK,DIESEL,PERSONAL,4500.0,46,16908,GOOD,2,THIRD_PARTY,1000.0,250.0,0,0.0
7,SEDAN,DIESEL,PERSONAL,18141.88,32,11999,POOR,0,COMPREHENSIVE,250.0,517.04,0,0.0
2,HATCHBACK,PETROL,PERSONAL,9486.91,53,18169,POOR,0,ZERO_DEP_PREMIUM,500.0,332.04,0,0.0
9,COMMERCIAL_VAN,DIESEL,COMMERCIAL,21869.7,22,15188,GOOD,0,COMPREHENSIVE,1000.0,1051.8,0,0.0
3,SEDAN,PETROL,PERSONAL,21795.63,20,17793,GOOD,0,THIRD_PARTY,500.0,340.56,0,0.0
9,TRUCK,PETROL,PERSONAL,23391.52,68,9818,FAIR,1,ZERO_DEP_PREMIUM,250.0,818.7,0,0.0
15,SUV,HYBRID,COMMERCIAL,8564.1,42,19554,GOOD,0,ZERO_DEP_PREMIUM,500.0,404.65,0,0.0
3,COMMERCIAL_VAN,DIESEL,PERSONAL,39923.93,49,10000,FAIR,1,COMPREHENSIVE,250.0,1137.83,0,0.0
1,SUV,HYBRID,PERSONAL,28150.21,38,10211,EXCELLENT,0,ZERO_DEP_PREMIUM,500.0,985.26,0,0.0
11,HATCHBACK,DIESEL,PERSONAL,5018.09,65,10728,GOOD,1,COMPREHENSIVE,1000.0,250.0,0,0.0
15,SEDAN,PETROL,PERSONAL,4650.22,34,10248,GOOD,0,COMPREHENSIVE,1000.0,250.0,0,0.0
10,SEDAN,DIESEL,PERSONAL,13752.86,26,21020,GOOD,0,COMPREHENSIVE,1000.0,391.96,0,0.0
9,SEDAN,DIESEL,PERSONAL,11340.03,43,14848,EXCELLENT,1,COMPREHENSIVE,500.0,323.19,0,0.0
4,COMMERCIAL_VAN,CNG,RIDESHARE,30550.88,39,14731,EXCELLENT,0,ZERO_DEP_PREMIUM,500.0,1603.92,0,0.0
12,HATCHBACK,PETROL,RIDESHARE,6094.57,58,3988,POOR,0,ZERO_DEP_PREMIUM,250.0,319.96,0,0.0
11,TRUCK,HYBRID,COMMERCIAL,20459.36,63,18284,GOOD,0,THIRD_PARTY,2000.0,345.25,1,1729.09
2,TRUCK,HYBRID,PERSONAL,42464.72,76,7826,GOOD,1,COMPREHENSIVE,250.0,1391.78,1,12371.19
11,SEDAN,DIESEL,PERSONAL,10074.27,40,12336,FAIR,0,ZERO_DEP_PREMIUM,500.0,352.6,0,0.0
10,SUV,HYBRID,PERSONAL,16783.85,28,9331,GOOD,0,COMPREHENSIVE,250.0,478.34,0,0.0
15,SEDAN,PETROL,PERSONAL,7744.1,75,13578,FAIR,1,COMPREHENSIVE,500.0,253.81,1,7744.1
0,SEDAN,CNG,PERSONAL,21583.89,27,19403,GOOD,0,ZERO_DEP_PREMIUM,1000.0,755.44,0,0.0
1,SEDAN,ELECTRIC,PERSONAL,18378.31,40,8173,FAIR,0,ZERO_DEP_PREMIUM,500.0,643.24,0,0.0
10,SUV,PETROL,PERSONAL,10547.8,22,9264,GOOD,1,COMPREHENSIVE,1000.0,375.77,0,0.0
15,SEDAN,HYBRID,PERSONAL,6077.09,72,13128,POOR,0,THIRD_PARTY,2000.0,250.0,0,0.0
11,SEDAN,DIESEL,RIDESHARE,9661.37,43,19564,GOOD,0,COMPREHENSIVE,1000.0,413.02,0,0.0
6,SEDAN,DIESEL,PERSONAL,16698.1,21,10589,GOOD,0,ZERO_DEP_PREMIUM,500.0,730.54,0,0.0
14,SEDAN,DIESEL,RIDESHARE,9516.37,60,9276,POOR,0,COMPREHENSIVE,500.0,406.82,0,0.0
0,COMMERCIAL_VAN,PETROL,PERSONAL,35398.96,44,13237,FAIR,0,COMPREHENSIVE,1000.0,1008.87,0,0.0
14,HATCHBACK,DIESEL,PERSONAL,5266.55,55,12533,FAIR,0,ZERO_DEP_PREMIUM,2000.0,250.0,0,0.0
11,COMMERCIAL_VAN,ELECTRIC,PERSONAL,14434.89,51,7887,GOOD,0,COMPREHENSIVE,1000.0,411.39,0,0.0
12,SUV,PETROL,PERSONAL,9914.92,75,10676,GOOD,1,COMPREHENSIVE,500.0,324.96,1,2084.62
12,SEDAN,PETROL,PERSONAL,9480.31,20,3644,GOOD,0,COMPREHENSIVE,250.0,337.74,0,0.0
1,HATCHBACK,PETROL,PERSONAL,20049.46,67,12363,EXCELLENT,0,COMPREHENSIVE,500.0,571.41,0,0.0
13,SEDAN,PETROL,PERSONAL,6004.75,49,6893,GOOD,0,THIRD_PARTY,500.0,250.0,0,0.0
9,SEDAN,ELECTRIC,PERSONAL,11739.18,78,23610,POOR,0,THIRD_PARTY,500.0,250.0,0,0.0
6,SEDAN,ELECTRIC,PERSONAL,10868.6,43,14996,EXCELLENT,0,ZERO_DEP_PREMIUM,1000.0,380.4,0,0.0
0,SEDAN,HYBRID,PERSONAL,24046.14,35,13641,EXCELLENT,1,THIRD_PARTY,500.0,300.58,0,0.0
6,SEDAN,DIESEL,PERSONAL,16749.29,24,14871,EXCELLENT,1,THIRD_PARTY,250.0,261.71,0,0.0
12,SEDAN,PETROL,COMMERCIAL,10805.26,70,10288,FAIR,1,COMPREHENSIVE,500.0,478.09,0,0.0
7,SUV,HYBRID,PERSONAL,22532.99,62,11860,GOOD,0,COMPREHENSIVE,250.0,642.19,0,0.0
10,SEDAN,ELECTRIC,COMMERCIAL,10367.81,30,14774,GOOD,3,COMPREHENSIVE,500.0,398.9,0,0.0
12,SEDAN,DIESEL,COMMERCIAL,11205.33,23,8108,FAIR,0,COMPREHENSIVE,1000.0,538.91,1,1425.15
13,HATCHBACK,DIESEL,RIDESHARE,4500.0,52,15573,GOOD,1,THIRD_PARTY,1000.0,250.0,0,0.0
1,SEDAN,HYBRID,PERSONAL,29049.47,48,21982,GOOD,1,THIRD_PARTY,500.0,363.12,0,0.0
3,SEDAN,ELECTRIC,PERSONAL,20216.02,59,5840,EXCELLENT,1,THIRD_PARTY,1000.0,252.7,0,0.0
6,TRUCK,PETROL,PERSONAL,33207.85,70,14897,EXCELLENT,0,ZERO_DEP_PREMIUM,500.0,1336.62,0,0.0
0,SEDAN,ELECTRIC,PERSONAL,32713.28,54,8817,EXCELLENT,1,COMPREHENSIVE,1000.0,932.33,0,0.0
5,SEDAN,PETROL,PERSONAL,21595.72,60,15609,GOOD,0,COMPREHENSIVE,500.0,615.48,0,0.0
4,SUV,PETROL,PERSONAL,20983.28,21,14025,GOOD,1,COMPREHENSIVE,500.0,747.53,0,0.0
10,SEDAN,PETROL,COMMERCIAL,11822.8,59,20958,EXCELLENT,0,COMPREHENSIVE,250.0,454.88,0,0.0
5,SUV,PETROL,PERSONAL,27338.4,21,20156,EXCELLENT,1,COMPREHENSIVE,500.0,973.93,0,0.0
15,HATCHBACK,PETROL,COMMERCIAL,4742.31,77,5983,EXCELLENT,0,ZERO_DEP_PREMIUM,250.0,257.69,0,0.0
7,SEDAN,PETROL,COMMERCIAL,14145.2,62,15939,EXCELLENT,1,COMPREHENSIVE,1000.0,544.24,1,1977.25
10,SUV,DIESEL,PERSONAL,9923.69,25,15861,EXCELLENT,1,COMPREHENSIVE,500.0,282.83,0,0.0
10,SUV,ELECTRIC,PERSONAL,12378.78,55,17850,EXCELLENT,0,ZERO_DEP_PREMIUM,500.0,433.26,0,0.0
0,SEDAN,CNG,PERSONAL,24084.08,28,14625,POOR,0,COMPREHENSIVE,1000.0,686.4,0,0.0
15,SUV,PETROL,RIDESHARE,11341.51,19,15184,GOOD,0,COMPREHENSIVE,1000.0,606.06,0,0.0
2,SEDAN,DIESEL,PERSONAL,27744.76,35,7853,FAIR,1,COMPREHENSIVE,500.0,790.73,0,0.0
10,SUV,HYBRID,PERSONAL,10840.54,35,14398,FAIR,0,COMPREHENSIVE,250.0,308.96,0,0.0
15,SEDAN,PETROL,PERSONAL,8623.63,39,11525,GOOD,1,THIRD_PARTY,2000.0,250.0,0,0.0
12,SUV,ELECTRIC,RIDESHARE,9609.1,29,15576,FAIR,1,THIRD_PARTY,1000.0,250.0,0,0.0
8,SEDAN,ELECTRIC,COMMERCIAL,12104.93,34,12074,GOOD,0,THIRD_PARTY,1000.0,250.0,0,0.0
15,HATCHBACK,PETROL,PERSONAL,4500.0,68,14512,GOOD,0,ZERO_DEP_PREMIUM,500.0,250.0,0,0.0
15,SEDAN,HYBRID,PERSONAL,8227.78,34,15272,POOR,0,ZERO_DEP_PREMIUM,500.0,287.97,0,0.0
11,SUV,ELECTRIC,PERSONAL,15622.32,53,15357,EXCELLENT,0,THIRD_PARTY,500.0,250.0,0,0.0
7,SUV,PETROL,PERSONAL,17626.16,46,9152,EXCELLENT,0,THIRD_PARTY,250.0,250.0,0,0.0
3,HATCHBACK,PETROL,COMMERCIAL,14195.05,66,23384,EXCELLENT,0,COMPREHENSIVE,1000.0,546.15,0,0.0
10,SUV,PETROL,COMMERCIAL,11622.53,33,13642,FAIR,0,COMPREHENSIVE,1000.0,447.18,0,0.0
13,SUV,PETROL,COMMERCIAL,10222.1,58,15342,GOOD,0,COMPREHENSIVE,1000.0,393.3,0,0.0
15,HATCHBACK,DIESEL,PERSONAL,4500.0,28,12765,POOR,1,COMPREHENSIVE,1000.0,250.0,0,0.0
9,TRUCK,DIESEL,PERSONAL,16316.3,61,7512,GOOD,2,ZERO_DEP_PREMIUM,1000.0,571.07,0,0.0
8,SEDAN,PETROL,PERSONAL,16058.6,60,16022,GOOD,0,THIRD_PARTY,1000.0,250.0,0,0.0
6,SUV,HYBRID,PERSONAL,24024.79,62,13707,GOOD,0,THIRD_PARTY,1000.0,300.31,0,0.0
1,HATCHBACK,PETROL,PERSONAL,13045.14,39,16499,GOOD,1,ZERO_DEP_PREMIUM,500.0,456.58,0,0.0
0,COMMERCIAL_VAN,PETROL,COMMERCIAL,33040.41,47,9507,FAIR,0,COMPREHENSIVE,1000.0,1271.23,1,5432.69
0,TRUCK,PETROL,PERSONAL,31352.97,25,11004,GOOD,0,ZERO_DEP_PREMIUM,1000.0,1097.35,0,0.0
12,SEDAN,DIESEL,PERSONAL,7903.16,63,13705,GOOD,0,COMPREHENSIVE,500.0,250.0,0,0.0
15,SEDAN,PETROL,PERSONAL,6752.53,35,12717,EXCELLENT,2,COMPREHENSIVE,500.0,250.0,0,0.0
2,SUV,PETROL,PERSONAL,26663.43,63,11212,GOOD,0,COMPREHENSIVE,500.0,759.91,0,0.0
12,HATCHBACK,PETROL,PERSONAL,6141.59,33,13709,GOOD,0,THIRD_PARTY,250.0,250.0,0,0.0
15,SUV,ELECTRIC,PERSONAL,8645.28,64,18934,FAIR,1,COMPREHENSIVE,1000.0,250.0,0,0.0
13,SUV,CNG,PERSONAL,9734.18,71,14560,FAIR,1,ZERO_DEP_PREMIUM,2000.0,391.8,0,0.0
14,HATCHBACK,PETROL,PERSONAL,5799.47,37,17778,GOOD,0,THIRD_PARTY,500.0,250.0,1,288.41
9,SEDAN,PETROL,PERSONAL,9835.1,56,11744,EXCELLENT,0,THIRD_PARTY,1000.0,250.0,0,0.0
1,TRUCK,DIESEL,COMMERCIAL,39190.36,25,12745,FAIR,0,COMPREHENSIVE,1000.0,1507.85,0,0.0
3,SUV,ELECTRIC,COMMERCIAL,26249.69,47,13594,EXCELLENT,1,COMPREHENSIVE,2000.0,1009.96,0,0.0
13,SEDAN,PETROL,PERSONAL,6629.04,55,10499,GOOD,3,THIRD_PARTY,500.0,250.0,0,0.0
14,SUV,HYBRID,PERSONAL,8192.96,46,13632,EXCELLENT,0,COMPREHENSIVE,500.0,250.0,0,0.0
13,HATCHBACK,DIESEL,PERSONAL,4500.0,30,19555,GOOD,0,COMPREHENSIVE,1000.0,250.0,0,0.0
7,SEDAN,DIESEL,COMMERCIAL,17533.24,34,20349,GOOD,1,ZERO_DEP_PREMIUM,1000.0,828.45,1,844.15
4,SEDAN,DIESEL,PERSONAL,22054.33,57,18688,GOOD,0,ZERO_DEP_PREMIUM,500.0,771.9,1,3997.67
15,COMMERCIAL_VAN,CNG,PERSONAL,10866.01,60,13875,POOR,1,ZERO_DEP_PREMIUM,1000.0,380.31,0,0.0
4,SEDAN,ELECTRIC,PERSONAL,18185.58,34,9263,GOOD,0,ZERO_DEP_PREMIUM,250.0,636.5,0,0.0
5,SUV,PETROL,PERSONAL,23710.35,26,23511,GOOD,0,ZERO_DEP_PREMIUM,1000.0,829.86,0,0.0
12,SUV,PETROL,COMMERCIAL,10297.25,19,10187,GOOD,1,ZERO_DEP_PREMIUM,1000.0,608.18,1,1492.76
11,SUV,DIESEL,COMMERCIAL,9593.74,76,19359,EXCELLENT,1,THIRD_PARTY,500.0,250.0,0,0.0
15,SUV,PETROL,RIDESHARE,8151.03,59,14146,FAIR,1,COMPREHENSIVE,1000.0,348.46,0,0.0
14,SEDAN,ELECTRIC,PERSONAL,7268.78,71,7851,FAIR,0,COMPREHENSIVE,250.0,250.0,0,0.0
14,SUV,ELECTRIC,PERSONAL,7115.14,41,5831,GOOD,1,ZERO_DEP_PREMIUM,500.0,250.0,1,1697.62
4,SEDAN,ELECTRIC,PERSONAL,13581.85,38,18757,GOOD,0,COMPREHENSIVE,500.0,387.08,0,0.0
4,SUV,CNG,PERSONAL,21826.2,63,9915,GOOD,0,THIRD_PARTY,1000.0,272.83,0,0.0
14,SEDAN,PETROL,PERSONAL,6644.23,19,6830,FAIR,0,ZERO_DEP_PREMIUM,250.0,290.69,0,0.0
13,SUV,HYBRID,PERSONAL,10303.59,22,11290,FAIR,0,ZERO_DEP_PREMIUM,1000.0,450.78,0,0.0
6,SEDAN,ELECTRIC,PERSONAL,11553.6,34,12477,GOOD,0,COMPREHENSIVE,1000.0,329.28,0,0.0
5,SEDAN,PETROL,PERSONAL,13922.13,41,14169,POOR,0,ZERO_DEP_PREMIUM,1000.0,487.27,0,0.0
12,SEDAN,ELECTRIC,PERSONAL,7404.68,25,13936,GOOD,0,COMPREHENSIVE,1000.0,250.0,0,0.0
12,SEDAN,PETROL,PERSONAL,6266.01,47,9203,EXCELLENT,0,THIRD_PARTY,2000.0,250.0,1,771.27
15,HATCHBACK,ELECTRIC,COMMERCIAL,4500.0,67,12507,GOOD,1,COMPREHENSIVE,500.0,250.0,1,715.16
15,SEDAN,DIESEL,PERSONAL,4742.17,39,20228,GOOD,0,ZERO_DEP_PREMIUM,1000.0,250.0,0,0.0
13,TRUCK,PETROL,RIDESHARE,15396.44,76,7763,EXCELLENT,0,COMPREHENSIVE,1000.0,756.93,0,0.0
9,COMMERCIAL_VAN,DIESEL,PERSONAL,15777.29,41,14619,GOOD,0,ZERO_DEP_PREMIUM,1000.0,552.21,0,0.0
10,SUV,DIESEL,RIDESHARE,13019.8,43,7757,GOOD,1,COMPREHENSIVE,500.0,556.6,0,0.0
1,SEDAN,PETROL,PERSONAL,18657.46,78,10647,FAIR,0,ZERO_DEP_PREMIUM,500.0,750.96,1,5444.14
12,SEDAN,PETROL,PERSONAL,7198.42,25,17595,FAIR,0,COMPREHENSIVE,250.0,250.0,0,0.0
0,HATCHBACK,PETROL,PERSONAL,13806.3,29,3349,FAIR,0,COMPREHENSIVE,1000.0,393.48,0,0.0
0,SEDAN,DIESEL,COMMERCIAL,36130.72,31,21941,EXCELLENT,0,THIRD_PARTY,500.0,609.71,0,0.0
3,SEDAN,HYBRID,PERSONAL,25171.8,47,6680,GOOD,0,THIRD_PARTY,1000.0,314.65,0,0.0
1,SUV,HYBRID,PERSONAL,23281.99,72,3457,GOOD,0,ZERO_DEP_PREMIUM,1000.0,937.1,0,0.0
5,HATCHBACK,DIESEL,RIDESHARE,11300.33,52,12587,GOOD,0,THIRD_PARTY,1000.0,250.0,0,0.0
15,HATCHBACK,ELECTRIC,PERSONAL,4500.0,78,10569,EXCELLENT,0,COMPREHENSIVE,500.0,250.0,0,0.0
11,SEDAN,PETROL,PERSONAL,7122.69,48,9716,EXCELLENT,0,COMPREHENSIVE,500.0,250.0,0,0.0
11,SUV,ELECTRIC,PERSONAL,15231.16,45,15386,EXCELLENT,0,ZERO_DEP_PREMIUM,1000.0,533.09,0,0.0
8,SEDAN,PETROL,PERSONAL,9684.95,63,8334,FAIR,0,THIRD_PARTY,500.0,250.0,0,0.0
9,SEDAN,PETROL,PERSONAL,11244.32,44,15064,EXCELLENT,0,COMPREHENSIVE,2000.0,320.46,0,0.0
10,TRUCK,DIESEL,PERSONAL,19576.22,53,16222,EXCELLENT,1,COMPREHENSIVE,1000.0,557.92,0,0.0
14,SEDAN,PETROL,RIDESHARE,7555.1,18,6325,EXCELLENT,1,THIRD_PARTY,1000.0,250.0,0,0.0
13,SEDAN,ELECTRIC,COMMERCIAL,10562.2,58,17119,FAIR,0,COMPREHENSIVE,500.0,406.38,0,0.0
9,SEDAN,ELECTRIC,PERSONAL,13907.94,31,15979,EXCELLENT,2,COMPREHENSIVE,500.0,396.38,0,0.0
7,TRUCK,PETROL,PERSONAL,28238.49,75,19486,EXCELLENT,0,THIRD_PARTY,1000.0,405.93,0,0.0
3,HATCHBACK,PETROL,RIDESHARE,11441.22,27,12524,GOOD,0,COMPREHENSIVE,250.0,489.11,0,0.0
12,SUV,HYBRID,COMMERCIAL,8194.61,67,8743,GOOD,2,THIRD_PARTY,1000.0,250.0,1,249.87
11,HATCHBACK,ELECTRIC,RIDESHARE,6883.75,59,18143,GOOD,0,ZERO_DEP_PREMIUM,500.0,361.4,0,0.0
1,SEDAN,PETROL,PERSONAL,33119.56,24,12718,FAIR,0,COMPREHENSIVE,1000.0,1179.88,0,0.0
0,SUV,PETROL,COMMERCIAL,35428.15,57,20702,EXCELLENT,0,THIRD_PARTY,1000.0,597.85,0,0.0
6,SEDAN,DIESEL,PERSONAL,20520.77,31,15692,EXCELLENT,0,COMPREHENSIVE,500.0,584.84,0,0.0
9,SEDAN,DIESEL,PERSONAL,8891.99,53,12383,EXCELLENT,2,COMPREHENSIVE,1000.0,253.42,0,0.0
2,SUV,PETROL,PERSONAL,27055.78,44,8533,FAIR,0,ZERO_DEP_PREMIUM,1000.0,946.95,0,0.0
13,TRUCK,PETROL,PERSONAL,10581.43,28,12030,EXCELLENT,0,THIRD_PARTY,1000.0,250.0,0,0.0
5,SEDAN,HYBRID,PERSONAL,16754.14,59,16717,POOR,1,THIRD_PARTY,500.0,250.0,0,0.0
4,SEDAN,DIESEL,COMMERCIAL,22427.48,66,5713,FAIR,0,ZERO_DEP_PREMIUM,500.0,1059.7,0,0.0
4,SEDAN,CNG,COMMERCIAL,16732.32,54,10677,GOOD,0,COMPREHENSIVE,1000.0,643.78,1,1321.49
11,SEDAN,ELECTRIC,COMMERCIAL,12294.24,59,5234,FAIR,0,THIRD_PARTY,500.0,250.0,0,0.0
1,TRUCK,HYBRID,COMMERCIAL,43298.51,27,7815,GOOD,0,THIRD_PARTY,1000.0,730.66,0,0.0
13,SUV,PETROL,PERSONAL,10836.83,71,9749,GOOD,0,COMPREHENSIVE,2000.0,355.18,0,0.0
8,SUV,ELECTRIC,PERSONAL,21177.02,24,11281,GOOD,1,ZERO_DEP_PREMIUM,1000.0,926.49,0,0.0
10,HATCHBACK,PETROL,COMMERCIAL,4803.9,34,14090,GOOD,0,COMPREHENSIVE,500.0,250.0,0,0.0
3,SEDAN,DIESEL,PERSONAL,24327.0,78,15657,EXCELLENT,0,THIRD_PARTY,1000.0,349.7,0,0.0
9,SUV,DIESEL,PERSONAL,13403.78,69,18725,GOOD,0,COMPREHENSIVE,500.0,439.31,0,0.0
0,SUV,PETROL,PERSONAL,32276.48,29,19714,FAIR,0,COMPREHENSIVE,500.0,919.88,0,0.0
1,SUV,HYBRID,PERSONAL,36678.67,54,17833,GOOD,0,COMPREHENSIVE,250.0,1045.34,0,0.0
8,COMMERCIAL_VAN,HYBRID,PERSONAL,23790.76,54,10792,POOR,1,COMPREHENSIVE,250.0,678.04,0,0.0
15,HATCHBACK,PETROL,PERSONAL,4500.0,72,13552,EXCELLENT,0,ZERO_DEP_PREMIUM,1000.0,250.0,0,0.0
6,SUV,DIESEL,PERSONAL,23596.97,53,9969,POOR,1,COMPREHENSIVE,500.0,672.51,0,0.0
9,HATCHBACK,PETROL,RIDESHARE,8514.89,75,13627,GOOD,0,COMPREHENSIVE,250.0,418.61,0,0.0
1,SEDAN,PETROL,COMMERCIAL,20856.94,24,11776,GOOD,0,COMPREHENSIVE,500.0,1003.09,0,0.0
15,SEDAN,ELECTRIC,COMMERCIAL,8081.4,41,7359,FAIR,1,COMPREHENSIVE,1000.0,310.93,1,840.28
6,SEDAN,PETROL,PERSONAL,14654.93,51,19033,FAIR,1,COMPREHENSIVE,500.0,417.67,0,0.0
13,SEDAN,HYBRID,COMMERCIAL,6278.99,18,20186,GOOD,0,COMPREHENSIVE,500.0,301.98,0,0.0
3,SUV,PETROL,COMMERCIAL,25638.73,46,9088,FAIR,0,COMPREHENSIVE,500.0,986.45,0,0.0
9,SUV,DIESEL,PERSONAL,13438.07,43,14843,EXCELLENT,0,THIRD_PARTY,250.0,250.0,0,0.0
1,TRUCK,DIESEL,RIDESHARE,34438.38,27,9283,GOOD,0,COMPREHENSIVE,500.0,1472.24,0,0.0
11,SUV,PETROL,PERSONAL,11453.41,18,12143,POOR,0,COMPREHENSIVE,2000.0,408.03,0,0.0
3,SUV,PETROL,RIDESHARE,22425.86,62,10107,EXCELLENT,0,COMPREHENSIVE,1000.0,958.71,0,0.0
4,SEDAN,ELECTRIC,PERSONAL,20813.99,34,9677,EXCELLENT,1,COMPREHENSIVE,250.0,593.2,1,2793.98
12,SEDAN,ELECTRIC,PERSONAL,9273.06,58,13355,GOOD,0,COMPREHENSIVE,1000.0,264.28,0,0.0
13,SUV,PETROL,PERSONAL,12190.24,53,4330,GOOD,1,COMPREHENSIVE,500.0,347.42,1,678.04
3,SUV,DIESEL,PERSONAL,25517.32,26,10146,GOOD,0,ZERO_DEP_PREMIUM,1000.0,893.11,0,0.0
14,HATCHBACK,PETROL,PERSONAL,5293.04,56,30570,GOOD,0,THIRD_PARTY,250.0,250.0,1,420.32
2,SEDAN,PETROL,RIDESHARE,17024.81,40,5565,GOOD,0,THIRD_PARTY,500.0,319.22,0,0.0
5,SEDAN,DIESEL,RIDESHARE,17844.0,46,10788,GOOD,2,THIRD_PARTY,1000.0,334.58,1,4366.77
0,SUV,PETROL,RIDESHARE,32141.41,19,13796,GOOD,0,COMPREHENSIVE,1000.0,1717.56,1,6675.83
7,SEDAN,ELECTRIC,PERSONAL,14367.25,35,11691,POOR,0,COMPREHENSIVE,500.0,409.47,0,0.0
11,SEDAN,ELECTRIC,RIDESHARE,8536.81,45,9062,POOR,0,THIRD_PARTY,250.0,250.0,1,181.31
4,HATCHBACK,HYBRID,PERSONAL,13751.84,70,16856,FAIR,0,COMPREHENSIVE,1000.0,450.72,0,0.0
7,SEDAN,DIESEL,COMMERCIAL,17787.51,64,13172,EXCELLENT,0,COMPREHENSIVE,500.0,684.37,0,0.0
9,SUV,HYBRID,PERSONAL,18791.7,59,9694,GOOD,0,COMPREHENSIVE,250.0,535.56,0,0.0
3,SEDAN,DIESEL,PERSONAL,16123.12,66,16357,FAIR,0,COMPREHENSIVE,1000.0,459.51,0,0.0
3,SEDAN,DIESEL,RIDESHARE,17484.79,24,10126,GOOD,0,ZERO_DEP_PREMIUM,500.0,1147.44,0,0.0
4,SEDAN,CNG,RIDESHARE,23954.82,28,8562,POOR,0,ZERO_DEP_PREMIUM,500.0,1257.63,1,3069.14
4,HATCHBACK,DIESEL,PERSONAL,11038.42,24,15145,GOOD,0,THIRD_PARTY,1000.0,250.0,0,0.0
10,SUV,PETROL,COMMERCIAL,19049.36,60,6618,FAIR,1,ZERO_DEP_PREMIUM,500.0,900.08,1,2586.57
5,HATCHBACK,ELECTRIC,PERSONAL,9732.07,41,20410,EXCELLENT,0,COMPREHENSIVE,1000.0,277.36,0,0.0
4,SEDAN,HYBRID,COMMERCIAL,24359.4,72,19322,GOOD,0,THIRD_PARTY,1000.0,472.72,1,1928.28
4,HATCHBACK,ELECTRIC,PERSONAL,14790.44,73,14961,FAIR,0,THIRD_PARTY,500.0,250.0,0,0.0
12,SEDAN,DIESEL,PERSONAL,9745.72,32,9880,FAIR,0,ZERO_DEP_PREMIUM,250.0,341.1,1,1323.52
7,SUV,DIESEL,PERSONAL,13137.33,48,7694,GOOD,0,COMPREHENSIVE,2000.0,374.41,0,0.0
5,SUV,CNG,PERSONAL,22021.12,68,3000,EXCELLENT,1,COMPREHENSIVE,500.0,627.6,0,0.0
1,TRUCK,PETROL,COMMERCIAL,53568.1,36,19771,FAIR,1,COMPREHENSIVE,2000.0,2061.03,0,0.0
3,SUV,DIESEL,PERSONAL,35798.22,73,8137,GOOD,1,ZERO_DEP_PREMIUM,250.0,1440.88,1,7068.28
3,SEDAN,PETROL,PERSONAL,16285.01,74,14093,EXCELLENT,0,COMPREHENSIVE,500.0,533.74,0,0.0
4,SEDAN,DIESEL,PERSONAL,17462.7,27,13395,GOOD,0,ZERO_DEP_PREMIUM,1000.0,611.19,0,0.0
14,HATCHBACK,DIESEL,PERSONAL,5489.77,65,4973,GOOD,0,THIRD_PARTY,2000.0,250.0,0,0.0
14,SUV,PETROL,PERSONAL,10618.26,69,9780,GOOD,0,COMPREHENSIVE,1000.0,348.01,0,0.0
5,HATCHBACK,PETROL,PERSONAL,12911.07,25,7401,FAIR,0,COMPREHENSIVE,500.0,367.97,0,0.0
10,SEDAN,DIESEL,PERSONAL,12945.57,18,16068,GOOD,0,THIRD_PARTY,500.0,250.0,0,0.0
4,SEDAN,PETROL,PERSONAL,23806.6,19,16267,GOOD,1,COMPREHENSIVE,500.0,848.11,1,5890.66
15,SEDAN,PETROL,PERSONAL,4941.19,46,11401,EXCELLENT,0,THIRD_PARTY,250.0,250.0,0,0.0
13,COMMERCIAL_VAN,ELECTRIC,COMMERCIAL,8939.37,59,8707,GOOD,0,ZERO_DEP_PREMIUM,1000.0,422.39,0,0.0
13,SUV,PETROL,PERSONAL,8007.38,27,13345,EXCELLENT,1,COMPREHENSIVE,2000.0,250.0,0,0.0
15,TRUCK,DIESEL,PERSONAL,14484.81,59,17482,EXCELLENT,0,COMPREHENSIVE,1000.0,412.82,0,0.0
10,SEDAN,HYBRID,COMMERCIAL,10455.03,26,5833,EXCELLENT,0,COMPREHENSIVE,500.0,402.26,0,0.0
5,SUV,PETROL,PERSONAL,16737.16,67,22007,EXCELLENT,0,COMPREHENSIVE,500.0,477.01,0,0.0
7,SUV,PETROL,COMMERCIAL,17209.46,48,11402,EXCELLENT,1,COMPREHENSIVE,1000.0,662.13,1,2770.98
3,SEDAN,DIESEL,PERSONAL,18534.61,49,11965,GOOD,1,ZERO_DEP_PREMIUM,1000.0,648.71,0,0.0
10,HATCHBACK,ELECTRIC,PERSONAL,7892.32,19,19711,EXCELLENT,0,ZERO_DEP_PREMIUM,1000.0,345.29,0,0.0
2,TRUCK,HYBRID,PERSONAL,44264.17,41,12248,EXCELLENT,1,COMPREHENSIVE,1000.0,1261.53,0,0.0
8,TRUCK,HYBRID,PERSONAL,24468.71,54,12026,POOR,0,COMPREHENSIVE,1000.0,697.36,0,0.0
2,HATCHBACK,ELECTRIC,PERSONAL,9477.5,70,8389,GOOD,1,COMPREHENSIVE,2000.0,310.63,0,0.0
10,SEDAN,PETROL,COMMERCIAL,13541.81,60,9903,GOOD,0,THIRD_PARTY,1000.0,250.0,0,0.0
7,SEDAN,PETROL,RIDESHARE,11432.36,23,9322,EXCELLENT,0,ZERO_DEP_PREMIUM,1000.0,750.25,0,0.0
9,COMMERCIAL_VAN,PETROL,PERSONAL,18543.5,25,4554,GOOD,0,ZERO_DEP_PREMIUM,250.0,649.02,0,0.0
11,SEDAN,PETROL,COMMERCIAL,6848.21,57,3138,GOOD,0,ZERO_DEP_PREMIUM,1000.0,323.58,0,0.0
4,HATCHBACK,ELECTRIC,PERSONAL,8306.55,42,11457,GOOD,0,THIRD_PARTY,500.0,250.0,0,0.0
15,HATCHBACK,DIESEL,RIDESHARE,4500.0,59,6285,GOOD,0,THIRD_PARTY,1000.0,250.0,0,0.0
8,SUV,PETROL,COMMERCIAL,18556.81,60,15436,FAIR,1,THIRD_PARTY,1000.0,313.15,0,0.0
2,COMMERCIAL_VAN,ELECTRIC,PERSONAL,35891.1,68,11506,POOR,2,THIRD_PARTY,1000.0,448.64,0,0.0
9,SEDAN,PETROL,PERSONAL,8181.34,42,5319,FAIR,1,ZERO_DEP_PREMIUM,1000.0,286.35,0,0.0
9,SEDAN,PETROL,PERSONAL,10050.71,63,19361,EXCELLENT,1,ZERO_DEP_PREMIUM,2000.0,351.77,0,0.0
7,SEDAN,DIESEL,PERSONAL,17413.02,28,10581,GOOD,0,THIRD_PARTY,1000.0,250.0,0,0.0
13,SUV,PETROL,PERSONAL,8144.18,52,14817,EXCELLENT,0,COMPREHENSIVE,1000.0,250.0,1,1921.26
12,SEDAN,PETROL,RIDESHARE,7139.98,18,19898,GOOD,1,THIRD_PARTY,1000.0,250.0,0,0.0
12,SEDAN,PETROL,RIDESHARE,8359.83,77,12347,GOOD,1,THIRD_PARTY,500.0,250.0,0,0.0
6,HATCHBACK,PETROL,COMMERCIAL,11717.11,76,12562,GOOD,0,COMPREHENSIVE,250.0,518.44,1,1771.04
11,TRUCK,ELECTRIC,RIDESHARE,13696.12,70,18971,GOOD,1,COMPREHENSIVE,250.0,673.34,1,415.05
6,SEDAN,HYBRID,COMMERCIAL,20640.85,40,11177,FAIR,0,THIRD_PARTY,1000.0,348.31,0,0.0
13,SEDAN,PETROL,PERSONAL,7238.24,20,17329,FAIR,1,COMPREHENSIVE,500.0,257.86,1,988.65
10,TRUCK,PETROL,PERSONAL,16629.09,58,12166,EXCELLENT,0,COMPREHENSIVE,1000.0,473.93,0,0.0
9,SEDAN,ELECTRIC,PERSONAL,8739.32,18,13266,FAIR,1,THIRD_PARTY,1000.0,250.0,0,0.0
8,SEDAN,HYBRID,PERSONAL,14380.14,71,13203,FAIR,0,COMPREHENSIVE,500.0,471.31,0,0.0
11,SEDAN,PETROL,PERSONAL,8019.74,61,10835,EXCELLENT,0,ZERO_DEP_PREMIUM,1000.0,280.69,0,0.0
7,SUV,PETROL,PERSONAL,21211.73,29,10093,GOOD,0,THIRD_PARTY,250.0,265.15,0,0.0
2,SEDAN,ELECTRIC,COMMERCIAL,18434.72,55,9563,FAIR,0,ZERO_DEP_PREMIUM,1000.0,871.04,1,1169.82
13,COMMERCIAL_VAN,DIESEL,COMMERCIAL,10833.51,78,6669,GOOD,0,COMPREHENSIVE,1000.0,479.34,1,1759.33
12,SUV,PETROL,PERSONAL,15088.03,57,10490,GOOD,0,COMPREHENSIVE,1000.0,430.01,0,0.0
5,SUV,DIESEL,RIDESHARE,27345.36,48,11305,GOOD,0,THIRD_PARTY,500.0,512.73,0,0.0
10,SEDAN,PETROL,PERSONAL,8183.02,46,14333,POOR,0,COMPREHENSIVE,250.0,250.0,0,0.0
5,SUV,DIESEL,COMMERCIAL,25282.19,52,12084,POOR,0,COMPREHENSIVE,1000.0,972.73,0,0.0
4,SUV,DIESEL,PERSONAL,28144.36,45,17348,GOOD,0,THIRD_PARTY,500.0,351.8,0,0.0
2,HATCHBACK,HYBRID,PERSONAL,10114.72,38,17145,GOOD,0,COMPREHENSIVE,500.0,288.27,0,0.0
8,HATCHBACK,DIESEL,RIDESHARE,7720.15,28,18553,GOOD,0,COMPREHENSIVE,500.0,330.04,0,0.0
6,SUV,PETROL,PERSONAL,18040.55,43,11589,EXCELLENT,0,COMPREHENSIVE,1000.0,514.16,0,0.0
3,TRUCK,PETROL,PERSONAL,34052.07,28,10200,GOOD,0,COMPREHENSIVE,500.0,970.48,0,0.0
5,HATCHBACK,HYBRID,PERSONAL,12420.23,22,6346,FAIR,1,COMPREHENSIVE,1000.0,442.47,0,0.0
4,HATCHBACK,PETROL,PERSONAL,8895.89,73,18387,FAIR,0,COMPREHENSIVE,1000.0,291.56,0,0.0
0,SEDAN,PETROL,RIDESHARE,20444.14,24,7304,FAIR,0,COMPREHENSIVE,1000.0,1092.48,0,0.0
1,SEDAN,PETROL,PERSONAL,21022.42,68,8445,EXCELLENT,0,COMPREHENSIVE,500.0,599.14,0,0.0
0,SEDAN,ELECTRIC,COMMERCIAL,35531.41,48,13515,FAIR,0,COMPREHENSIVE,1000.0,1367.07,0,0.0
8,SUV,DIESEL,PERSONAL,20712.35,56,11110,GOOD,1,COMPREHENSIVE,1000.0,590.3,1,2663.42
8,SUV,PETROL,PERSONAL,12080.92,59,19012,EXCELLENT,0,ZERO_DEP_PREMIUM,500.0,422.83,0,0.0
15,SUV,PETROL,PERSONAL,8579.48,25,9046,GOOD,0,ZERO_DEP_PREMIUM,1000.0,300.28,0,0.0
4,TRUCK,HYBRID,COMMERCIAL,26557.61,70,12630,FAIR,0,THIRD_PARTY,500.0,515.38,0,0.0
7,TRUCK,DIESEL,PERSONAL,26073.1,44,4162,GOOD,0,COMPREHENSIVE,1000.0,743.08,0,0.0
9,TRUCK,ELECTRIC,PERSONAL,19233.82,38,18044,POOR,0,COMPREHENSIVE,500.0,548.16,0,0.0
3,SEDAN,HYBRID,PERSONAL,26943.08,47,4958,GOOD,1,ZERO_DEP_PREMIUM,1000.0,943.01,0,0.0
0,SUV,HYBRID,PERSONAL,30718.26,31,23694,GOOD,1,ZERO_DEP_PREMIUM,1000.0,1075.14,1,3924.1
12,SEDAN,PETROL,COMMERCIAL,9319.21,76,11971,GOOD,0,ZERO_DEP_PREMIUM,500.0,506.38,0,0.0
12,SEDAN,CNG,PERSONAL,9978.62,18,11206,EXCELLENT,0,COMPREHENSIVE,250.0,355.49,1,832.65
3,SEDAN,PETROL,PERSONAL,25037.6,62,12357,GOOD,1,THIRD_PARTY,1000.0,312.97,0,0.0
6,SEDAN,PETROL,PERSONAL,14541.36,41,7666,GOOD,0,COMPREHENSIVE,500.0,414.43,1,1649.83
10,SUV,HYBRID,PERSONAL,16554.25,78,15460,GOOD,0,COMPREHENSIVE,250.0,542.57,0,0.0
1,HATCHBACK,PETROL,PERSONAL,13282.23,23,10661,GOOD,0,THIRD_PARTY,500.0,250.0,0,0.0
1,SEDAN,PETROL,PERSONAL,23774.36,23,11093,FAIR,1,THIRD_PARTY,500.0,371.47,0,0.0
5,HATCHBACK,PETROL,PERSONAL,13248.84,70,18282,GOOD,0,ZERO_DEP_PREMIUM,500.0,533.27,1,2463.76
8,SUV,DIESEL,PERSONAL,23107.11,22,4761,GOOD,1,ZERO_DEP_PREMIUM,500.0,1010.94,1,1828.74
2,SEDAN,PETROL,PERSONAL,25905.02,52,11619,GOOD,1,THIRD_PARTY,1000.0,323.81,0,0.0
6,SUV,ELECTRIC,COMMERCIAL,19667.39,61,12007,EXCELLENT,0,ZERO_DEP_PREMIUM,1000.0,929.28,0,0.0
9,SEDAN,HYBRID,COMMERCIAL,14175.2,32,13121,POOR,0,ZERO_DEP_PREMIUM,250.0,669.78,0,0.0
14,SUV,DIESEL,PERSONAL,6903.53,52,9997,FAIR,0,COMPREHENSIVE,500.0,250.0,1,670.36
13,SUV,PETROL,PERSONAL,8154.81,65,11064,EXCELLENT,1,COMPREHENSIVE,250.0,250.0,0,0.0
8,SEDAN,HYBRID,PERSONAL,14219.03,67,20821,FAIR,0,ZERO_DEP_PREMIUM,500.0,497.67,0,0.0
10,SEDAN,PETROL,COMMERCIAL,9151.56,58,14747,POOR,0,THIRD_PARTY,500.0,250.0,0,0.0
12,SUV,PETROL,PERSONAL,15857.71,25,8994,FAIR,1,ZERO_DEP_PREMIUM,500.0,555.02,1,697.48
8,TRUCK,PETROL,COMMERCIAL,20799.58,60,15434,GOOD,0,COMPREHENSIVE,2000.0,800.26,0,0.0
10,SEDAN,DIESEL,COMMERCIAL,10130.44,52,12705,POOR,1,COMPREHENSIVE,2000.0,389.77,1,1847.47
3,HATCHBACK,PETROL,PERSONAL,14162.98,22,15838,EXCELLENT,1,COMPREHENSIVE,1000.0,504.56,1,869.55
1,SUV,PETROL,PERSONAL,40533.88,48,11582,GOOD,1,COMPREHENSIVE,500.0,1155.22,0,0.0
14,TRUCK,PETROL,COMMERCIAL,12136.31,59,8864,EXCELLENT,1,ZERO_DEP_PREMIUM,1000.0,573.44,0,0.0
0,HATCHBACK,PETROL,PERSONAL,13596.81,48,4991,GOOD,0,THIRD_PARTY,2000.0,250.0,0,0.0
5,SUV,DIESEL,COMMERCIAL,27886.36,54,17685,POOR,0,COMPREHENSIVE,500.0,1072.93,0,0.0
4,SUV,ELECTRIC,COMMERCIAL,22816.85,25,15578,FAIR,0,ZERO_DEP_PREMIUM,250.0,1078.1,0,0.0
5,TRUCK,ELECTRIC,COMMERCIAL,22585.85,23,14105,FAIR,1,ZERO_DEP_PREMIUM,1000.0,1333.98,0,0.0
6,SUV,PETROL,PERSONAL,23349.27,40,15419,GOOD,0,ZERO_DEP_PREMIUM,1000.0,817.22,0,0.0
8,SEDAN,PETROL,PERSONAL,9332.75,70,18065,POOR,0,COMPREHENSIVE,250.0,305.88,0,0.0
9,SEDAN,CNG,PERSONAL,15353.53,33,4926,GOOD,0,ZERO_DEP_PREMIUM,1000.0,537.37,0,0.0
9,HATCHBACK,PETROL,COMMERCIAL,7823.78,61,12875,EXCELLENT,0,COMPREHENSIVE,1000.0,301.02,0,0.0
10,HATCHBACK,HYBRID,COMMERCIAL,8661.4,66,4351,GOOD,0,COMPREHENSIVE,500.0,333.25,0,0.0
5,SEDAN,PETROL,PERSONAL,15206.33,25,10726,GOOD,0,COMPREHENSIVE,250.0,433.38,0,0.0
5,SUV,HYBRID,PERSONAL,30998.4,21,13984,EXCELLENT,1,COMPREHENSIVE,2000.0,1104.32,0,0.0
12,SUV,PETROL,RIDESHARE,9309.28,49,10916,POOR,0,THIRD_PARTY,1000.0,250.0,0,0.0
14,SEDAN,PETROL,RIDESHARE,5057.95,70,20430,GOOD,0,COMPREHENSIVE,500.0,250.0,0,0.0
2,COMMERCIAL_VAN,ELECTRIC,PERSONAL,22754.02,66,11190,POOR,0,COMPREHENSIVE,500.0,648.49,0,0.0
12,SEDAN,DIESEL,PERSONAL,8597.4,20,9033,GOOD,1,THIRD_PARTY,500.0,250.0,0,0.0
7,SEDAN,PETROL,COMMERCIAL,10185.71,67,12643,EXCELLENT,0,THIRD_PARTY,1000.0,250.0,0,0.0
8,SUV,DIESEL,COMMERCIAL,17919.74,33,7838,EXCELLENT,0,COMPREHENSIVE,500.0,689.46,1,2740.86
0,HATCHBACK,ELECTRIC,RIDESHARE,14868.01,77,8555,POOR,0,ZERO_DEP_PREMIUM,500.0,897.66,0,0.0
15,SEDAN,PETROL,PERSONAL,5907.15,51,16714,EXCELLENT,0,COMPREHENSIVE,250.0,250.0,0,0.0
5,SUV,PETROL,PERSONAL,25720.95,30,16956,GOOD,1,COMPREHENSIVE,2000.0,733.05,0,0.0
6,SUV,DIESEL,PERSONAL,16644.29,50,13206,GOOD,0,THIRD_PARTY,1000.0,250.0,0,0.0
10,SEDAN,PETROL,COMMERCIAL,12520.22,39,15246,GOOD,1,COMPREHENSIVE,1000.0,481.72,0,0.0
7,SEDAN,DIESEL,COMMERCIAL,14879.08,48,21897,GOOD,1,COMPREHENSIVE,500.0,572.47,1,3659.31
14,SUV,PETROL,RIDESHARE,12886.54,41,12237,EXCELLENT,0,THIRD_PARTY,500.0,250.0,0,0.0
11,SEDAN,PETROL,PERSONAL,8802.55,20,8599,FAIR,0,ZERO_DEP_PREMIUM,1000.0,385.11,0,0.0
9,TRUCK,PETROL,COMMERCIAL,26132.66,50,14910,GOOD,1,ZERO_DEP_PREMIUM,1000.0,1234.77,0,0.0
15,HATCHBACK,DIESEL,PERSONAL,4500.0,47,16258,GOOD,0,ZERO_DEP_PREMIUM,1000.0,250.0,0,0.0
14,COMMERCIAL_VAN,PETROL,PERSONAL,14017.7,43,16701,FAIR,0,COMPREHENSIVE,250.0,399.5,0,0.0
10,SEDAN,PETROL,PERSONAL,7279.16,51,17648,FAIR,2,ZERO_DEP_PREMIUM,1000.0,254.77,0,0.0
7,COMMERCIAL_VAN,PETROL,COMMERCIAL,23752.49,68,16977,GOOD,0,COMPREHENSIVE,1000.0,913.88,0,0.0
6,SUV,CNG,RIDESHARE,25996.41,39,14840,FAIR,1,COMPREHENSIVE,250.0,1111.35,0,0.0
7,SEDAN,PETROL,PERSONAL,9905.15,47,15361,POOR,0,ZERO_DEP_PREMIUM,1000.0,346.68,0,0.0
10,SEDAN,ELECTRIC,PERSONAL,11190.75,52,14348,GOOD,0,THIRD_PARTY,1000.0,250.0,0,0.0
8,SEDAN,PETROL,COMMERCIAL,15422.1,42,5347,FAIR,2,THIRD_PARTY,500.0,260.25,0,0.0
9,SUV,PETROL,PERSONAL,16833.98,45,4766,FAIR,0,THIRD_PARTY,1000.0,250.0,0,0.0
6,SUV,DIESEL,RIDESHARE,15223.5,50,7760,FAIR,0,ZERO_DEP_PREMIUM,250.0,799.23,1,5560.15
14,SEDAN,DIESEL,PERSONAL,8230.43,40,16189,GOOD,1,COMPREHENSIVE,1000.0,250.0,0,0.0
14,SUV,CNG,PERSONAL,7137.24,43,10530,POOR,1,COMPREHENSIVE,500.0,250.0,0,0.0
15,SEDAN,HYBRID,PERSONAL,8038.21,73,13112,EXCELLENT,1,ZERO_DEP_PREMIUM,1000.0,323.54,0,0.0
2,SUV,ELECTRIC,PERSONAL,21766.16,26,19534,POOR,0,ZERO_DEP_PREMIUM,500.0,761.82,0,0.0
15,SEDAN,DIESEL,PERSONAL,5030.42,25,17376,EXCELLENT,0,ZERO_DEP_PREMIUM,500.0,250.0,0,0.0
14,HATCHBACK,DIESEL,PERSONAL,4500.0,54,3000,GOOD,0,THIRD_PARTY,2000.0,250.0,0,0.0
8,HATCHBACK,PETROL,PERSONAL,8602.65,50,15785,FAIR,0,COMPREHENSIVE,2000.0,250.0,0,0.0
0,SUV,HYBRID,PERSONAL,49804.25,32,12752,EXCELLENT,0,ZERO_DEP_PREMIUM,250.0,1743.15,0,0.0
13,SEDAN,DIESEL,RIDESHARE,5970.11,66,9548,EXCELLENT,0,COMPREHENSIVE,500.0,255.22,0,0.0
7,SEDAN,DIESEL,PERSONAL,10747.22,64,11026,GOOD,0,COMPREHENSIVE,500.0,306.3,0,0.0
5,HATCHBACK,PETROL,PERSONAL,9567.25,25,11088,FAIR,0,ZERO_DEP_PREMIUM,500.0,334.85,0,0.0
10,SEDAN,PETROL,COMMERCIAL,13013.97,72,6597,EXCELLENT,1,COMPREHENSIVE,1000.0,575.82,0,0.0
2,SEDAN,HYBRID,PERSONAL,22113.25,38,13600,GOOD,0,COMPREHENSIVE,250.0,630.23,1,2648.58
8,SEDAN,PETROL,PERSONAL,11311.13,75,22294,GOOD,1,COMPREHENSIVE,250.0,370.72,0,0.0
5,SUV,PETROL,PERSONAL,24550.88,20,17071,EXCELLENT,0,ZERO_DEP_PREMIUM,1000.0,1074.1,0,0.0
14,SUV,PETROL,COMMERCIAL,8482.64,26,3381,GOOD,0,THIRD_PARTY,1000.0,250.0,0,0.0
6,HATCHBACK,ELECTRIC,COMMERCIAL,8911.57,69,13810,EXCELLENT,1,COMPREHENSIVE,2000.0,394.3,0,0.0
15,SEDAN,PETROL,PERSONAL,5893.78,31,13810,GOOD,0,ZERO_DEP_PREMIUM,500.0,250.0,0,0.0
10,SUV,ELECTRIC,COMMERCIAL,17704.55,55,8022,FAIR,0,COMPREHENSIVE,2000.0,681.18,1,4112.39
1,HATCHBACK,PETROL,PERSONAL,19612.01,44,7051,FAIR,0,COMPREHENSIVE,1000.0,558.94,0,0.0
0,HATCHBACK,HYBRID,PERSONAL,19707.21,37,16539,GOOD,0,COMPREHENSIVE,500.0,561.66,0,0.0
0,SUV,ELECTRIC,COMMERCIAL,36264.91,74,12972,EXCELLENT,0,COMPREHENSIVE,1000.0,1604.59,0,0.0
2,SUV,PETROL,PERSONAL,31392.64,21,10352,GOOD,0,COMPREHENSIVE,1000.0,1118.36,0,0.0
10,SEDAN,DIESEL,RIDESHARE,7973.82,41,15211,FAIR,0,ZERO_DEP_PREMIUM,500.0,418.63,0,0.0
2,TRUCK,PETROL,PERSONAL,44554.62,44,22027,GOOD,0,COMPREHENSIVE,500.0,1269.81,0,0.0
7,SEDAN,PETROL,PERSONAL,15014.93,29,13660,GOOD,0,COMPREHENSIVE,1000.0,427.93,0,0.0
6,TRUCK,HYBRID,RIDESHARE,33274.39,45,13811,POOR,1,THIRD_PARTY,500.0,623.89,0,0.0
14,SUV,PETROL,PERSONAL,8079.46,52,12402,GOOD,0,COMPREHENSIVE,500.0,250.0,0,0.0
15,SUV,PETROL,RIDESHARE,10776.22,41,10735,FAIR,0,COMPREHENSIVE,2000.0,460.68,0,0.0
9,SEDAN,PETROL,RIDESHARE,13120.77,48,16186,GOOD,0,COMPREHENSIVE,250.0,560.91,1,1957.95
7,SUV,PETROL,COMMERCIAL,16484.32,76,11633,EXCELLENT,1,ZERO_DEP_PREMIUM,1000.0,895.72,1,666.71
0,SUV,HYBRID,PERSONAL,42017.94,20,14749,GOOD,0,COMPREHENSIVE,2000.0,1496.89,0,0.0
3,SEDAN,PETROL,PERSONAL,26392.77,47,19252,GOOD,0,COMPREHENSIVE,500.0,752.19,0,0.0
7,SUV,CNG,COMMERCIAL,24982.6,44,15851,GOOD,0,THIRD_PARTY,500.0,421.58,0,0.0
9,COMMERCIAL_VAN,HYBRID,COMMERCIAL,19574.39,70,6768,GOOD,1,COMPREHENSIVE,500.0,866.09,0,0.0
1,SUV,PETROL,PERSONAL,24034.41,34,6505,EXCELLENT,1,COMPREHENSIVE,250.0,684.98,0,0.0
6,HATCHBACK,PETROL,RIDESHARE,11907.86,23,18139,FAIR,0,COMPREHENSIVE,1000.0,636.33,0,0.0
7,SEDAN,HYBRID,PERSONAL,15591.49,64,11995,FAIR,1,THIRD_PARTY,1000.0,250.0,0,0.0
13,SUV,PETROL,RIDESHARE,9690.67,60,13673,GOOD,0,ZERO_DEP_PREMIUM,1000.0,508.76,0,0.0
8,SEDAN,PETROL,PERSONAL,10161.2,35,8936,FAIR,0,ZERO_DEP_PREMIUM,250.0,355.64,0,0.0
6,SUV,PETROL,PERSONAL,15973.22,77,15272,EXCELLENT,0,COMPREHENSIVE,500.0,523.52,0,0.0
11,TRUCK,DIESEL,PERSONAL,11462.87,52,20995,GOOD,1,COMPREHENSIVE,1000.0,326.69,0,0.0
8,SUV,ELECTRIC,PERSONAL,20786.76,44,13182,GOOD,0,COMPREHENSIVE,1000.0,592.42,0,0.0
1,SEDAN,PETROL,COMMERCIAL,20468.03,34,15415,GOOD,1,ZERO_DEP_PREMIUM,250.0,967.11,0,0.0
10,SEDAN,PETROL,PERSONAL,7259.26,28,18104,GOOD,1,ZERO_DEP_PREMIUM,250.0,254.07,0,0.0
0,SUV,HYBRID,RIDESHARE,35211.22,55,20060,GOOD,1,COMPREHENSIVE,1000.0,1505.28,1,1866.04
15,SUV,ELECTRIC,PERSONAL,9079.2,54,9443,GOOD,1,ZERO_DEP_PREMIUM,250.0,317.77,1,2464.42
0,HATCHBACK,DIESEL,PERSONAL,13095.38,59,14361,EXCELLENT,0,COMPREHENSIVE,1000.0,373.22,0,0.0
10,HATCHBACK,ELECTRIC,PERSONAL,4553.58,51,18238,POOR,0,COMPREHENSIVE,250.0,250.0,0,0.0
11,SUV,PETROL,PERSONAL,10619.0,64,19493,EXCELLENT,0,COMPREHENSIVE,500.0,302.64,0,0.0
3,SEDAN,ELECTRIC,PERSONAL,23028.88,49,10593,GOOD,0,COMPREHENSIVE,500.0,656.32,0,0.0
0,SEDAN,PETROL,PERSONAL,19696.83,60,9484,GOOD,0,ZERO_DEP_PREMIUM,1000.0,689.39,0,0.0
6,SEDAN,PETROL,COMMERCIAL,16071.65,73,11802,GOOD,1,THIRD_PARTY,1000.0,311.89,0,0.0
7,SEDAN,ELECTRIC,PERSONAL,10782.06,74,11056,GOOD,1,COMPREHENSIVE,250.0,353.38,0,0.0
2,SUV,PETROL,PERSONAL,24951.79,63,11246,GOOD,0,THIRD_PARTY,250.0,311.9,0,0.0
13,SUV,CNG,COMMERCIAL,10301.82,63,14353,EXCELLENT,0,ZERO_DEP_PREMIUM,500.0,486.76,0,0.0
0,SUV,PETROL,PERSONAL,27740.8,52,10066,EXCELLENT,0,THIRD_PARTY,500.0,346.76,0,0.0
2,SEDAN,HYBRID,PERSONAL,17681.84,45,19516,EXCELLENT,0,THIRD_PARTY,250.0,250.0,0,0.0
1,SUV,HYBRID,PERSONAL,30934.18,71,10679,GOOD,2,THIRD_PARTY,500.0,444.68,1,10433.35
5,SEDAN,PETROL,PERSONAL,15101.56,39,9794,FAIR,0,COMPREHENSIVE,500.0,430.39,0,0.0
10,SEDAN,ELECTRIC,PERSONAL,12397.74,33,7235,EXCELLENT,0,COMPREHENSIVE,1000.0,353.34,0,0.0
6,HATCHBACK,PETROL,PERSONAL,6835.76,63,18157,GOOD,0,THIRD_PARTY,1000.0,250.0,0,0.0
8,SEDAN,HYBRID,COMMERCIAL,15922.85,59,6679,FAIR,0,THIRD_PARTY,500.0,268.7,0,0.0
4,SUV,DIESEL,RIDESHARE,31386.11,71,14558,EXCELLENT,3,THIRD_PARTY,500.0,676.76,1,1068.2
3,SEDAN,ELECTRIC,PERSONAL,24220.56,57,15625,GOOD,0,COMPREHENSIVE,500.0,690.29,0,0.0
0,TRUCK,DIESEL,RIDESHARE,40328.67,29,3000,GOOD,0,COMPREHENSIVE,500.0,1724.05,0,0.0
10,SUV,PETROL,PERSONAL,17888.46,22,6610,FAIR,0,COMPREHENSIVE,2000.0,637.28,0,0.0
15,SEDAN,PETROL,PERSONAL,5231.24,43,10799,FAIR,1,THIRD_PARTY,500.0,250.0,0,0.0
13,SUV,PETROL,PERSONAL,8315.01,43,21025,GOOD,0,ZERO_DEP_PREMIUM,250.0,291.03,0,0.0
5,HATCHBACK,ELECTRIC,PERSONAL,7303.37,30,10800,EXCELLENT,0,COMPREHENSIVE,1000.0,250.0,0,0.0
10,COMMERCIAL_VAN,DIESEL,PERSONAL,20088.29,41,10234,GOOD,0,ZERO_DEP_PREMIUM,500.0,703.09,0,0.0
7,SEDAN,DIESEL,PERSONAL,12301.91,61,9125,EXCELLENT,0,ZERO_DEP_PREMIUM,1000.0,430.57,0,0.0
3,TRUCK,PETROL,COMMERCIAL,44507.89,20,9055,GOOD,0,ZERO_DEP_PREMIUM,2000.0,2628.75,0,0.0
0,TRUCK,DIESEL,PERSONAL,39196.5,49,9641,FAIR,0,COMPREHENSIVE,500.0,1117.1,0,0.0
13,TRUCK,PETROL,PERSONAL,17241.24,40,9475,GOOD,0,COMPREHENSIVE,500.0,491.38,0,0.0
13,SUV,ELECTRIC,COMMERCIAL,14079.57,66,9283,GOOD,1,THIRD_PARTY,500.0,250.0,0,0.0
4,SUV,CNG,RIDESHARE,33242.83,69,9277,EXCELLENT,0,THIRD_PARTY,1000.0,716.8,0,0.0
9,SUV,PETROL,PERSONAL,16134.27,54,10784,EXCELLENT,0,ZERO_DEP_PREMIUM,1000.0,564.7,0,0.0
4,HATCHBACK,PETROL,PERSONAL,14331.21,72,16778,EXCELLENT,0,COMPREHENSIVE,500.0,469.71,0,0.0
1,SUV,PETROL,PERSONAL,44734.96,55,7454,FAIR,0,COMPREHENSIVE,500.0,1274.95,0,0.0
5,SUV,DIESEL,PERSONAL,20830.41,62,9588,POOR,0,COMPREHENSIVE,500.0,593.67,0,0.0
9,SUV,DIESEL,PERSONAL,15300.9,55,10161,GOOD,1,ZERO_DEP_PREMIUM,1000.0,535.53,0,0.0
8,HATCHBACK,ELECTRIC,PERSONAL,9054.94,30,12499,EXCELLENT,0,COMPREHENSIVE,1000.0,258.07,0,0.0
13,HATCHBACK,PETROL,PERSONAL,4500.0,32,9067,FAIR,0,THIRD_PARTY,1000.0,250.0,0,0.0
5,SEDAN,ELECTRIC,PERSONAL,19918.69,19,21839,FAIR,0,ZERO_DEP_PREMIUM,500.0,871.44,0,0.0
7,HATCHBACK,DIESEL,PERSONAL,6215.39,28,15124,POOR,0,COMPREHENSIVE,2000.0,250.0,0,0.0
9,SUV,PETROL,PERSONAL,16429.15,33,16884,GOOD,0,ZERO_DEP_PREMIUM,250.0,575.02,0,0.0
2,HATCHBACK,DIESEL,PERSONAL,10409.14,35,13573,GOOD,0,ZERO_DEP_PREMIUM,1000.0,364.32,0,0.0
9,SUV,PETROL,PERSONAL,13946.98,51,18819,GOOD,0,ZERO_DEP_PREMIUM,1000.0,488.14,0,0.0
1,SEDAN,DIESEL,PERSONAL,20845.35,27,7355,EXCELLENT,1,THIRD_PARTY,1000.0,260.57,1,3949.63
3,TRUCK,HYBRID,RIDESHARE,42681.59,30,9991,GOOD,0,THIRD_PARTY,500.0,800.28,0,0.0
11,SEDAN,PETROL,PERSONAL,7697.6,49,8825,FAIR,0,ZERO_DEP_PREMIUM,500.0,269.42,0,0.0
8,HATCHBACK,ELECTRIC,PERSONAL,9524.78,77,11728,FAIR,0,COMPREHENSIVE,250.0,312.17,0,0.0
8,SUV,DIESEL,PERSONAL,21259.08,25,19626,GOOD,0,THIRD_PARTY,1000.0,265.74,0,0.0
2,SUV,PETROL,COMMERCIAL,31278.87,24,22397,FAIR,0,COMPREHENSIVE,250.0,1504.32,1,5663.89
11,SEDAN,DIESEL,COMMERCIAL,7957.68,65,16795,GOOD,0,THIRD_PARTY,500.0,250.0,0,0.0
12,SUV,DIESEL,PERSONAL,9970.23,34,12059,EXCELLENT,0,COMPREHENSIVE,2000.0,284.15,0,0.0
0,SEDAN,PETROL,PERSONAL,26661.63,58,17540,FAIR,0,ZERO_DEP_PREMIUM,2000.0,933.16,0,0.0
0,SEDAN,PETROL,PERSONAL,18360.32,44,19174,GOOD,0,COMPREHENSIVE,500.0,523.27,0,0.0
3,SEDAN,PETROL,PERSONAL,21002.46,76,17794,FAIR,1,THIRD_PARTY,500.0,301.91,0,0.0
3,SEDAN,PETROL,RIDESHARE,26782.36,25,11898,GOOD,1,ZERO_DEP_PREMIUM,500.0,1406.07,0,0.0
10,COMMERCIAL_VAN,PETROL,PERSONAL,11961.0,46,12018,POOR,0,COMPREHENSIVE,1000.0,340.89,0,0.0
15,COMMERCIAL_VAN,PETROL,PERSONAL,10170.13,74,9537,GOOD,1,COMPREHENSIVE,1000.0,333.33,0,0.0
11,SUV,PETROL,PERSONAL,17518.86,69,11396,GOOD,0,THIRD_PARTY,500.0,251.83,0,0.0
15,HATCHBACK,HYBRID,PERSONAL,5063.77,54,8903,POOR,0,THIRD_PARTY,500.0,250.0,0,0.0
14,SEDAN,PETROL,COMMERCIAL,8993.15,44,12210,POOR,0,COMPREHENSIVE,500.0,346.01,0,0.0
9,SUV,ELECTRIC,PERSONAL,19646.52,54,12395,GOOD,1,ZERO_DEP_PREMIUM,500.0,687.63,0,0.0
5,HATCHBACK,DIESEL,RIDESHARE,9148.98,76,8613,EXCELLENT,1,COMPREHENSIVE,2000.0,449.79,0,0.0
4,TRUCK,ELECTRIC,PERSONAL,39931.88,74,24584,POOR,0,COMPREHENSIVE,250.0,1308.77,0,0.0
5,SUV,PETROL,PERSONAL,30528.76,41,13832,POOR,0,ZERO_DEP_PREMIUM,1000.0,1068.51,0,0.0
9,HATCHBACK,HYBRID,PERSONAL,7169.05,62,18316,EXCELLENT,0,ZERO_DEP_PREMIUM,1000.0,250.92,0,0.0
6,SEDAN,DIESEL,PERSONAL,13999.79,33,17902,GOOD,0,COMPREHENSIVE,1000.0,398.99,0,0.0
6,COMMERCIAL_VAN,ELECTRIC,PERSONAL,21362.38,43,21243,GOOD,0,COMPREHENSIVE,500.0,608.83,0,0.0
9,SEDAN,PETROL,PERSONAL,10391.23,71,8418,EXCELLENT,0,COMPREHENSIVE,500.0,340.57,0,0.0
13,SUV,PETROL,COMMERCIAL,8965.84,48,10046,EXCELLENT,1,COMPREHENSIVE,2000.0,344.96,1,766.84
9,SUV,DIESEL,PERSONAL,17453.07,44,4336,GOOD,0,THIRD_PARTY,250.0,250.0,0,0.0
8,SUV,PETROL,PERSONAL,18517.34,43,5220,POOR,1,COMPREHENSIVE,2000.0,527.74,0,0.0
14,SEDAN,DIESEL,PERSONAL,7108.4,60,7956,EXCELLENT,0,COMPREHENSIVE,250.0,250.0,0,0.0
5,TRUCK,PETROL,PERSONAL,21062.36,32,11816,POOR,0,ZERO_DEP_PREMIUM,250.0,737.18,0,0.0
7,SEDAN,DIESEL,RIDESHARE,16899.87,75,12076,FAIR,0,COMPREHENSIVE,1000.0,830.84,1,1455.95
1,SUV,CNG,PERSONAL,26943.58,66,26787,FAIR,1,COMPREHENSIVE,1000.0,767.89,0,0.0
7,SEDAN,DIESEL,PERSONAL,10482.51,32,14764,GOOD,0,ZERO_DEP_PREMIUM,250.0,366.89,0,0.0
8,SEDAN,ELECTRIC,PERSONAL,13891.21,40,16866,GOOD,0,THIRD_PARTY,500.0,250.0,0,0.0
3,SUV,DIESEL,COMMERCIAL,26560.24,42,13139,GOOD,0,COMPREHENSIVE,2000.0,1021.91,0,0.0
14,SUV,DIESEL,COMMERCIAL,7131.94,61,6592,POOR,0,COMPREHENSIVE,500.0,274.4,1,510.65
4,SEDAN,HYBRID,RIDESHARE,16918.36,21,13835,GOOD,0,THIRD_PARTY,250.0,396.52,0,0.0
4,SEDAN,HYBRID,PERSONAL,22112.96,53,5236,EXCELLENT,0,COMPREHENSIVE,500.0,630.22,1,864.38
1,SUV,ELECTRIC,PERSONAL,37040.89,70,11687,EXCELLENT,0,THIRD_PARTY,1000.0,532.46,0,0.0
4,HATCHBACK,PETROL,PERSONAL,10466.74,33,15415,GOOD,0,COMPREHENSIVE,2000.0,298.3,0,0.0
8,TRUCK,DIESEL,PERSONAL,17261.84,64,9857,POOR,0,COMPREHENSIVE,500.0,491.96,0,0.0
3,SEDAN,PETROL,PERSONAL,22380.06,57,13368,GOOD,1,THIRD_PARTY,500.0,279.75,0,0.0
9,SUV,PETROL,RIDESHARE,20355.08,76,9790,GOOD,0,COMPREHENSIVE,500.0,1000.71,0,0.0
2,SEDAN,DIESEL,PERSONAL,24811.67,38,7525,EXCELLENT,0,COMPREHENSIVE,1000.0,707.13,1,1779.71
13,SEDAN,ELECTRIC,RIDESHARE,9682.43,69,14695,FAIR,1,COMPREHENSIVE,1000.0,476.01,0,0.0
6,SUV,HYBRID,PERSONAL,21773.53,57,17200,GOOD,0,THIRD_PARTY,500.0,272.17,0,0.0
7,SUV,PETROL,PERSONAL,22372.07,60,17189,POOR,1,COMPREHENSIVE,250.0,637.6,0,0.0
12,SEDAN,PETROL,PERSONAL,11129.06,70,11414,GOOD,0,ZERO_DEP_PREMIUM,500.0,447.94,0,0.0
12,SEDAN,HYBRID,PERSONAL,10406.88,73,3000,GOOD,0,ZERO_DEP_PREMIUM,500.0,418.88,0,0.0
9,SEDAN,PETROL,RIDESHARE,14874.56,34,12897,GOOD,0,COMPREHENSIVE,250.0,635.89,0,0.0
5,HATCHBACK,DIESEL,PERSONAL,10002.46,20,18212,EXCELLENT,0,COMPREHENSIVE,2000.0,356.34,1,2442.81
5,COMMERCIAL_VAN,PETROL,COMMERCIAL,31608.64,24,6583,EXCELLENT,0,COMPREHENSIVE,500.0,1520.18,0,0.0
12,SEDAN,PETROL,PERSONAL,9517.07,29,20514,EXCELLENT,1,THIRD_PARTY,1000.0,250.0,0,0.0
4,SEDAN,CNG,PERSONAL,23339.41,18,3234,GOOD,0,ZERO_DEP_PREMIUM,500.0,1021.1,1,2739.11
15,TRUCK,PETROL,RIDESHARE,7779.37,60,14286,GOOD,0,COMPREHENSIVE,2000.0,332.57,0,0.0
10,TRUCK,PETROL,PERSONAL,19884.31,54,16233,EXCELLENT,0,THIRD_PARTY,250.0,250.0,0,0.0
5,SUV,PETROL,COMMERCIAL,29060.54,23,19106,GOOD,0,COMPREHENSIVE,250.0,1397.63,0,0.0
8,SEDAN,HYBRID,PERSONAL,10049.52,63,14565,GOOD,0,COMPREHENSIVE,250.0,286.41,0,0.0
14,SEDAN,HYBRID,COMMERCIAL,8076.56,77,11036,GOOD,1,COMPREHENSIVE,1000.0,357.36,0,0.0
1,SUV,PETROL,PERSONAL,41849.86,78,13256,EXCELLENT,0,COMPREHENSIVE,500.0,1371.63,1,10493.07
9,SUV,PETROL,PERSONAL,13889.03,66,9429,GOOD,0,ZERO_DEP_PREMIUM,1000.0,486.12,0,0.0
10,SEDAN,DIESEL,PERSONAL,9959.51,40,3546,GOOD,2,COMPREHENSIVE,1000.0,283.85,0,0.0
14,SUV,PETROL,PERSONAL,10562.0,42,11411,GOOD,0,COMPREHENSIVE,1000.0,301.02,0,0.0
2,SEDAN,DIESEL,PERSONAL,22896.01,42,14710,GOOD,1,ZERO_DEP_PREMIUM,500.0,801.36,0,0.0
0,HATCHBACK,PETROL,PERSONAL,11638.92,20,17115,EXCELLENT,0,THIRD_PARTY,500.0,250.0,0,0.0
3,SEDAN,PETROL,PERSONAL,15068.28,21,10313,POOR,0,THIRD_PARTY,250.0,250.0,0,0.0
1,SEDAN,DIESEL,PERSONAL,18225.93,47,19147,POOR,1,ZERO_DEP_PREMIUM,500.0,637.91,1,673.57
5,SUV,PETROL,PERSONAL,19849.93,50,11744,GOOD,1,THIRD_PARTY,250.0,250.0,0,0.0
14,SUV,HYBRID,PERSONAL,8383.99,46,14653,GOOD,0,THIRD_PARTY,2000.0,250.0,0,0.0
12,COMMERCIAL_VAN,PETROL,PERSONAL,14944.52,21,15856,GOOD,1,ZERO_DEP_PREMIUM,1000.0,653.82,0,0.0
14,SUV,PETROL,PERSONAL,10583.72,31,12740,GOOD,0,COMPREHENSIVE,1000.0,301.64,0,0.0
0,SEDAN,CNG,PERSONAL,32104.36,38,12092,GOOD,0,COMPREHENSIVE,500.0,914.97,0,0.0
7,HATCHBACK,PETROL,PERSONAL,6192.26,24,19507,GOOD,2,THIRD_PARTY,500.0,250.0,0,0.0
9,SEDAN,ELECTRIC,PERSONAL,11567.33,38,4854,EXCELLENT,0,ZERO_DEP_PREMIUM,500.0,404.86,0,0.0
5,TRUCK,PETROL,COMMERCIAL,25443.22,73,12690,EXCELLENT,0,ZERO_DEP_PREMIUM,1000.0,1382.52,0,0.0
8,SEDAN,DIESEL,PERSONAL,15832.88,24,4245,GOOD,0,COMPREHENSIVE,250.0,564.05,0,0.0
15,SUV,ELECTRIC,PERSONAL,10458.17,18,4411,FAIR,0,COMPREHENSIVE,500.0,372.57,0,0.0
11,SEDAN,PETROL,PERSONAL,12055.8,77,12261,GOOD,0,THIRD_PARTY,1000.0,250.0,0,0.0
5,SUV,ELECTRIC,PERSONAL,16455.7,51,10133,EXCELLENT,0,ZERO_DEP_PREMIUM,500.0,575.95,0,0.0
9,HATCHBACK,DIESEL,COMMERCIAL,8247.59,40,21855,EXCELLENT,0,COMPREHENSIVE,250.0,317.33,1,1682.93
6,HATCHBACK,PETROL,COMMERCIAL,9794.66,20,11359,GOOD,0,COMPREHENSIVE,500.0,471.06,0,0.0
4,SEDAN,DIESEL,PERSONAL,22777.17,35,17608,EXCELLENT,0,ZERO_DEP_PREMIUM,1000.0,797.2,0,0.0
13,SEDAN,DIESEL,PERSONAL,8049.5,60,12732,GOOD,0,ZERO_DEP_PREMIUM,2000.0,281.73,0,0.0
7,HATCHBACK,PETROL,PERSONAL,8914.3,29,7092,EXCELLENT,1,COMPREHENSIVE,1000.0,254.06,0,0.0
7,TRUCK,PETROL,PERSONAL,16740.18,31,4568,GOOD,1,ZERO_DEP_PREMIUM,1000.0,585.91,0,0.0
9,SEDAN,PETROL,COMMERCIAL,12994.99,58,6363,GOOD,0,THIRD_PARTY,2000.0,250.0,0,0.0
15,SUV,PETROL,PERSONAL,7796.46,45,13975,POOR,1,COMPREHENSIVE,500.0,250.0,0,0.0
8,SEDAN,ELECTRIC,PERSONAL,8727.15,59,19687,GOOD,0,THIRD_PARTY,250.0,250.0,0,0.0
11,TRUCK,DIESEL,PERSONAL,11639.69,62,8388,EXCELLENT,1,COMPREHENSIVE,500.0,331.73,0,0.0
15,SEDAN,HYBRID,PERSONAL,8656.58,41,16270,FAIR,0,ZERO_DEP_PREMIUM,1000.0,302.98,0,0.0
5,SEDAN,PETROL,PERSONAL,15287.92,41,11682,EXCELLENT,0,COMPREHENSIVE,500.0,435.71,1,3951.97
0,HATCHBACK,PETROL,COMMERCIAL,20922.45,20,7708,GOOD,0,ZERO_DEP_PREMIUM,250.0,1235.73,0,0.0
8,SEDAN,ELECTRIC,PERSONAL,16772.09,76,14095,EXCELLENT,0,THIRD_PARTY,500.0,250.0,0,0.0
2,SUV,DIESEL,COMMERCIAL,40552.33,75,19661,EXCELLENT,0,COMPREHENSIVE,500.0,1794.29,0,0.0
8,SUV,DIESEL,PERSONAL,22299.13,26,12160,GOOD,0,THIRD_PARTY,1000.0,278.74,0,0.0
6,SEDAN,PETROL,PERSONAL,19583.63,41,16232,EXCELLENT,2,THIRD_PARTY,250.0,250.0,0,0.0
13,SUV,PETROL,PERSONAL,9532.22,77,13888,GOOD,0,COMPREHENSIVE,2000.0,312.42,0,0.0
11,SUV,PETROL,PERSONAL,10282.73,19,13896,GOOD,1,COMPREHENSIVE,1000.0,366.32,0,0.0
12,SEDAN,CNG,COMMERCIAL,9620.92,72,8886,FAIR,0,COMPREHENSIVE,1000.0,425.69,0,0.0
2,SUV,PETROL,PERSONAL,31053.97,57,14708,GOOD,0,COMPREHENSIVE,1000.0,885.04,0,0.0
8,HATCHBACK,HYBRID,PERSONAL,5786.91,45,5922,GOOD,1,COMPREHENSIVE,1000.0,250.0,0,0.0
13,HATCHBACK,DIESEL,PERSONAL,5513.52,24,14126,FAIR,2,COMPREHENSIVE,250.0,250.0,0,0.0
6,SEDAN,PETROL,PERSONAL,16152.5,26,18676,EXCELLENT,1,THIRD_PARTY,1000.0,250.0,1,388.93
6,SEDAN,DIESEL,COMMERCIAL,19255.21,62,20617,FAIR,0,COMPREHENSIVE,1000.0,740.84,1,1997.35
6,SEDAN,ELECTRIC,PERSONAL,16631.27,56,7809,FAIR,0,COMPREHENSIVE,250.0,473.99,0,0.0
1,SEDAN,HYBRID,COMMERCIAL,26067.7,77,14487,POOR,2,COMPREHENSIVE,1000.0,1153.4,0,0.0
10,SUV,PETROL,PERSONAL,14138.51,56,9326,GOOD,0,ZERO_DEP_PREMIUM,500.0,494.85,0,0.0
3,SUV,PETROL,PERSONAL,27778.31,50,13132,GOOD,0,COMPREHENSIVE,500.0,791.68,0,0.0
9,SEDAN,PETROL,PERSONAL,15221.35,51,21149,FAIR,0,ZERO_DEP_PREMIUM,500.0,532.75,1,2904.69
7,SEDAN,PETROL,COMMERCIAL,10707.14,38,16449,EXCELLENT,2,ZERO_DEP_PREMIUM,1000.0,505.91,0,0.0
11,SUV,DIESEL,COMMERCIAL,12914.86,78,9563,EXCELLENT,1,ZERO_DEP_PREMIUM,2000.0,701.76,0,0.0
1,SUV,HYBRID,PERSONAL,37971.43,46,9310,GOOD,0,COMPREHENSIVE,1000.0,1082.19,0,0.0
12,SEDAN,PETROL,PERSONAL,8410.42,44,12576,FAIR,0,THIRD_PARTY,500.0,250.0,1,3140.82
3,SUV,ELECTRIC,PERSONAL,24368.25,34,12882,EXCELLENT,0,ZERO_DEP_PREMIUM,2000.0,852.89,0,0.0
9,SEDAN,DIESEL,PERSONAL,10026.35,77,13098,GOOD,1,THIRD_PARTY,500.0,250.0,0,0.0
7,TRUCK,PETROL,PERSONAL,19635.16,59,5798,EXCELLENT,1,THIRD_PARTY,500.0,250.0,0,0.0
14,TRUCK,PETROL,PERSONAL,11053.46,64,21495,GOOD,1,ZERO_DEP_PREMIUM,2000.0,386.87,0,0.0
15,SEDAN,ELECTRIC,PERSONAL,8277.95,65,21940,GOOD,0,COMPREHENSIVE,1000.0,250.0,1,472.93
11,SEDAN,HYBRID,PERSONAL,9707.96,40,14656,EXCELLENT,0,COMPREHENSIVE,1000.0,276.68,0,0.0
15,SUV,DIESEL,PERSONAL,7594.98,70,8584,EXCELLENT,2,ZERO_DEP_PREMIUM,250.0,305.7,0,0.0
2,SEDAN,PETROL,COMMERCIAL,20866.78,62,9678,EXCELLENT,0,COMPREHENSIVE,500.0,802.85,0,0.0
11,SUV,PETROL,PERSONAL,9875.17,38,8261,EXCELLENT,1,COMPREHENSIVE,250.0,281.44,0,0.0
5,HATCHBACK,PETROL,RIDESHARE,13307.61,25,7855,GOOD,1,COMPREHENSIVE,1000.0,568.9,0,0.0
11,SUV,DIESEL,PERSONAL,12575.33,26,9646,POOR,1,COMPREHENSIVE,500.0,358.4,0,0.0
1,HATCHBACK,ELECTRIC,PERSONAL,20184.15,75,14400,GOOD,0,COMPREHENSIVE,250.0,661.54,1,7995.2
7,SUV,PETROL,PERSONAL,17548.16,50,13078,FAIR,0,COMPREHENSIVE,500.0,500.12,0,0.0
7,SEDAN,ELECTRIC,PERSONAL,17271.02,75,19358,POOR,1,THIRD_PARTY,1000.0,250.0,0,0.0
11,HATCHBACK,DIESEL,PERSONAL,4986.5,21,5645,GOOD,0,COMPREHENSIVE,500.0,250.0,0,0.0
12,SEDAN,DIESEL,PERSONAL,6316.0,76,8536,EXCELLENT,0,COMPREHENSIVE,2000.0,250.0,0,0.0
0,SUV,CNG,RIDESHARE,25999.68,35,3499,POOR,1,ZERO_DEP_PREMIUM,500.0,1364.98,0,0.0
2,SEDAN,PETROL,PERSONAL,24207.24,49,13151,GOOD,0,COMPREHENSIVE,1000.0,689.91,0,0.0
13,SEDAN,HYBRID,RIDESHARE,7004.9,47,19702,POOR,0,THIRD_PARTY,500.0,250.0,0,0.0
14,COMMERCIAL_VAN,PETROL,PERSONAL,10253.78,42,10373,GOOD,0,COMPREHENSIVE,1000.0,292.23,0,0.0
1,SEDAN,PETROL,PERSONAL,30120.43,74,18644,FAIR,0,COMPREHENSIVE,500.0,987.2,0,0.0
6,COMMERCIAL_VAN,HYBRID,PERSONAL,18853.07,50,15621,FAIR,0,COMPREHENSIVE,1000.0,537.31,0,0.0
6,COMMERCIAL_VAN,HYBRID,PERSONAL,19767.62,52,16400,FAIR,1,THIRD_PARTY,250.0,250.0,0,0.0
15,HATCHBACK,DIESEL,PERSONAL,5022.44,59,15136,GOOD,0,COMPREHENSIVE,1000.0,250.0,0,0.0
3,SUV,DIESEL,RIDESHARE,28347.54,73,20614,GOOD,0,THIRD_PARTY,500.0,611.24,0,0.0
11,SUV,ELECTRIC,PERSONAL,16321.22,51,11599,FAIR,0,COMPREHENSIVE,500.0,465.15,0,0.0
11,TRUCK,ELECTRIC,PERSONAL,15001.79,67,15590,FAIR,0,THIRD_PARTY,500.0,250.0,0,0.0
7,SEDAN,PETROL,PERSONAL,13151.74,19,20804,GOOD,1,ZERO_DEP_PREMIUM,1000.0,575.39,0,0.0
2,SUV,ELECTRIC,PERSONAL,24355.98,30,7895,GOOD,1,COMPREHENSIVE,500.0,694.15,0,0.0
13,SUV,DIESEL,PERSONAL,14171.39,70,11531,GOOD,0,ZERO_DEP_PREMIUM,500.0,570.4,0,0.0
8,SUV,DIESEL,PERSONAL,22477.58,58,15086,EXCELLENT,1,ZERO_DEP_PREMIUM,500.0,786.72,0,0.0
4,SUV,PETROL,PERSONAL,34289.04,40,8635,EXCELLENT,0,COMPREHENSIVE,1000.0,977.24,0,0.0
13,SEDAN,DIESEL,PERSONAL,7490.24,78,8446,EXCELLENT,0,COMPREHENSIVE,500.0,250.0,0,0.0
12,SUV,HYBRID,PERSONAL,14778.76,40,21634,FAIR,1,ZERO_DEP_PREMIUM,500.0,517.26,0,0.0
14,TRUCK,DIESEL,PERSONAL,11637.84,48,8845,GOOD,1,COMPREHENSIVE,250.0,331.68,0,0.0
13,SEDAN,CNG,PERSONAL,7767.18,19,10851,GOOD,0,THIRD_PARTY,250.0,250.0,0,0.0
1,TRUCK,PETROL,PERSONAL,51291.22,19,13471,FAIR,0,COMPREHENSIVE,250.0,1827.25,0,0.0
8,SUV,ELECTRIC,PERSONAL,13952.22,22,14429,EXCELLENT,0,THIRD_PARTY,2000.0,250.0,0,0.0
0,HATCHBACK,ELECTRIC,RIDESHARE,13667.48,77,10046,EXCELLENT,0,COMPREHENSIVE,250.0,671.93,0,0.0
10,SUV,DIESEL,RIDESHARE,12901.8,31,11564,POOR,0,THIRD_PARTY,500.0,250.0,0,0.0
7,HATCHBACK,DIESEL,PERSONAL,10349.49,40,7991,FAIR,1,THIRD_PARTY,2000.0,250.0,0,0.0
5,SEDAN,DIESEL,RIDESHARE,15589.73,72,10008,EXCELLENT,1,COMPREHENSIVE,2000.0,766.43,0,0.0
11,HATCHBACK,HYBRID,PERSONAL,5390.47,74,15629,FAIR,0,COMPREHENSIVE,250.0,250.0,0,0.0
0,SEDAN,ELECTRIC,PERSONAL,36378.46,52,16579,FAIR,0,COMPREHENSIVE,1000.0,1036.79,1,7418.02
13,TRUCK,PETROL,PERSONAL,12507.31,63,17081,FAIR,0,THIRD_PARTY,1000.0,250.0,0,0.0
3,COMMERCIAL_VAN,ELECTRIC,RIDESHARE,25011.55,18,12478,EXCELLENT,0,COMPREHENSIVE,250.0,1336.55,0,0.0
2,SEDAN,PETROL,PERSONAL,24464.14,58,11614,GOOD,1,THIRD_PARTY,1000.0,305.8,0,0.0
6,SEDAN,PETROL,COMMERCIAL,18622.83,65,6615,GOOD,0,COMPREHENSIVE,2000.0,716.51,0,0.0
6,HATCHBACK,HYBRID,COMMERCIAL,6802.85,66,10898,GOOD,1,ZERO_DEP_PREMIUM,500.0,321.43,0,0.0
5,SEDAN,PETROL,PERSONAL,18386.38,57,13280,EXCELLENT,0,THIRD_PARTY,500.0,250.0,0,0.0
13,TRUCK,ELECTRIC,PERSONAL,9361.33,32,17396,EXCELLENT,0,THIRD_PARTY,1000.0,250.0,0,0.0
9,SEDAN,PETROL,PERSONAL,11887.57,47,3800,GOOD,0,COMPREHENSIVE,1000.0,338.8,0,0.0
13,SEDAN,PETROL,PERSONAL,6713.39,38,10984,GOOD,1,COMPREHENSIVE,1000.0,250.0,1,499.1
9,COMMERCIAL_VAN,DIESEL,PERSONAL,14873.41,25,3000,EXCELLENT,0,COMPREHENSIVE,250.0,423.89,0,0.0
11,SUV,PETROL,PERSONAL,13101.3,24,5283,FAIR,1,THIRD_PARTY,1000.0,250.0,0,0.0
7,HATCHBACK,ELECTRIC,PERSONAL,11153.56,58,18428,GOOD,0,COMPREHENSIVE,1000.0,317.88,0,0.0
6,SEDAN,PETROL,PERSONAL,17680.12,51,6642,GOOD,0,ZERO_DEP_PREMIUM,250.0,618.8,0,0.0
15,SUV,PETROL,PERSONAL,11860.87,74,12986,FAIR,0,ZERO_DEP_PREMIUM,250.0,477.4,1,3564.61
3,SUV,PETROL,PERSONAL,31522.83,59,17117,GOOD,1,COMPREHENSIVE,1000.0,898.4,0,0.0
6,SUV,PETROL,PERSONAL,14412.02,54,10393,GOOD,0,ZERO_DEP_PREMIUM,500.0,504.42,0,0.0
14,SUV,ELECTRIC,PERSONAL,8516.7,65,6991,EXCELLENT,1,THIRD_PARTY,2000.0,250.0,0,0.0
0,SUV,PETROL,PERSONAL,48025.47,70,13036,EXCELLENT,0,THIRD_PARTY,500.0,690.37,0,0.0
2,SUV,DIESEL,RIDESHARE,34295.62,49,19519,GOOD,0,COMPREHENSIVE,1000.0,1466.14,0,0.0
15,SEDAN,HYBRID,PERSONAL,8764.33,50,16967,POOR,0,COMPREHENSIVE,500.0,250.0,1,6589.82
1,HATCHBACK,DIESEL,PERSONAL,11781.59,23,11382,EXCELLENT,0,ZERO_DEP_PREMIUM,500.0,515.44,0,0.0
6,SEDAN,ELECTRIC,COMMERCIAL,13402.17,59,9993,GOOD,0,THIRD_PARTY,1000.0,250.0,0,0.0
8,SUV,PETROL,PERSONAL,16144.55,27,17703,EXCELLENT,1,THIRD_PARTY,500.0,250.0,0,0.0
15,SEDAN,PETROL,COMMERCIAL,5867.03,43,5923,GOOD,0,ZERO_DEP_PREMIUM,250.0,277.22,0,0.0
4,SUV,HYBRID,PERSONAL,21635.53,75,16716,EXCELLENT,0,COMPREHENSIVE,1000.0,709.1,0,0.0
8,HATCHBACK,ELECTRIC,COMMERCIAL,7602.49,68,10112,FAIR,0,COMPREHENSIVE,500.0,292.51,0,0.0
11,SEDAN,DIESEL,RIDESHARE,10592.02,62,5807,GOOD,1,COMPREHENSIVE,500.0,452.81,0,0.0
12,SEDAN,DIESEL,PERSONAL,7695.84,43,4550,EXCELLENT,0,THIRD_PARTY,1000.0,250.0,0,0.0
7,SEDAN,PETROL,PERSONAL,10154.63,36,19857,FAIR,0,COMPREHENSIVE,500.0,289.41,0,0.0
0,SUV,PETROL,COMMERCIAL,43055.02,52,11594,EXCELLENT,0,COMPREHENSIVE,1000.0,1656.54,0,0.0
13,HATCHBACK,ELECTRIC,COMMERCIAL,4795.31,62,8475,EXCELLENT,0,COMPREHENSIVE,500.0,250.0,1,568.76
10,SEDAN,DIESEL,COMMERCIAL,11031.37,21,12303,EXCELLENT,0,ZERO_DEP_PREMIUM,500.0,651.54,1,1234.93
1,HATCHBACK,DIESEL,PERSONAL,14833.44,42,9924,POOR,1,THIRD_PARTY,500.0,250.0,1,1142.65
5,SEDAN,HYBRID,COMMERCIAL,21469.52,78,10077,EXCELLENT,0,COMPREHENSIVE,250.0,949.95,0,0.0
4,SUV,PETROL,PERSONAL,26936.5,25,10266,POOR,1,COMPREHENSIVE,2000.0,767.69,0,0.0
14,TRUCK,PETROL,PERSONAL,15818.74,29,12537,EXCELLENT,0,THIRD_PARTY,1000.0,250.0,0,0.0
10,SEDAN,HYBRID,PERSONAL,10706.01,71,15908,EXCELLENT,0,THIRD_PARTY,500.0,250.0,0,0.0
6,SUV,ELECTRIC,PERSONAL,18497.33,41,5619,FAIR,0,THIRD_PARTY,1000.0,250.0,0,0.0
8,SEDAN,DIESEL,PERSONAL,11600.69,41,18577,GOOD,0,COMPREHENSIVE,1000.0,330.62,0,0.0
13,SEDAN,PETROL,PERSONAL,8129.45,34,8247,GOOD,0,COMPREHENSIVE,500.0,250.0,1,4415.79
3,SEDAN,PETROL,PERSONAL,20983.79,42,13652,GOOD,0,ZERO_DEP_PREMIUM,500.0,734.43,1,1888.85
7,SEDAN,DIESEL,PERSONAL,15869.5,50,12238,EXCELLENT,0,THIRD_PARTY,500.0,250.0,0,0.0
3,SUV,PETROL,RIDESHARE,23253.14,44,8868,GOOD,0,COMPREHENSIVE,500.0,994.07,0,0.0
2,SUV,ELECTRIC,PERSONAL,34616.93,19,17608,GOOD,0,THIRD_PARTY,1000.0,540.89,1,2635.36
11,SUV,HYBRID,PERSONAL,15882.95,26,8926,EXCELLENT,0,THIRD_PARTY,1000.0,250.0,1,1539.16
1,SEDAN,ELECTRIC,PERSONAL,27767.72,72,18884,POOR,0,COMPREHENSIVE,250.0,910.09,0,0.0
7,SEDAN,PETROL,PERSONAL,13936.67,75,15506,GOOD,0,ZERO_DEP_PREMIUM,2000.0,560.95,0,0.0
14,SUV,ELECTRIC,PERSONAL,13402.93,50,9127,EXCELLENT,1,THIRD_PARTY,1000.0,250.0,0,0.0
10,COMMERCIAL_VAN,PETROL,PERSONAL,14551.71,36,7107,GOOD,2,COMPREHENSIVE,1000.0,414.72,0,0.0
7,SEDAN,PETROL,PERSONAL,10407.54,66,17293,FAIR,0,THIRD_PARTY,500.0,250.0,0,0.0
10,TRUCK,PETROL,RIDESHARE,21847.15,22,7365,GOOD,0,COMPREHENSIVE,1000.0,1167.46,0,0.0
11,SUV,PETROL,PERSONAL,10825.07,64,11900,GOOD,0,ZERO_DEP_PREMIUM,500.0,378.88,0,0.0
2,SUV,HYBRID,PERSONAL,35753.05,37,15635,POOR,1,COMPREHENSIVE,500.0,1018.96,1,3493.37
0,SUV,PETROL,PERSONAL,29710.2,41,14586,GOOD,0,COMPREHENSIVE,500.0,846.74,0,0.0
12,SEDAN,PETROL,PERSONAL,5968.11,74,11587,GOOD,0,COMPREHENSIVE,2000.0,250.0,0,0.0
5,SEDAN,CNG,PERSONAL,13172.28,48,9216,EXCELLENT,1,ZERO_DEP_PREMIUM,500.0,461.03,0,0.0
4,SUV,PETROL,PERSONAL,23795.59,61,15749,GOOD,0,COMPREHENSIVE,500.0,678.17,0,0.0
7,SEDAN,ELECTRIC,PERSONAL,10407.8,21,4035,GOOD,0,THIRD_PARTY,250.0,250.0,0,0.0
14,TRUCK,PETROL,PERSONAL,9850.78,49,13667,POOR,1,THIRD_PARTY,2000.0,250.0,0,0.0
5,SUV,PETROL,PERSONAL,27749.82,64,6664,EXCELLENT,1,COMPREHENSIVE,1000.0,790.87,0,0.0
3,SEDAN,HYBRID,PERSONAL,24273.94,52,8552,GOOD,1,COMPREHENSIVE,1000.0,691.81,0,0.0
15,HATCHBACK,PETROL,COMMERCIAL,4946.64,31,14157,EXCELLENT,0,COMPREHENSIVE,1000.0,250.0,1,494.96
9,SEDAN,DIESEL,PERSONAL,14339.51,53,9126,GOOD,0,COMPREHENSIVE,1000.0,408.68,1,1238.26
9,SUV,PETROL,PERSONAL,15317.74,68,17707,EXCELLENT,0,COMPREHENSIVE,500.0,436.56,1,1391.95
11,SUV,PETROL,PERSONAL,16677.39,23,15678,FAIR,0,COMPREHENSIVE,500.0,594.13,0,0.0
14,TRUCK,PETROL,RIDESHARE,12550.67,34,9361,POOR,0,COMPREHENSIVE,500.0,536.54,0,0.0
11,HATCHBACK,PETROL,COMMERCIAL,5836.7,35,11486,GOOD,0,ZERO_DEP_PREMIUM,250.0,275.78,0,0.0
10,SUV,PETROL,PERSONAL,16864.49,25,7533,EXCELLENT,0,THIRD_PARTY,500.0,250.0,0,0.0
1,SUV,ELECTRIC,RIDESHARE,27835.28,68,14628,GOOD,0,ZERO_DEP_PREMIUM,2000.0,1461.35,0,0.0
7,TRUCK,DIESEL,PERSONAL,28482.07,69,19556,POOR,1,THIRD_PARTY,1000.0,409.43,0,0.0
4,SEDAN,PETROL,RIDESHARE,17840.65,29,7121,EXCELLENT,0,THIRD_PARTY,2000.0,334.51,0,0.0
11,SEDAN,PETROL,PERSONAL,7270.5,34,13347,GOOD,0,ZERO_DEP_PREMIUM,500.0,254.47,0,0.0
14,SEDAN,HYBRID,PERSONAL,5440.04,48,13955,GOOD,0,COMPREHENSIVE,500.0,250.0,0,0.0
7,SEDAN,HYBRID,PERSONAL,10956.01,68,6874,POOR,0,COMPREHENSIVE,250.0,312.25,0,0.0
14,SUV,ELECTRIC,PERSONAL,12722.53,18,7962,GOOD,0,COMPREHENSIVE,1000.0,453.24,0,0.0
4,SUV,HYBRID,PERSONAL,34405.18,28,4362,EXCELLENT,0,THIRD_PARTY,1000.0,430.06,0,0.0
5,SUV,PETROL,PERSONAL,21339.24,59,15023,FAIR,0,COMPREHENSIVE,1000.0,608.17,0,0.0
12,SEDAN,PETROL,PERSONAL,7583.66,33,10881,GOOD,0,COMPREHENSIVE,250.0,250.0,1,1257.53
14,HATCHBACK,DIESEL,PERSONAL,4500.0,54,9234,GOOD,0,COMPREHENSIVE,500.0,250.0,0,0.0
9,SEDAN,DIESEL,PERSONAL,14204.47,66,21789,EXCELLENT,0,THIRD_PARTY,1000.0,250.0,0,0.0
13,SUV,DIESEL,RIDESHARE,8942.1,45,4390,GOOD,1,COMPREHENSIVE,1000.0,382.27,0,0.0
15,SUV,PETROL,COMMERCIAL,11782.75,26,18282,GOOD,0,COMPREHENSIVE,500.0,453.34,0,0.0
4,SEDAN,CNG,RIDESHARE,20809.6,72,3000,GOOD,0,ZERO_DEP_PREMIUM,500.0,1256.38,0,0.0
10,SEDAN,ELECTRIC,PERSONAL,13445.65,76,10156,FAIR,2,COMPREHENSIVE,500.0,440.68,0,0.0
2,SEDAN,PETROL,PERSONAL,23421.14,25,4856,POOR,0,COMPREHENSIVE,250.0,667.5,0,0.0
9,HATCHBACK,ELECTRIC,PERSONAL,8103.11,42,8809,FAIR,0,ZERO_DEP_PREMIUM,1000.0,283.61,0,0.0
7,TRUCK,PETROL,PERSONAL,25775.68,27,10065,FAIR,0,COMPREHENSIVE,1000.0,734.61,0,0.0
2,SUV,PETROL,PERSONAL,38213.61,57,9306,GOOD,0,COMPREHENSIVE,500.0,1089.09,0,0.0
3,SEDAN,PETROL,PERSONAL,25178.82,20,13625,EXCELLENT,0,COMPREHENSIVE,1000.0,897.0,0,0.0
5,SUV,PETROL,COMMERCIAL,25000.46,72,16449,GOOD,1,ZERO_DEP_PREMIUM,500.0,1358.46,0,0.0
1,HATCHBACK,PETROL,PERSONAL,16638.52,40,11990,EXCELLENT,0,COMPREHENSIVE,1000.0,474.2,0,0.0
13,HATCHBACK,ELECTRIC,RIDESHARE,6316.57,40,13955,EXCELLENT,0,THIRD_PARTY,500.0,250.0,0,0.0
15,SEDAN,PETROL,PERSONAL,8535.31,61,19524,FAIR,1,COMPREHENSIVE,1000.0,250.0,0,0.0
6,SEDAN,DIESEL,PERSONAL,17200.39,73,9359,GOOD,1,COMPREHENSIVE,500.0,563.74,0,0.0
4,HATCHBACK,PETROL,PERSONAL,7739.95,21,16567,GOOD,1,COMPREHENSIVE,500.0,275.74,0,0.0
11,SEDAN,PETROL,PERSONAL,7122.91,76,23865,FAIR,0,COMPREHENSIVE,1000.0,250.0,1,2748.38
9,SEDAN,HYBRID,RIDESHARE,14470.26,71,20663,POOR,0,COMPREHENSIVE,1000.0,711.39,0,0.0
12,SEDAN,DIESEL,PERSONAL,6366.25,67,19831,GOOD,1,COMPREHENSIVE,250.0,250.0,0,0.0
4,SUV,CNG,PERSONAL,20970.69,40,15776,GOOD,0,COMPREHENSIVE,250.0,597.66,0,0.0
4,TRUCK,CNG,PERSONAL,25990.48,26,17680,EXCELLENT,0,COMPREHENSIVE,250.0,740.73,0,0.0
12,COMMERCIAL_VAN,PETROL,PERSONAL,13726.57,70,10322,POOR,1,ZERO_DEP_PREMIUM,1000.0,552.49,0,0.0
12,SUV,PETROL,PERSONAL,12812.32,21,12133,EXCELLENT,0,ZERO_DEP_PREMIUM,500.0,560.54,0,0.0
1,SUV,HYBRID,PERSONAL,29568.92,51,11610,FAIR,0,COMPREHENSIVE,500.0,842.71,0,0.0
10,SEDAN,CNG,PERSONAL,8558.79,56,9514,POOR,0,ZERO_DEP_PREMIUM,1000.0,299.56,0,0.0
12,SUV,DIESEL,PERSONAL,14339.26,35,13159,FAIR,0,THIRD_PARTY,1000.0,250.0,0,0.0
14,SEDAN,ELECTRIC,PERSONAL,9406.63,51,10138,FAIR,0,COMPREHENSIVE,1000.0,268.09,0,0.0
14,SUV,ELECTRIC,COMMERCIAL,7084.81,74,12780,GOOD,0,THIRD_PARTY,500.0,250.0,0,0.0
11,SUV,PETROL,COMMERCIAL,10119.4,51,6286,POOR,1,ZERO_DEP_PREMIUM,500.0,478.14,0,0.0
9,SEDAN,DIESEL,PERSONAL,12789.7,59,10099,FAIR,0,ZERO_DEP_PREMIUM,500.0,447.64,0,0.0
8,SEDAN,ELECTRIC,PERSONAL,15443.49,20,18420,GOOD,1,COMPREHENSIVE,1000.0,550.17,0,0.0
2,SEDAN,DIESEL,PERSONAL,26995.76,36,13377,EXCELLENT,1,THIRD_PARTY,500.0,337.45,0,0.0
11,SEDAN,PETROL,COMMERCIAL,11091.11,51,18506,GOOD,0,COMPREHENSIVE,500.0,426.73,0,0.0
6,SEDAN,PETROL,COMMERCIAL,19506.98,43,9774,FAIR,0,COMPREHENSIVE,500.0,750.53,0,0.0
4,COMMERCIAL_VAN,PETROL,RIDESHARE,22205.59,52,11382,FAIR,0,ZERO_DEP_PREMIUM,1000.0,1165.79,0,0.0
9,SUV,PETROL,PERSONAL,11940.84,58,13467,FAIR,1,THIRD_PARTY,1000.0,250.0,0,0.0
9,SUV,HYBRID,PERSONAL,17419.8,60,11623,EXCELLENT,1,THIRD_PARTY,500.0,250.0,0,0.0
4,TRUCK,PETROL,PERSONAL,38488.45,48,6225,GOOD,0,ZERO_DEP_PREMIUM,500.0,1347.1,0,0.0
14,COMMERCIAL_VAN,PETROL,PERSONAL,11237.76,60,15050,GOOD,0,COMPREHENSIVE,1000.0,320.28,1,841.8
3,SUV,PETROL,PERSONAL,37277.3,44,8064,GOOD,0,COMPREHENSIVE,1000.0,1062.4,1,2246.33
9,HATCHBACK,DIESEL,PERSONAL,8605.81,20,12453,GOOD,0,COMPREHENSIVE,500.0,306.58,0,0.0
5,SEDAN,DIESEL,PERSONAL,19316.55,54,3000,GOOD,0,ZERO_DEP_PREMIUM,500.0,676.08,0,0.0
6,SEDAN,PETROL,PERSONAL,10957.99,29,9581,GOOD,1,COMPREHENSIVE,500.0,312.3,0,0.0
6,SUV,PETROL,COMMERCIAL,15852.13,64,11931,GOOD,0,COMPREHENSIVE,500.0,609.91,0,0.0
10,SUV,PETROL,PERSONAL,17515.12,40,15025,GOOD,1,THIRD_PARTY,2000.0,250.0,0,0.0
11,SUV,DIESEL,RIDESHARE,10700.37,34,6940,GOOD,0,COMPREHENSIVE,1000.0,457.44,0,0.0
14,SEDAN,PETROL,RIDESHARE,5000.31,33,8489,EXCELLENT,0,ZERO_DEP_PREMIUM,1000.0,262.52,0,0.0
7,SEDAN,HYBRID,RIDESHARE,17970.8,34,20439,FAIR,0,ZERO_DEP_PREMIUM,1000.0,943.47,0,0.0
4,SUV,DIESEL,COMMERCIAL,32674.8,32,21343,EXCELLENT,1,ZERO_DEP_PREMIUM,500.0,1543.88,0,0.0
15,SEDAN,PETROL,COMMERCIAL,5389.05,43,14816,FAIR,1,COMPREHENSIVE,500.0,250.0,1,1015.8
6,SUV,ELECTRIC,PERSONAL,25475.29,62,18258,EXCELLENT,0,ZERO_DEP_PREMIUM,500.0,891.64,0,0.0
15,SUV,PETROL,PERSONAL,6417.62,19,10722,GOOD,0,COMPREHENSIVE,1000.0,250.0,0,0.0
11,HATCHBACK,DIESEL,PERSONAL,5100.3,34,15439,FAIR,0,COMPREHENSIVE,500.0,250.0,0,0.0
15,HATCHBACK,PETROL,PERSONAL,4500.0,18,15213,EXCELLENT,1,ZERO_DEP_PREMIUM,500.0,250.0,0,0.0
13,TRUCK,DIESEL,RIDESHARE,15936.22,47,8262,POOR,0,ZERO_DEP_PREMIUM,250.0,836.65,0,0.0
14,SUV,ELECTRIC,PERSONAL,6799.44,49,13384,EXCELLENT,0,THIRD_PARTY,1000.0,250.0,0,0.0
3,HATCHBACK,HYBRID,PERSONAL,11193.19,47,11170,EXCELLENT,0,ZERO_DEP_PREMIUM,500.0,391.76,0,0.0
14,SUV,PETROL,PERSONAL,8171.89,59,14155,FAIR,0,ZERO_DEP_PREMIUM,250.0,286.02,0,0.0
8,SEDAN,PETROL,RIDESHARE,17106.75,21,10092,FAIR,1,COMPREHENSIVE,1000.0,914.14,0,0.0
15,SEDAN,DIESEL,PERSONAL,7390.33,59,5953,EXCELLENT,0,ZERO_DEP_PREMIUM,1000.0,258.66,0,0.0
15,SEDAN,HYBRID,PERSONAL,6216.93,61,12577,POOR,1,COMPREHENSIVE,250.0,250.0,0,0.0
4,SUV,HYBRID,PERSONAL,18588.23,49,16237,GOOD,1,ZERO_DEP_PREMIUM,500.0,650.59,0,0.0
2,SUV,PETROL,PERSONAL,33361.24,77,16238,EXCELLENT,0,COMPREHENSIVE,1000.0,1093.41,1,7266.99
4,HATCHBACK,PETROL,PERSONAL,12608.92,52,4507,FAIR,0,COMPREHENSIVE,250.0,359.35,0,0.0
8,SEDAN,DIESEL,PERSONAL,15545.88,18,13320,GOOD,0,THIRD_PARTY,1000.0,250.0,0,0.0
12,SEDAN,PETROL,COMMERCIAL,7562.73,36,15598,EXCELLENT,0,ZERO_DEP_PREMIUM,500.0,357.34,1,3336.01
12,COMMERCIAL_VAN,PETROL,PERSONAL,16996.39,50,13116,FAIR,0,ZERO_DEP_PREMIUM,1000.0,594.87,0,0.0
10,SEDAN,PETROL,PERSONAL,10202.03,36,16390,FAIR,0,ZERO_DEP_PREMIUM,1000.0,357.07,1,4102.68
7,SUV,DIESEL,COMMERCIAL,16876.27,53,6152,GOOD,0,THIRD_PARTY,1000.0,284.79,0,0.0
0,SUV,HYBRID,RIDESHARE,33980.92,44,7347,FAIR,1,COMPREHENSIVE,250.0,1452.68,0,0.0
4,SUV,CNG,RIDESHARE,26259.8,30,15152,FAIR,0,COMPREHENSIVE,500.0,1122.61,1,1298.61
5,SEDAN,PETROL,PERSONAL,21995.87,44,10932,EXCELLENT,0,ZERO_DEP_PREMIUM,500.0,769.86,0,0.0
14,SEDAN,DIESEL,RIDESHARE,8433.16,63,17778,FAIR,0,ZERO_DEP_PREMIUM,500.0,442.74,0,0.0
12,SEDAN,HYBRID,PERSONAL,9256.14,31,13880,GOOD,0,COMPREHENSIVE,2000.0,263.8,0,0.0
9,SUV,PETROL,COMMERCIAL,12539.55,41,8470,GOOD,0,COMPREHENSIVE,250.0,482.46,1,464.6
12,SUV,DIESEL,PERSONAL,9340.08,52,8243,POOR,0,THIRD_PARTY,1000.0,250.0,0,0.0
10,SEDAN,PETROL,PERSONAL,10646.63,36,4054,FAIR,0,COMPREHENSIVE,2000.0,303.43,0,0.0
1,SUV,PETROL,PERSONAL,39642.75,78,15593,GOOD,0,THIRD_PARTY,2000.0,569.86,0,0.0
13,HATCHBACK,PETROL,PERSONAL,5755.0,42,11974,GOOD,0,THIRD_PARTY,1000.0,250.0,0,0.0
14,SEDAN,PETROL,COMMERCIAL,5958.14,28,16623,GOOD,1,ZERO_DEP_PREMIUM,500.0,281.52,0,0.0
5,SUV,DIESEL,PERSONAL,17299.74,26,13659,EXCELLENT,0,COMPREHENSIVE,500.0,493.04,0,0.0
13,SUV,PETROL,PERSONAL,10238.1,23,13015,FAIR,0,THIRD_PARTY,1000.0,250.0,0,0.0
8,SEDAN,PETROL,PERSONAL,16416.86,75,16169,FAIR,0,COMPREHENSIVE,1000.0,538.06,0,0.0
13,SEDAN,PETROL,PERSONAL,8253.56,53,12059,FAIR,0,THIRD_PARTY,500.0,250.0,0,0.0
3,SUV,HYBRID,RIDESHARE,25068.68,75,11004,GOOD,0,COMPREHENSIVE,1000.0,1232.44,0,0.0
2,TRUCK,DIESEL,COMMERCIAL,33760.01,54,12499,EXCELLENT,0,THIRD_PARTY,250.0,569.7,0,0.0
8,HATCHBACK,DIESEL,RIDESHARE,5962.51,46,16287,FAIR,0,THIRD_PARTY,1000.0,250.0,1,1328.68
1,SUV,DIESEL,PERSONAL,33783.97,26,8261,GOOD,0,THIRD_PARTY,1000.0,422.3,0,0.0
11,HATCHBACK,PETROL,PERSONAL,7109.79,50,16661,EXCELLENT,1,COMPREHENSIVE,500.0,250.0,0,0.0
8,SEDAN,PETROL,PERSONAL,16848.1,40,12785,POOR,0,THIRD_PARTY,1000.0,250.0,0,0.0
10,SUV,ELECTRIC,PERSONAL,14735.58,32,10771,FAIR,0,COMPREHENSIVE,1000.0,419.96,0,0.0
9,SUV,PETROL,PERSONAL,12587.05,28,13324,GOOD,1,COMPREHENSIVE,250.0,358.73,0,0.0
10,SEDAN,PETROL,COMMERCIAL,11927.7,40,17793,EXCELLENT,0,ZERO_DEP_PREMIUM,250.0,563.58,0,0.0
10,HATCHBACK,ELECTRIC,PERSONAL,7662.18,43,17760,EXCELLENT,0,ZERO_DEP_PREMIUM,1000.0,268.18,0,0.0
1,SUV,PETROL,PERSONAL,24576.22,18,14264,GOOD,1,ZERO_DEP_PREMIUM,250.0,1075.21,1,5374.45
13,SEDAN,PETROL,PERSONAL,9881.3,47,15316,GOOD,1,COMPREHENSIVE,2000.0,281.62,0,0.0
12,TRUCK,DIESEL,PERSONAL,18169.28,34,12694,FAIR,0,COMPREHENSIVE,1000.0,517.82,0,0.0
10,SEDAN,PETROL,COMMERCIAL,10436.45,64,9868,FAIR,0,COMPREHENSIVE,500.0,401.54,0,0.0
13,SEDAN,ELECTRIC,PERSONAL,8333.97,63,14502,GOOD,0,COMPREHENSIVE,500.0,250.0,0,0.0
14,SEDAN,DIESEL,PERSONAL,8327.44,58,10480,GOOD,0,COMPREHENSIVE,1000.0,250.0,0,0.0
9,HATCHBACK,DIESEL,PERSONAL,8036.34,40,7880,FAIR,0,COMPREHENSIVE,1000.0,250.0,0,0.0
2,HATCHBACK,ELECTRIC,RIDESHARE,9428.09,53,10599,FAIR,0,COMPREHENSIVE,250.0,403.05,0,0.0
12,SEDAN,PETROL,RIDESHARE,6587.63,58,5110,POOR,0,ZERO_DEP_PREMIUM,500.0,345.85,0,0.0
6,SUV,PETROL,PERSONAL,16637.03,77,6926,FAIR,0,ZERO_DEP_PREMIUM,1000.0,669.64,0,0.0
1,SUV,PETROL,PERSONAL,40261.16,22,21630,EXCELLENT,0,ZERO_DEP_PREMIUM,1000.0,1761.43,0,0.0
15,HATCHBACK,PETROL,PERSONAL,4500.0,52,17566,POOR,0,THIRD_PARTY,500.0,250.0,0,0.0
0,SUV,CNG,PERSONAL,38946.67,67,11419,EXCELLENT,0,ZERO_DEP_PREMIUM,1000.0,1363.13,0,0.0
8,SUV,ELECTRIC,RIDESHARE,21006.99,26,14849,POOR,1,COMPREHENSIVE,1000.0,898.05,0,0.0
15,TRUCK,PETROL,RIDESHARE,10036.79,21,8222,FAIR,0,COMPREHENSIVE,250.0,536.34,0,0.0
5,SEDAN,PETROL,COMMERCIAL,19862.82,24,15477,GOOD,0,THIRD_PARTY,500.0,418.98,1,8406.63
8,SEDAN,PETROL,PERSONAL,12344.06,18,13675,GOOD,2,COMPREHENSIVE,1000.0,439.76,1,2437.23
11,SUV,PETROL,RIDESHARE,12298.34,33,9327,EXCELLENT,0,COMPREHENSIVE,500.0,525.75,0,0.0
15,COMMERCIAL_VAN,PETROL,PERSONAL,8616.78,74,11045,EXCELLENT,0,COMPREHENSIVE,500.0,282.41,0,0.0
2,SEDAN,DIESEL,COMMERCIAL,29614.51,77,10732,FAIR,0,THIRD_PARTY,1000.0,574.71,1,2995.65
2,SEDAN,HYBRID,PERSONAL,26706.16,42,16325,GOOD,0,COMPREHENSIVE,500.0,761.13,0,0.0
9,SEDAN,ELECTRIC,PERSONAL,7945.61,75,12133,GOOD,0,COMPREHENSIVE,1000.0,260.42,0,0.0
11,SUV,PETROL,PERSONAL,17479.9,23,5398,POOR,0,THIRD_PARTY,250.0,273.12,0,0.0
2,SEDAN,PETROL,PERSONAL,26758.4,55,10479,EXCELLENT,1,COMPREHENSIVE,1000.0,762.61,1,8308.92
1,SUV,DIESEL,PERSONAL,26352.87,31,8979,FAIR,0,THIRD_PARTY,500.0,329.41,0,0.0
12,COMMERCIAL_VAN,ELECTRIC,COMMERCIAL,9232.66,71,5849,GOOD,0,COMPREHENSIVE,2000.0,408.51,0,0.0
10,SUV,ELECTRIC,PERSONAL,12837.68,54,9074,EXCELLENT,0,COMPREHENSIVE,1000.0,365.87,0,0.0
5,SEDAN,HYBRID,PERSONAL,18446.46,28,3000,FAIR,0,ZERO_DEP_PREMIUM,1000.0,645.63,1,1331.86
2,SUV,DIESEL,PERSONAL,33734.29,18,8311,GOOD,2,THIRD_PARTY,250.0,527.1,1,20618.86
4,SEDAN,DIESEL,PERSONAL,15923.43,69,13382,EXCELLENT,0,COMPREHENSIVE,2000.0,521.89,0,0.0
12,TRUCK,PETROL,RIDESHARE,14358.8,59,14541,GOOD,0,THIRD_PARTY,250.0,269.23,0,0.0
10,SUV,DIESEL,PERSONAL,11892.62,18,14765,FAIR,1,COMPREHENSIVE,250.0,423.67,1,2158.61
4,SUV,PETROL,PERSONAL,18154.93,70,16808,EXCELLENT,0,THIRD_PARTY,250.0,260.98,0,0.0
9,SUV,PETROL,RIDESHARE,16358.75,78,17844,GOOD,0,ZERO_DEP_PREMIUM,1000.0,987.66,0,0.0
2,SUV,DIESEL,COMMERCIAL,28109.17,53,7889,FAIR,0,THIRD_PARTY,1000.0,474.34,0,0.0
2,SUV,PETROL,PERSONAL,32197.06,25,6305,FAIR,0,COMPREHENSIVE,2000.0,917.62,1,2882.4
0,SEDAN,PETROL,COMMERCIAL,35426.43,49,12691,FAIR,0,COMPREHENSIVE,250.0,1363.03,0,0.0
5,HATCHBACK,PETROL,PERSONAL,7991.2,50,14959,GOOD,0,ZERO_DEP_PREMIUM,1000.0,279.69,0,0.0
2,TRUCK,PETROL,COMMERCIAL,25555.52,25,8740,GOOD,0,COMPREHENSIVE,500.0,983.25,0,0.0
14,SUV,PETROL,PERSONAL,7246.81,31,13690,FAIR,0,THIRD_PARTY,1000.0,250.0,0,0.0
0,COMMERCIAL_VAN,PETROL,RIDESHARE,38908.04,41,20701,EXCELLENT,0,COMPREHENSIVE,500.0,1663.32,1,3137.8
12,SEDAN,PETROL,PERSONAL,10018.08,66,6486,GOOD,1,ZERO_DEP_PREMIUM,1000.0,350.63,0,0.0
13,SUV,PETROL,PERSONAL,11689.76,58,12526,FAIR,0,ZERO_DEP_PREMIUM,2000.0,409.14,0,0.0
13,SUV,CNG,PERSONAL,11054.76,46,17174,FAIR,0,COMPREHENSIVE,1000.0,315.06,0,0.0
12,SUV,PETROL,PERSONAL,11002.82,42,11610,EXCELLENT,2,COMPREHENSIVE,1000.0,313.58,0,0.0
9,SUV,PETROL,RIDESHARE,14126.54,23,14357,GOOD,0,THIRD_PARTY,1000.0,331.09,0,0.0
15,SEDAN,DIESEL,PERSONAL,6086.97,18,16595,GOOD,0,COMPREHENSIVE,1000.0,250.0,0,0.0
15,SEDAN,HYBRID,PERSONAL,7127.86,72,11142,FAIR,1,COMPREHENSIVE,1000.0,250.0,0,0.0
8,SUV,DIESEL,PERSONAL,13838.31,40,7724,FAIR,0,THIRD_PARTY,500.0,250.0,0,0.0
10,SEDAN,PETROL,PERSONAL,12554.3,58,12046,EXCELLENT,1,COMPREHENSIVE,250.0,357.8,1,2158.8
0,HATCHBACK,DIESEL,RIDESHARE,17642.84,50,7573,EXCELLENT,0,THIRD_PARTY,1000.0,330.8,0,0.0
4,SEDAN,ELECTRIC,PERSONAL,15839.89,31,10023,GOOD,1,THIRD_PARTY,500.0,250.0,0,0.0
4,SEDAN,ELECTRIC,PERSONAL,18735.35,73,14488,POOR,2,THIRD_PARTY,250.0,269.32,0,0.0
14,SUV,DIESEL,PERSONAL,13208.44,45,13315,FAIR,0,ZERO_DEP_PREMIUM,500.0,462.3,0,0.0
15,SUV,HYBRID,COMMERCIAL,6249.29,46,16990,GOOD,0,ZERO_DEP_PREMIUM,1000.0,295.28,0,0.0
1,TRUCK,HYBRID,PERSONAL,33620.22,60,13544,POOR,0,COMPREHENSIVE,1000.0,958.18,0,0.0
15,SUV,DIESEL,PERSONAL,8869.6,57,8991,GOOD,1,THIRD_PARTY,1000.0,250.0,0,0.0
13,SEDAN,PETROL,COMMERCIAL,8750.64,40,8014,GOOD,2,COMPREHENSIVE,1000.0,336.68,0,0.0
13,HATCHBACK,DIESEL,COMMERCIAL,4500.0,61,15325,EXCELLENT,1,COMPREHENSIVE,1000.0,250.0,1,638.33
12,SUV,ELECTRIC,COMMERCIAL,15695.33,55,13580,POOR,0,THIRD_PARTY,1000.0,264.86,0,0.0
0,SEDAN,PETROL,RIDESHARE,29894.81,66,11635,GOOD,1,ZERO_DEP_PREMIUM,1000.0,1569.48,0,0.0
5,SUV,CNG,COMMERCIAL,29523.76,60,14024,GOOD,1,COMPREHENSIVE,500.0,1135.93,0,0.0
14,TRUCK,PETROL,COMMERCIAL,10933.5,27,9330,EXCELLENT,0,ZERO_DEP_PREMIUM,250.0,516.61,0,0.0
6,SUV,DIESEL,RIDESHARE,26172.89,44,3000,GOOD,0,COMPREHENSIVE,1000.0,1118.89,0,0.0
10,SEDAN,HYBRID,PERSONAL,9767.95,25,17192,EXCELLENT,1,COMPREHENSIVE,500.0,278.39,0,0.0
10,SEDAN,PETROL,PERSONAL,8878.72,61,15420,GOOD,0,COMPREHENSIVE,1000.0,253.04,0,0.0
8,SEDAN,DIESEL,PERSONAL,16361.09,70,12108,POOR,0,THIRD_PARTY,1000.0,250.0,0,0.0
15,SUV,PETROL,PERSONAL,6688.53,21,8456,EXCELLENT,0,ZERO_DEP_PREMIUM,1000.0,292.62,0,0.0
7,SUV,PETROL,COMMERCIAL,25301.03,38,11539,GOOD,0,COMPREHENSIVE,500.0,973.46,0,0.0
9,SEDAN,PETROL,COMMERCIAL,11359.39,38,4716,EXCELLENT,0,COMPREHENSIVE,1000.0,437.05,0,0.0
2,TRUCK,PETROL,COMMERCIAL,50822.87,47,13015,FAIR,2,COMPREHENSIVE,500.0,1955.41,0,0.0
8,HATCHBACK,PETROL,RIDESHARE,8108.78,30,3788,GOOD,0,COMPREHENSIVE,500.0,346.65,0,0.0
0,SUV,CNG,PERSONAL,44288.7,75,12979,EXCELLENT,0,COMPREHENSIVE,1000.0,1451.56,0,0.0
12,HATCHBACK,CNG,COMMERCIAL,4500.0,20,9325,FAIR,0,COMPREHENSIVE,500.0,250.0,0,0.0
5,SEDAN,PETROL,PERSONAL,16998.22,37,11835,FAIR,0,ZERO_DEP_PREMIUM,500.0,594.94,0,0.0
12,SUV,ELECTRIC,PERSONAL,14119.21,53,7373,POOR,0,ZERO_DEP_PREMIUM,500.0,494.17,0,0.0
13,SUV,PETROL,PERSONAL,13184.02,57,19286,EXCELLENT,0,COMPREHENSIVE,500.0,375.74,0,0.0
9,HATCHBACK,PETROL,COMMERCIAL,5550.31,22,14122,GOOD,0,COMPREHENSIVE,500.0,266.94,0,0.0
1,HATCHBACK,PETROL,PERSONAL,14462.15,39,9401,POOR,0,COMPREHENSIVE,500.0,412.17,0,0.0
9,SEDAN,CNG,COMMERCIAL,11052.19,75,11692,FAIR,0,THIRD_PARTY,500.0,250.0,0,0.0
8,TRUCK,HYBRID,PERSONAL,15984.89,19,19727,FAIR,1,ZERO_DEP_PREMIUM,1000.0,699.34,0,0.0
8,SEDAN,PETROL,PERSONAL,12350.44,42,8226,GOOD,0,COMPREHENSIVE,2000.0,351.99,0,0.0
7,TRUCK,PETROL,PERSONAL,28762.12,57,7494,FAIR,0,THIRD_PARTY,500.0,359.53,1,3920.36
12,COMMERCIAL_VAN,PETROL,PERSONAL,11152.75,41,7302,FAIR,0,ZERO_DEP_PREMIUM,500.0,390.35,0,0.0
10,SEDAN,DIESEL,RIDESHARE,10153.19,75,9434,EXCELLENT,0,COMPREHENSIVE,250.0,499.16,1,608.66
6,HATCHBACK,DIESEL,PERSONAL,12471.96,22,19227,GOOD,0,THIRD_PARTY,500.0,250.0,0,0.0
13,SEDAN,PETROL,RIDESHARE,5510.19,33,9980,FAIR,0,THIRD_PARTY,500.0,250.0,0,0.0
5,SUV,ELECTRIC,RIDESHARE,25027.65,70,10623,EXCELLENT,0,ZERO_DEP_PREMIUM,500.0,1511.04,1,3352.19
1,SUV,PETROL,RIDESHARE,39980.48,32,13407,GOOD,0,COMPREHENSIVE,500.0,1709.17,0,0.0
15,SUV,HYBRID,PERSONAL,10783.3,68,12359,GOOD,0,ZERO_DEP_PREMIUM,500.0,377.42,0,0.0
13,TRUCK,DIESEL,RIDESHARE,15509.24,30,16862,FAIR,1,COMPREHENSIVE,1000.0,663.02,0,0.0
3,SUV,PETROL,PERSONAL,32785.29,28,16195,FAIR,1,THIRD_PARTY,500.0,409.82,0,0.0
9,SUV,ELECTRIC,PERSONAL,11420.21,33,13972,GOOD,0,COMPREHENSIVE,500.0,325.48,1,3055.64
6,HATCHBACK,ELECTRIC,PERSONAL,9757.32,35,11465,FAIR,0,THIRD_PARTY,1000.0,250.0,0,0.0
13,COMMERCIAL_VAN,PETROL,RIDESHARE,13917.57,42,16819,GOOD,0,ZERO_DEP_PREMIUM,1000.0,730.67,0,0.0
12,SEDAN,PETROL,PERSONAL,6421.13,64,8957,FAIR,1,COMPREHENSIVE,500.0,250.0,0,0.0
5,COMMERCIAL_VAN,HYBRID,PERSONAL,16799.27,55,8669,EXCELLENT,0,ZERO_DEP_PREMIUM,500.0,587.97,0,0.0
8,SEDAN,PETROL,PERSONAL,15530.1,57,10664,FAIR,0,COMPREHENSIVE,500.0,442.61,0,0.0
12,HATCHBACK,PETROL,PERSONAL,6184.34,21,17727,EXCELLENT,1,THIRD_PARTY,1000.0,250.0,0,0.0
12,SEDAN,DIESEL,PERSONAL,8288.32,70,8733,EXCELLENT,1,COMPREHENSIVE,2000.0,271.65,0,0.0
4,SEDAN,ELECTRIC,COMMERCIAL,24217.39,75,9798,GOOD,1,COMPREHENSIVE,500.0,1071.53,0,0.0
11,SUV,ELECTRIC,PERSONAL,15775.88,65,13282,GOOD,0,ZERO_DEP_PREMIUM,500.0,552.16,0,0.0
11,SUV,HYBRID,RIDESHARE,17573.18,38,12245,FAIR,0,COMPREHENSIVE,2000.0,751.25,0,0.0
5,SUV,DIESEL,PERSONAL,30339.66,28,10792,GOOD,0,COMPREHENSIVE,250.0,864.68,0,0.0
9,SEDAN,PETROL,RIDESHARE,11536.79,75,14601,EXCELLENT,0,THIRD_PARTY,500.0,250.0,0,0.0
15,SUV,DIESEL,PERSONAL,10745.5,69,10370,POOR,0,THIRD_PARTY,500.0,250.0,1,950.26
5,TRUCK,ELECTRIC,PERSONAL,32082.18,76,17252,EXCELLENT,1,COMPREHENSIVE,1000.0,1051.49,0,0.0
13,SUV,PETROL,PERSONAL,13395.65,51,13568,POOR,0,COMPREHENSIVE,500.0,381.78,0,0.0
7,SEDAN,PETROL,PERSONAL,16813.3,47,17074,POOR,0,COMPREHENSIVE,500.0,479.18,0,0.0
7,SUV,PETROL,COMMERCIAL,15017.82,71,8942,GOOD,0,COMPREHENSIVE,1000.0,664.48,0,0.0
5,SEDAN,DIESEL,PERSONAL,14012.01,21,11832,EXCELLENT,0,COMPREHENSIVE,1000.0,499.18,0,0.0
7,HATCHBACK,HYBRID,COMMERCIAL,7325.7,31,3961,GOOD,1,COMPREHENSIVE,2000.0,281.86,0,0.0
6,HATCHBACK,DIESEL,COMMERCIAL,11565.9,28,18516,FAIR,0,THIRD_PARTY,500.0,250.0,0,0.0
0,SUV,CNG,PERSONAL,45630.69,21,22822,GOOD,0,COMPREHENSIVE,1000.0,1625.59,0,0.0
4,SEDAN,PETROL,PERSONAL,18662.75,43,11203,EXCELLENT,0,THIRD_PARTY,500.0,250.0,0,0.0
10,HATCHBACK,HYBRID,PERSONAL,6894.74,20,14177,FAIR,0,COMPREHENSIVE,250.0,250.0,0,0.0
14,SUV,ELECTRIC,PERSONAL,12294.19,73,13009,GOOD,0,THIRD_PARTY,500.0,250.0,1,2206.41
9,HATCHBACK,PETROL,PERSONAL,6291.02,71,6685,EXCELLENT,0,ZERO_DEP_PREMIUM,500.0,253.21,0,0.0
9,SUV,CNG,RIDESHARE,11324.95,74,18113,POOR,0,COMPREHENSIVE,1000.0,556.76,0,0.0
12,HATCHBACK,PETROL,PERSONAL,5354.73,54,11264,POOR,1,COMPREHENSIVE,250.0,250.0,0,0.0
9,SUV,HYBRID,PERSONAL,20637.2,55,3282,GOOD,0,ZERO_DEP_PREMIUM,1000.0,722.3,0,0.0
4,SUV,HYBRID,PERSONAL,30940.89,58,9278,EXCELLENT,0,THIRD_PARTY,1000.0,386.76,0,0.0
9,COMMERCIAL_VAN,ELECTRIC,PERSONAL,15556.11,21,6225,GOOD,0,COMPREHENSIVE,250.0,554.19,1,5106.72
13,SUV,DIESEL,COMMERCIAL,7873.99,43,13049,GOOD,0,ZERO_DEP_PREMIUM,250.0,372.05,1,1835.87
8,SUV,PETROL,COMMERCIAL,19398.09,56,13023,EXCELLENT,0,COMPREHENSIVE,250.0,746.34,0,0.0
6,SEDAN,DIESEL,COMMERCIAL,18959.87,62,17837,FAIR,0,COMPREHENSIVE,1000.0,729.48,1,1219.21
6,SUV,PETROL,COMMERCIAL,23825.92,59,20734,POOR,0,COMPREHENSIVE,1000.0,916.7,0,0.0
9,SUV,ELECTRIC,PERSONAL,15367.76,61,21101,GOOD,0,COMPREHENSIVE,500.0,437.98,0,0.0
14,SEDAN,ELECTRIC,PERSONAL,5459.68,59,7885,FAIR,0,COMPREHENSIVE,250.0,250.0,0,0.0
1,SEDAN,HYBRID,PERSONAL,31646.24,28,15286,EXCELLENT,0,THIRD_PARTY,500.0,395.58,1,5944.34
15,SUV,PETROL,COMMERCIAL,7813.72,28,16085,GOOD,0,COMPREHENSIVE,1000.0,300.63,0,0.0
7,HATCHBACK,ELECTRIC,COMMERCIAL,7085.83,71,10144,EXCELLENT,0,COMPREHENSIVE,250.0,313.52,0,0.0
15,SUV,HYBRID,PERSONAL,11120.69,55,13792,EXCELLENT,1,ZERO_DEP_PREMIUM,1000.0,389.22,0,0.0
2,SEDAN,ELECTRIC,PERSONAL,29859.8,55,14296,GOOD,1,COMPREHENSIVE,250.0,851.0,1,12488.79
14,SUV,PETROL,PERSONAL,11171.98,37,10317,FAIR,0,ZERO_DEP_PREMIUM,1000.0,391.02,0,0.0
8,SEDAN,PETROL,RIDESHARE,13906.1,43,18268,GOOD,1,COMPREHENSIVE,500.0,594.49,1,2954.37
14,SUV,PETROL,PERSONAL,8879.05,55,13558,GOOD,0,COMPREHENSIVE,250.0,253.05,0,0.0
5,SEDAN,DIESEL,COMMERCIAL,11589.23,29,11727,EXCELLENT,0,THIRD_PARTY,500.0,250.0,0,0.0
8,SEDAN,DIESEL,PERSONAL,10200.12,72,6993,FAIR,0,THIRD_PARTY,1000.0,250.0,0,0.0
14,SEDAN,CNG,PERSONAL,7700.59,46,17680,GOOD,1,ZERO_DEP_PREMIUM,250.0,269.52,0,0.0
8,SUV,PETROL,COMMERCIAL,13643.52,31,12837,EXCELLENT,0,COMPREHENSIVE,500.0,524.93,0,0.0
6,SEDAN,PETROL,PERSONAL,19469.86,67,12852,EXCELLENT,1,ZERO_DEP_PREMIUM,500.0,681.45,0,0.0
9,SUV,DIESEL,COMMERCIAL,12812.75,76,8692,EXCELLENT,0,ZERO_DEP_PREMIUM,500.0,696.21,0,0.0
11,SUV,ELECTRIC,PERSONAL,13592.53,42,16522,GOOD,1,COMPREHENSIVE,2000.0,387.39,1,4657.85
7,SUV,HYBRID,PERSONAL,19690.01,72,7393,EXCELLENT,0,ZERO_DEP_PREMIUM,500.0,792.52,0,0.0
1,SUV,ELECTRIC,COMMERCIAL,36781.68,68,3000,FAIR,0,COMPREHENSIVE,2000.0,1415.18,0,0.0
4,HATCHBACK,PETROL,PERSONAL,10195.22,59,9310,POOR,0,COMPREHENSIVE,500.0,290.56,0,0.0
15,SEDAN,DIESEL,PERSONAL,8286.17,59,14061,EXCELLENT,0,THIRD_PARTY,1000.0,250.0,0,0.0
14,SUV,HYBRID,COMMERCIAL,9719.37,56,14022,GOOD,0,ZERO_DEP_PREMIUM,500.0,459.24,0,0.0
2,SEDAN,DIESEL,PERSONAL,25623.73,43,13132,GOOD,0,COMPREHENSIVE,250.0,730.28,0,0.0
0,SEDAN,PETROL,PERSONAL,29773.58,27,11725,POOR,0,COMPREHENSIVE,250.0,848.55,0,0.0
12,SUV,PETROL,RIDESHARE,9078.44,31,13213,EXCELLENT,0,THIRD_PARTY,1000.0,250.0,0,0.0
5,SUV,PETROL,PERSONAL,25516.99,22,25371,GOOD,0,ZERO_DEP_PREMIUM,2000.0,1116.37,0,0.0
15,TRUCK,ELECTRIC,COMMERCIAL,11606.47,74,13624,GOOD,0,ZERO_DEP_PREMIUM,250.0,630.67,0,0.0
12,SUV,PETROL,COMMERCIAL,15428.78,39,10599,GOOD,0,COMPREHENSIVE,1000.0,593.62,0,0.0
15,COMMERCIAL_VAN,PETROL,PERSONAL,12158.02,28,12028,EXCELLENT,0,COMPREHENSIVE,1000.0,346.5,0,0.0
11,SEDAN,PETROL,PERSONAL,7423.09,46,11566,EXCELLENT,0,COMPREHENSIVE,1000.0,250.0,0,0.0
14,SEDAN,DIESEL,PERSONAL,5257.17,24,12811,EXCELLENT,0,COMPREHENSIVE,500.0,250.0,0,0.0
8,SEDAN,PETROL,PERSONAL,11079.89,69,8398,EXCELLENT,0,ZERO_DEP_PREMIUM,250.0,445.97,0,0.0
1,SEDAN,DIESEL,COMMERCIAL,32902.28,35,16095,EXCELLENT,0,ZERO_DEP_PREMIUM,250.0,1554.63,0,0.0
8,SUV,PETROL,COMMERCIAL,12106.02,48,13835,GOOD,0,COMPREHENSIVE,500.0,465.78,0,0.0
7,SUV,PETROL,PERSONAL,21785.03,60,8948,GOOD,1,COMPREHENSIVE,500.0,620.87,0,0.0
10,SEDAN,DIESEL,PERSONAL,11400.14,37,17088,GOOD,2,COMPREHENSIVE,250.0,324.9,0,0.0
8,TRUCK,PETROL,RIDESHARE,23848.67,74,3938,EXCELLENT,0,ZERO_DEP_PREMIUM,500.0,1439.86,0,0.0
4,HATCHBACK,PETROL,PERSONAL,9356.92,52,22186,EXCELLENT,1,COMPREHENSIVE,500.0,266.67,0,0.0
12,SEDAN,PETROL,COMMERCIAL,7199.67,24,20983,FAIR,1,THIRD_PARTY,2000.0,250.0,1,2144.73
1,SEDAN,HYBRID,COMMERCIAL,23694.29,78,20263,EXCELLENT,0,THIRD_PARTY,2000.0,459.82,0,0.0
9,SEDAN,DIESEL,PERSONAL,8534.89,47,10265,POOR,0,COMPREHENSIVE,500.0,250.0,0,0.0
9,SEDAN,PETROL,PERSONAL,8369.43,21,13583,FAIR,0,COMPREHENSIVE,250.0,298.16,0,0.0
5,SEDAN,PETROL,COMMERCIAL,12360.92,68,9701,EXCELLENT,0,THIRD_PARTY,2000.0,250.0,0,0.0
6,SUV,CNG,PERSONAL,22509.81,47,14438,FAIR,0,COMPREHENSIVE,500.0,641.53,0,0.0
2,SEDAN,DIESEL,PERSONAL,21065.95,47,12582,GOOD,0,ZERO_DEP_PREMIUM,2000.0,737.31,0,0.0
13,SEDAN,PETROL,PERSONAL,6909.0,47,10428,GOOD,1,COMPREHENSIVE,500.0,250.0,0,0.0
15,COMMERCIAL_VAN,ELECTRIC,COMMERCIAL,8505.48,70,10380,FAIR,0,COMPREHENSIVE,1000.0,376.34,1,575.1
5,SUV,ELECTRIC,PERSONAL,18985.27,35,12871,GOOD,0,ZERO_DEP_PREMIUM,500.0,664.48,0,0.0
5,TRUCK,ELECTRIC,PERSONAL,27129.4,60,25712,FAIR,0,THIRD_PARTY,1000.0,339.12,0,0.0
7,SEDAN,DIESEL,PERSONAL,11314.82,63,18374,GOOD,0,COMPREHENSIVE,500.0,322.47,0,0.0
0,SUV,PETROL,PERSONAL,42790.76,27,12885,FAIR,0,ZERO_DEP_PREMIUM,500.0,1497.68,0,0.0
3,SUV,PETROL,PERSONAL,21343.47,31,11684,GOOD,1,THIRD_PARTY,1000.0,266.79,0,0.0
15,SEDAN,HYBRID,PERSONAL,8616.59,53,15303,EXCELLENT,0,ZERO_DEP_PREMIUM,250.0,301.58,0,0.0
14,SEDAN,DIESEL,PERSONAL,5296.7,40,9741,GOOD,0,COMPREHENSIVE,500.0,250.0,0,0.0
0,SUV,PETROL,PERSONAL,48975.21,29,11473,POOR,1,THIRD_PARTY,1000.0,612.19,1,25542.75
7,SUV,HYBRID,PERSONAL,23873.86,29,3718,EXCELLENT,0,ZERO_DEP_PREMIUM,500.0,835.59,0,0.0
1,SUV,HYBRID,PERSONAL,38542.09,51,12908,GOOD,1,COMPREHENSIVE,250.0,1098.45,0,0.0
7,SUV,CNG,PERSONAL,24902.71,43,13023,GOOD,0,COMPREHENSIVE,500.0,709.73,0,0.0
2,SUV,HYBRID,PERSONAL,23773.35,23,10052,EXCELLENT,1,COMPREHENSIVE,250.0,846.93,0,0.0
7,SEDAN,CNG,RIDESHARE,11063.3,54,14531,EXCELLENT,1,COMPREHENSIVE,500.0,472.96,0,0.0
5,SEDAN,PETROL,PERSONAL,14221.18,68,13060,GOOD,0,THIRD_PARTY,500.0,250.0,0,0.0
0,SEDAN,ELECTRIC,PERSONAL,22655.57,70,10106,GOOD,0,COMPREHENSIVE,1000.0,742.54,0,0.0
6,SEDAN,ELECTRIC,RIDESHARE,13547.91,32,16203,FAIR,0,COMPREHENSIVE,1000.0,579.17,0,0.0
12,COMMERCIAL_VAN,PETROL,PERSONAL,13515.52,59,11691,GOOD,0,COMPREHENSIVE,250.0,385.19,0,0.0
6,SUV,PETROL,COMMERCIAL,14713.46,56,7786,GOOD,0,ZERO_DEP_PREMIUM,500.0,695.21,0,0.0
5,HATCHBACK,CNG,PERSONAL,9660.92,36,4574,GOOD,0,ZERO_DEP_PREMIUM,500.0,338.13,0,0.0
14,SEDAN,PETROL,PERSONAL,6057.64,57,18959,FAIR,2,THIRD_PARTY,500.0,250.0,0,0.0
0,SUV,HYBRID,PERSONAL,40487.07,64,13066,GOOD,0,ZERO_DEP_PREMIUM,1000.0,1417.05,0,0.0
4,SEDAN,PETROL,PERSONAL,24776.19,40,12875,EXCELLENT,0,THIRD_PARTY,1000.0,309.7,0,0.0
15,SEDAN,PETROL,PERSONAL,6712.21,53,12302,GOOD,0,ZERO_DEP_PREMIUM,1000.0,250.0,0,0.0
0,SEDAN,DIESEL,PERSONAL,25947.47,30,17981,FAIR,0,ZERO_DEP_PREMIUM,500.0,908.16,0,0.0
15,HATCHBACK,PETROL,PERSONAL,4500.0,48,13141,FAIR,1,COMPREHENSIVE,500.0,250.0,0,0.0
0,SUV,DIESEL,RIDESHARE,44980.72,78,19466,POOR,0,COMPREHENSIVE,500.0,2211.36,0,0.0
15,SUV,DIESEL,PERSONAL,6564.6,54,13156,EXCELLENT,0,ZERO_DEP_PREMIUM,500.0,250.0,1,2368.4
5,SUV,PETROL,PERSONAL,30818.59,43,3000,POOR,0,ZERO_DEP_PREMIUM,250.0,1078.65,0,0.0
7,TRUCK,PETROL,PERSONAL,22567.92,60,18200,GOOD,0,THIRD_PARTY,1000.0,282.1,0,0.0
0,SEDAN,PETROL,PERSONAL,23909.35,65,13918,EXCELLENT,1,COMPREHENSIVE,1000.0,681.42,0,0.0
1,SEDAN,PETROL,COMMERCIAL,32694.52,69,10218,GOOD,0,COMPREHENSIVE,500.0,1446.61,0,0.0
14,SEDAN,ELECTRIC,PERSONAL,9408.69,35,11344,EXCELLENT,0,ZERO_DEP_PREMIUM,500.0,329.3,0,0.0
4,HATCHBACK,PETROL,PERSONAL,12610.7,77,11115,GOOD,0,THIRD_PARTY,2000.0,250.0,0,0.0
7,COMMERCIAL_VAN,PETROL,PERSONAL,14000.24,64,6913,POOR,0,COMPREHENSIVE,1000.0,399.01,0,0.0
10,SEDAN,DIESEL,COMMERCIAL,12392.52,74,16447,POOR,0,COMPREHENSIVE,1000.0,548.32,1,1524.76
3,TRUCK,PETROL,PERSONAL,30998.27,50,10493,GOOD,0,ZERO_DEP_PREMIUM,2000.0,1084.94,0,0.0
14,HATCHBACK,PETROL,PERSONAL,4500.0,57,8593,GOOD,0,COMPREHENSIVE,1000.0,250.0,0,0.0
13,SEDAN,PETROL,PERSONAL,6188.66,49,31844,POOR,1,ZERO_DEP_PREMIUM,2000.0,250.0,0,0.0
4,SUV,HYBRID,PERSONAL,26326.71,21,7311,GOOD,2,THIRD_PARTY,1000.0,411.35,0,0.0
9,SUV,HYBRID,PERSONAL,18812.96,58,12104,POOR,1,THIRD_PARTY,500.0,250.0,1,6990.26
4,COMMERCIAL_VAN,ELECTRIC,PERSONAL,23220.92,36,3000,POOR,0,COMPREHENSIVE,500.0,661.8,1,3185.11
2,SEDAN,PETROL,RIDESHARE,29219.46,24,18144,GOOD,1,COMPREHENSIVE,500.0,1561.41,1,4117.27
5,HATCHBACK,PETROL,PERSONAL,8350.21,64,11228,EXCELLENT,0,COMPREHENSIVE,500.0,250.0,0,0.0
4,SEDAN,DIESEL,PERSONAL,13307.64,52,16176,GOOD,0,ZERO_DEP_PREMIUM,500.0,465.77,1,1067.72
14,HATCHBACK,ELECTRIC,PERSONAL,4918.08,43,8255,FAIR,1,COMPREHENSIVE,1000.0,250.0,0,0.0
1,SUV,CNG,PERSONAL,42408.58,61,5229,FAIR,1,ZERO_DEP_PREMIUM,500.0,1484.3,1,3082.93
13,SUV,PETROL,PERSONAL,14443.43,40,9143,GOOD,0,COMPREHENSIVE,1000.0,411.64,1,2405.16
9,HATCHBACK,PETROL,PERSONAL,8469.72,51,18554,EXCELLENT,0,ZERO_DEP_PREMIUM,2000.0,296.44,0,0.0
13,HATCHBACK,DIESEL,PERSONAL,4500.0,68,15097,EXCELLENT,1,THIRD_PARTY,250.0,250.0,0,0.0
3,TRUCK,ELECTRIC,PERSONAL,45901.49,73,5225,POOR,0,ZERO_DEP_PREMIUM,250.0,1847.53,0,0.0
10,SEDAN,ELECTRIC,PERSONAL,13603.76,24,3000,GOOD,2,THIRD_PARTY,1000.0,250.0,0,0.0
3,SUV,DIESEL,PERSONAL,22088.54,28,11054,GOOD,0,COMPREHENSIVE,500.0,629.52,0,0.0
6,SEDAN,CNG,PERSONAL,16110.4,68,17415,POOR,0,COMPREHENSIVE,500.0,459.15,1,2023.95
14,SUV,DIESEL,PERSONAL,10467.79,25,9086,FAIR,1,ZERO_DEP_PREMIUM,500.0,366.37,0,0.0
6,SUV,HYBRID,PERSONAL,20643.11,30,17343,GOOD,1,COMPREHENSIVE,500.0,588.33,1,1093.34
8,SUV,CNG,PERSONAL,23514.46,49,13071,GOOD,0,COMPREHENSIVE,1000.0,670.16,0,0.0
14,SUV,ELECTRIC,COMMERCIAL,7130.68,58,20387,FAIR,0,ZERO_DEP_PREMIUM,1000.0,336.92,0,0.0
9,COMMERCIAL_VAN,PETROL,PERSONAL,18522.41,51,9445,GOOD,2,ZERO_DEP_PREMIUM,500.0,648.28,1,3550.08
11,SEDAN,PETROL,PERSONAL,7773.62,35,12229,GOOD,0,THIRD_PARTY,1000.0,250.0,0,0.0
1,SUV,DIESEL,COMMERCIAL,35024.76,32,9551,EXCELLENT,0,ZERO_DEP_PREMIUM,500.0,1654.92,0,0.0
5,SUV,DIESEL,PERSONAL,27987.51,72,16934,FAIR,1,COMPREHENSIVE,500.0,917.29,0,0.0
15,SEDAN,HYBRID,COMMERCIAL,5513.96,60,15158,POOR,0,ZERO_DEP_PREMIUM,1000.0,260.53,0,0.0
1,SEDAN,PETROL,PERSONAL,23076.82,41,4857,POOR,0,THIRD_PARTY,1000.0,288.46,0,0.0
8,TRUCK,PETROL,PERSONAL,28254.49,64,15614,GOOD,0,THIRD_PARTY,500.0,353.18,0,0.0
1,TRUCK,ELECTRIC,PERSONAL,49370.78,38,5799,GOOD,2,COMPREHENSIVE,1000.0,1407.07,0,0.0
5,TRUCK,PETROL,PERSONAL,30228.04,35,8399,EXCELLENT,0,COMPREHENSIVE,1000.0,861.5,0,0.0
7,COMMERCIAL_VAN,PETROL,RIDESHARE,16797.38,31,15855,GOOD,1,COMPREHENSIVE,2000.0,718.09,0,0.0
5,SEDAN,PETROL,PERSONAL,16187.74,75,6854,GOOD,1,COMPREHENSIVE,1000.0,530.55,0,0.0
11,SEDAN,DIESEL,PERSONAL,11441.83,70,10828,FAIR,1,COMPREHENSIVE,500.0,375.01,0,0.0
14,SUV,PETROL,PERSONAL,12251.27,36,15917,EXCELLENT,0,COMPREHENSIVE,1000.0,349.16,0,0.0
2,SUV,HYBRID,PERSONAL,25972.59,30,14368,GOOD,1,COMPREHENSIVE,250.0,740.22,0,0.0
4,SUV,PETROL,PERSONAL,28721.88,74,14105,GOOD,0,COMPREHENSIVE,500.0,941.36,0,0.0
15,SEDAN,HYBRID,PERSONAL,4842.92,33,16063,EXCELLENT,0,THIRD_PARTY,1000.0,250.0,1,1038.49
3,SUV,DIESEL,PERSONAL,19430.79,19,18381,EXCELLENT,0,ZERO_DEP_PREMIUM,2000.0,850.1,0,0.0
15,SUV,PETROL,COMMERCIAL,9483.78,74,6917,GOOD,0,ZERO_DEP_PREMIUM,250.0,515.32,0,0.0
0,SEDAN,PETROL,PERSONAL,22283.71,51,13999,GOOD,0,THIRD_PARTY,500.0,278.55,0,0.0
4,SUV,PETROL,PERSONAL,18644.56,66,16840,GOOD,0,ZERO_DEP_PREMIUM,1000.0,652.56,0,0.0
9,SUV,DIESEL,PERSONAL,18654.18,43,15955,GOOD,0,THIRD_PARTY,2000.0,250.0,0,0.0
11,SUV,PETROL,RIDESHARE,13377.05,71,11783,EXCELLENT,1,COMPREHENSIVE,1000.0,657.65,0,0.0
4,SEDAN,PETROL,PERSONAL,22418.69,76,11523,EXCELLENT,0,COMPREHENSIVE,1000.0,734.77,0,0.0
6,HATCHBACK,DIESEL,PERSONAL,10582.91,39,16209,EXCELLENT,0,COMPREHENSIVE,2000.0,301.61,0,0.0
14,SEDAN,PETROL,RIDESHARE,8407.13,37,13463,EXCELLENT,0,THIRD_PARTY,500.0,250.0,0,0.0
11,SEDAN,PETROL,PERSONAL,8431.83,46,17423,FAIR,1,ZERO_DEP_PREMIUM,1000.0,295.11,1,1559.26
6,HATCHBACK,ELECTRIC,PERSONAL,8034.61,35,12994,EXCELLENT,0,ZERO_DEP_PREMIUM,1000.0,281.21,0,0.0
1,SUV,HYBRID,PERSONAL,36711.26,46,10819,EXCELLENT,0,ZERO_DEP_PREMIUM,1000.0,1284.89,0,0.0
13,SEDAN,PETROL,RIDESHARE,6409.45,59,4564,EXCELLENT,0,THIRD_PARTY,500.0,250.0,0,0.0
3,SUV,PETROL,RIDESHARE,34474.66,61,11463,GOOD,1,ZERO_DEP_PREMIUM,1000.0,1809.92,0,0.0
0,SUV,CNG,COMMERCIAL,38377.59,44,6960,GOOD,0,COMPREHENSIVE,1000.0,1476.58,0,0.0
12,HATCHBACK,PETROL,PERSONAL,4500.0,52,4267,EXCELLENT,0,COMPREHENSIVE,1000.0,250.0,0,0.0
4,HATCHBACK,CNG,PERSONAL,12481.93,46,8605,EXCELLENT,0,ZERO_DEP_PREMIUM,500.0,436.87,1,2294.13
4,SUV,PETROL,PERSONAL,33611.95,23,15664,POOR,1,COMPREHENSIVE,500.0,1197.43,0,0.0
3,SUV,HYBRID,COMMERCIAL,20548.97,69,11411,POOR,0,COMPREHENSIVE,1000.0,909.21,0,0.0
9,SEDAN,PETROL,RIDESHARE,8639.94,54,13301,FAIR,1,COMPREHENSIVE,500.0,369.36,0,0.0
11,SEDAN,HYBRID,PERSONAL,11891.86,76,15531,EXCELLENT,0,COMPREHENSIVE,250.0,389.76,0,0.0
11,SUV,PETROL,PERSONAL,9908.77,42,12338,GOOD,1,ZERO_DEP_PREMIUM,1000.0,346.81,0,0.0
6,SUV,DIESEL,PERSONAL,14873.78,38,9403,GOOD,0,ZERO_DEP_PREMIUM,500.0,520.58,0,0.0
5,SUV,PETROL,PERSONAL,21197.03,75,10492,GOOD,0,COMPREHENSIVE,500.0,694.73,0,0.0
12,SEDAN,PETROL,PERSONAL,8608.18,48,15975,GOOD,1,THIRD_PARTY,1000.0,250.0,0,0.0
9,SEDAN,ELECTRIC,PERSONAL,12223.34,76,12382,GOOD,1,COMPREHENSIVE,1000.0,400.62,1,2439.25
2,SUV,DIESEL,PERSONAL,31454.52,57,3000,GOOD,0,COMPREHENSIVE,500.0,896.45,0,0.0
15,SEDAN,HYBRID,PERSONAL,8461.53,67,10910,GOOD,0,COMPREHENSIVE,500.0,250.0,0,0.0
1,HATCHBACK,PETROL,COMMERCIAL,18026.27,33,14892,GOOD,0,COMPREHENSIVE,250.0,693.56,0,0.0
14,SEDAN,HYBRID,COMMERCIAL,9641.64,77,13322,FAIR,0,ZERO_DEP_PREMIUM,250.0,523.9,0,0.0
3,SUV,PETROL,RIDESHARE,28037.87,31,7907,FAIR,1,COMPREHENSIVE,500.0,1198.62,0,0.0
8,TRUCK,CNG,PERSONAL,15705.19,23,9142,GOOD,0,ZERO_DEP_PREMIUM,500.0,687.1,0,0.0
9,SEDAN,CNG,PERSONAL,15230.3,28,3731,GOOD,2,COMPREHENSIVE,500.0,434.06,0,0.0
4,SUV,PETROL,PERSONAL,17351.97,44,14972,FAIR,0,COMPREHENSIVE,2000.0,494.53,0,0.0
0,SEDAN,HYBRID,RIDESHARE,32324.95,55,15298,POOR,0,COMPREHENSIVE,1000.0,1381.89,1,5448.22
10,SUV,ELECTRIC,PERSONAL,10120.27,22,11899,GOOD,1,ZERO_DEP_PREMIUM,1000.0,442.76,0,0.0
2,SUV,PETROL,PERSONAL,36753.23,32,10923,GOOD,0,COMPREHENSIVE,1000.0,1047.47,1,7039.46
15,SUV,DIESEL,PERSONAL,11867.56,55,7633,FAIR,1,COMPREHENSIVE,500.0,338.23,0,0.0
8,SUV,PETROL,COMMERCIAL,16463.24,70,13995,GOOD,1,THIRD_PARTY,500.0,319.49,0,0.0
6,TRUCK,ELECTRIC,PERSONAL,21704.94,33,5110,FAIR,1,THIRD_PARTY,1000.0,271.31,0,0.0
2,SEDAN,PETROL,PERSONAL,18481.77,35,15995,FAIR,1,ZERO_DEP_PREMIUM,1000.0,646.86,0,0.0
0,SEDAN,PETROL,PERSONAL,27149.26,70,15106,FAIR,2,COMPREHENSIVE,1000.0,889.82,0,0.0
3,TRUCK,PETROL,COMMERCIAL,27176.27,50,17756,GOOD,1,COMPREHENSIVE,2000.0,1045.61,1,5807.67
8,SUV,DIESEL,PERSONAL,19824.75,52,12726,EXCELLENT,0,ZERO_DEP_PREMIUM,1000.0,693.87,0,0.0
11,TRUCK,HYBRID,PERSONAL,14934.96,72,10160,GOOD,0,ZERO_DEP_PREMIUM,500.0,601.13,0,0.0
15,SUV,CNG,PERSONAL,8102.47,69,14444,EXCELLENT,1,THIRD_PARTY,250.0,250.0,1,806.76
6,HATCHBACK,PETROL,COMMERCIAL,9293.97,41,16014,GOOD,1,ZERO_DEP_PREMIUM,500.0,439.14,0,0.0
4,SUV,PETROL,COMMERCIAL,26657.29,52,7290,FAIR,1,COMPREHENSIVE,2000.0,1025.64,0,0.0
12,HATCHBACK,ELECTRIC,PERSONAL,4500.0,24,12188,GOOD,0,COMPREHENSIVE,250.0,250.0,0,0.0
10,TRUCK,DIESEL,PERSONAL,20482.94,31,13694,EXCELLENT,1,COMPREHENSIVE,500.0,583.76,0,0.0
13,SUV,PETROL,RIDESHARE,13924.41,67,14665,GOOD,0,ZERO_DEP_PREMIUM,1000.0,731.03,0,0.0
5,SEDAN,PETROL,PERSONAL,14514.59,47,10914,EXCELLENT,1,COMPREHENSIVE,500.0,413.67,0,0.0
0,SEDAN,DIESEL,COMMERCIAL,21483.11,41,15339,FAIR,0,ZERO_DEP_PREMIUM,500.0,1015.08,1,1328.31
6,SEDAN,PETROL,PERSONAL,18195.21,32,8179,FAIR,0,THIRD_PARTY,1000.0,250.0,0,0.0
15,SEDAN,ELECTRIC,PERSONAL,5234.51,30,21581,FAIR,0,COMPREHENSIVE,1000.0,250.0,0,0.0
11,SEDAN,DIESEL,COMMERCIAL,6715.59,36,9690,EXCELLENT,2,THIRD_PARTY,500.0,250.0,0,0.0
4,SUV,HYBRID,PERSONAL,27981.96,46,14334,EXCELLENT,0,COMPREHENSIVE,500.0,797.49,0,0.0
6,SUV,DIESEL,PERSONAL,17741.22,39,10013,POOR,1,THIRD_PARTY,1000.0,250.0,0,0.0
4,SUV,PETROL,PERSONAL,20249.93,19,12940,EXCELLENT,0,COMPREHENSIVE,1000.0,721.4,0,0.0
4,SUV,HYBRID,COMMERCIAL,34243.86,56,7643,GOOD,0,THIRD_PARTY,1000.0,577.87,0,0.0
2,SEDAN,DIESEL,PERSONAL,19470.24,30,17340,FAIR,0,ZERO_DEP_PREMIUM,1000.0,681.46,0,0.0
4,SEDAN,PETROL,PERSONAL,23756.2,53,8821,GOOD,1,THIRD_PARTY,500.0,296.95,0,0.0
7,SEDAN,DIESEL,RIDESHARE,11081.21,55,12867,GOOD,0,COMPREHENSIVE,1000.0,473.72,1,2078.42
13,SUV,PETROL,PERSONAL,13451.35,35,12212,EXCELLENT,0,COMPREHENSIVE,1000.0,383.36,0,0.0
7,SEDAN,ELECTRIC,PERSONAL,14126.56,68,9342,POOR,0,THIRD_PARTY,1000.0,250.0,0,0.0
1,SEDAN,DIESEL,PERSONAL,17863.69,32,3000,GOOD,0,COMPREHENSIVE,500.0,509.12,0,0.0
10,SUV,ELECTRIC,RIDESHARE,17012.36,52,17267,EXCELLENT,0,COMPREHENSIVE,1000.0,727.28,0,0.0
0,HATCHBACK,PETROL,PERSONAL,21191.22,69,13149,GOOD,0,COMPREHENSIVE,2000.0,694.54,0,0.0
1,SEDAN,PETROL,PERSONAL,19261.89,34,4668,EXCELLENT,2,ZERO_DEP_PREMIUM,500.0,674.17,1,3212.4
10,SUV,CNG,PERSONAL,16933.71,65,3890,GOOD,0,THIRD_PARTY,2000.0,250.0,1,3487.93
6,SUV,ELECTRIC,COMMERCIAL,20679.14,30,11050,GOOD,1,ZERO_DEP_PREMIUM,500.0,977.09,0,0.0
2,HATCHBACK,PETROL,COMMERCIAL,16266.66,39,12128,EXCELLENT,0,ZERO_DEP_PREMIUM,500.0,768.6,0,0.0
7,TRUCK,PETROL,PERSONAL,27279.29,76,11532,EXCELLENT,0,THIRD_PARTY,1000.0,392.14,0,0.0
3,SEDAN,PETROL,PERSONAL,14079.81,71,18997,EXCELLENT,0,COMPREHENSIVE,500.0,461.47,0,0.0
9,SEDAN,DIESEL,COMMERCIAL,9180.26,69,4986,EXCELLENT,0,COMPREHENSIVE,1000.0,406.19,1,3054.78
9,TRUCK,ELECTRIC,PERSONAL,19388.49,57,13455,GOOD,1,COMPREHENSIVE,500.0,552.57,1,2838.83
7,SUV,ELECTRIC,RIDESHARE,25179.99,38,15405,FAIR,0,COMPREHENSIVE,1000.0,1076.44,1,3441.01
13,SUV,DIESEL,PERSONAL,9924.64,43,15310,EXCELLENT,0,COMPREHENSIVE,1000.0,282.85,0,0.0
1,SUV,ELECTRIC,PERSONAL,37353.33,63,16522,EXCELLENT,0,COMPREHENSIVE,250.0,1064.57,0,0.0
12,SUV,PETROL,PERSONAL,8224.58,21,13026,GOOD,0,COMPREHENSIVE,250.0,293.0,0,0.0
13,TRUCK,PETROL,COMMERCIAL,15465.75,24,13607,GOOD,0,COMPREHENSIVE,2000.0,743.81,1,3219.86
14,COMMERCIAL_VAN,DIESEL,PERSONAL,11387.1,27,11015,FAIR,0,ZERO_DEP_PREMIUM,1000.0,398.55,0,0.0
4,HATCHBACK,CNG,PERSONAL,13174.91,32,5706,POOR,2,THIRD_PARTY,1000.0,250.0,0,0.0
5,SEDAN,ELECTRIC,PERSONAL,21631.96,43,13979,GOOD,0,COMPREHENSIVE,500.0,616.51,0,0.0
0,TRUCK,DIESEL,PERSONAL,35312.17,33,10688,EXCELLENT,0,COMPREHENSIVE,1000.0,1006.4,0,0.0
14,SEDAN,DIESEL,PERSONAL,6131.53,57,9152,EXCELLENT,0,COMPREHENSIVE,2000.0,250.0,0,0.0
13,SEDAN,HYBRID,PERSONAL,10659.14,51,14176,GOOD,0,COMPREHENSIVE,500.0,303.79,0,0.0
0,TRUCK,PETROL,COMMERCIAL,35613.55,78,14576,FAIR,0,THIRD_PARTY,1000.0,691.13,0,0.0
13,SEDAN,PETROL,PERSONAL,9189.59,34,9324,GOOD,2,COMPREHENSIVE,250.0,261.9,0,0.0
8,SEDAN,CNG,COMMERCIAL,14764.23,55,13625,EXCELLENT,1,COMPREHENSIVE,500.0,568.05,0,0.0
4,SEDAN,HYBRID,PERSONAL,21004.84,33,12134,FAIR,0,COMPREHENSIVE,500.0,598.64,0,0.0
14,TRUCK,PETROL,PERSONAL,10095.57,51,13354,FAIR,0,THIRD_PARTY,500.0,250.0,0,0.0
14,SUV,DIESEL,PERSONAL,8177.19,76,18141,FAIR,0,THIRD_PARTY,250.0,250.0,0,0.0
13,SUV,PETROL,RIDESHARE,12322.61,73,14491,EXCELLENT,0,COMPREHENSIVE,500.0,605.81,0,0.0
3,SEDAN,PETROL,COMMERCIAL,16269.41,46,14151,EXCELLENT,0,THIRD_PARTY,250.0,274.55,0,0.0
13,HATCHBACK,CNG,PERSONAL,5461.01,70,8516,EXCELLENT,0,COMPREHENSIVE,500.0,250.0,0,0.0
0,HATCHBACK,PETROL,COMMERCIAL,16716.32,35,9150,GOOD,0,ZERO_DEP_PREMIUM,500.0,789.85,0,0.0
14,SEDAN,HYBRID,PERSONAL,6739.24,28,14666,GOOD,0,THIRD_PARTY,500.0,250.0,0,0.0
2,SUV,PETROL,PERSONAL,27133.4,29,5355,FAIR,0,COMPREHENSIVE,2000.0,773.3,1,1992.32
12,SEDAN,DIESEL,PERSONAL,11430.43,54,10896,EXCELLENT,0,COMPREHENSIVE,250.0,325.77,1,1765.54
3,COMMERCIAL_VAN,PETROL,PERSONAL,30229.72,19,9065,GOOD,0,THIRD_PARTY,1000.0,472.34,0,0.0
10,SUV,ELECTRIC,PERSONAL,15321.01,71,11860,FAIR,0,COMPREHENSIVE,500.0,502.15,0,0.0
15,TRUCK,DIESEL,PERSONAL,14589.5,73,11529,EXCELLENT,0,COMPREHENSIVE,500.0,478.17,0,0.0
10,SEDAN,DIESEL,PERSONAL,11721.65,35,13087,EXCELLENT,0,COMPREHENSIVE,500.0,334.07,0,0.0
4,HATCHBACK,PETROL,COMMERCIAL,15037.09,71,14593,GOOD,0,THIRD_PARTY,2000.0,291.81,0,0.0
13,HATCHBACK,PETROL,PERSONAL,4500.0,55,16849,FAIR,1,THIRD_PARTY,1000.0,250.0,0,0.0
9,SUV,PETROL,PERSONAL,19913.85,50,17188,POOR,0,THIRD_PARTY,250.0,250.0,1,2780.72
11,COMMERCIAL_VAN,PETROL,COMMERCIAL,12587.89,26,11432,FAIR,0,ZERO_DEP_PREMIUM,250.0,594.78,0,0.0
13,SUV,DIESEL,COMMERCIAL,13388.57,32,9840,FAIR,0,THIRD_PARTY,1000.0,250.0,0,0.0
4,SEDAN,DIESEL,RIDESHARE,23159.54,45,8955,GOOD,1,COMPREHENSIVE,500.0,990.07,0,0.0
9,SUV,DIESEL,PERSONAL,13711.51,25,11049,EXCELLENT,0,COMPREHENSIVE,2000.0,390.78,0,0.0
7,HATCHBACK,DIESEL,COMMERCIAL,8153.92,77,8054,FAIR,0,COMPREHENSIVE,1000.0,360.78,1,2259.03
12,SUV,PETROL,COMMERCIAL,14026.25,63,14613,POOR,0,COMPREHENSIVE,1000.0,539.66,0,0.0
12,SEDAN,PETROL,PERSONAL,6450.42,53,17105,GOOD,1,COMPREHENSIVE,500.0,250.0,0,0.0
2,SUV,PETROL,PERSONAL,36634.68,56,5639,GOOD,0,ZERO_DEP_PREMIUM,500.0,1282.21,0,0.0
6,SEDAN,ELECTRIC,PERSONAL,11476.98,69,12542,GOOD,0,COMPREHENSIVE,2000.0,376.16,0,0.0
13,SUV,DIESEL,PERSONAL,14157.42,25,19501,POOR,0,THIRD_PARTY,500.0,250.0,0,0.0
15,SUV,PETROL,PERSONAL,7816.05,59,5832,EXCELLENT,0,ZERO_DEP_PREMIUM,500.0,273.56,0,0.0
12,HATCHBACK,PETROL,RIDESHARE,5690.63,67,19147,FAIR,0,ZERO_DEP_PREMIUM,1000.0,298.76,0,0.0
5,SEDAN,HYBRID,PERSONAL,12687.94,67,8630,FAIR,0,COMPREHENSIVE,500.0,361.61,0,0.0
9,SUV,ELECTRIC,COMMERCIAL,13690.0,36,9767,FAIR,0,ZERO_DEP_PREMIUM,1000.0,646.85,1,1489.7
10,SEDAN,DIESEL,PERSONAL,9950.35,21,15279,GOOD,0,COMPREHENSIVE,2000.0,354.48,0,0.0
9,SEDAN,PETROL,PERSONAL,11581.62,44,14784,POOR,1,COMPREHENSIVE,500.0,330.08,0,0.0
9,HATCHBACK,PETROL,PERSONAL,4793.14,30,12025,EXCELLENT,0,ZERO_DEP_PREMIUM,500.0,250.0,0,0.0
10,TRUCK,CNG,PERSONAL,22652.57,55,9064,EXCELLENT,0,COMPREHENSIVE,250.0,645.6,0,0.0
5,SEDAN,ELECTRIC,PERSONAL,11444.55,38,6902,GOOD,0,ZERO_DEP_PREMIUM,500.0,400.56,0,0.0
9,HATCHBACK,PETROL,RIDESHARE,8500.94,43,12155,EXCELLENT,1,COMPREHENSIVE,250.0,363.42,1,1358.92
8,TRUCK,ELECTRIC,PERSONAL,21299.54,62,11544,GOOD,0,ZERO_DEP_PREMIUM,250.0,745.48,0,0.0
13,HATCHBACK,ELECTRIC,COMMERCIAL,5008.49,75,8934,EXCELLENT,1,COMPREHENSIVE,250.0,250.0,0,0.0
14,SEDAN,PETROL,PERSONAL,5872.37,40,11350,FAIR,1,COMPREHENSIVE,500.0,250.0,0,0.0
6,COMMERCIAL_VAN,PETROL,PERSONAL,24279.82,71,13629,GOOD,0,COMPREHENSIVE,1000.0,795.77,0,0.0
12,SEDAN,PETROL,PERSONAL,9022.1,47,17314,FAIR,0,COMPREHENSIVE,2000.0,257.13,1,1213.66
10,SEDAN,PETROL,PERSONAL,8251.38,48,13377,GOOD,1,ZERO_DEP_PREMIUM,500.0,288.8,0,0.0
6,SEDAN,ELECTRIC,PERSONAL,12796.23,48,11709,EXCELLENT,0,THIRD_PARTY,1000.0,250.0,0,0.0
10,SUV,PETROL,PERSONAL,10469.83,33,8794,EXCELLENT,0,ZERO_DEP_PREMIUM,1000.0,366.44,0,0.0
13,SEDAN,ELECTRIC,PERSONAL,5694.85,69,9149,EXCELLENT,0,COMPREHENSIVE,500.0,250.0,0,0.0
0,SEDAN,CNG,COMMERCIAL,18450.72,76,13474,EXCELLENT,0,COMPREHENSIVE,1000.0,816.38,0,0.0
15,SEDAN,PETROL,PERSONAL,5397.85,59,13718,EXCELLENT,0,COMPREHENSIVE,500.0,250.0,0,0.0
0,HATCHBACK,DIESEL,PERSONAL,18812.21,58,11499,GOOD,0,COMPREHENSIVE,500.0,536.15,0,0.0
8,TRUCK,ELECTRIC,PERSONAL,19063.77,24,16572,EXCELLENT,0,COMPREHENSIVE,500.0,679.15,0,0.0
8,SEDAN,ELECTRIC,COMMERCIAL,11491.92,34,12764,GOOD,0,ZERO_DEP_PREMIUM,500.0,542.99,0,0.0
11,TRUCK,ELECTRIC,COMMERCIAL,12354.24,41,10311,EXCELLENT,0,ZERO_DEP_PREMIUM,500.0,583.74,0,0.0
15,TRUCK,PETROL,COMMERCIAL,11791.85,37,9552,FAIR,0,COMPREHENSIVE,250.0,453.69,0,0.0
10,HATCHBACK,DIESEL,PERSONAL,5853.71,56,9250,EXCELLENT,0,COMPREHENSIVE,500.0,250.0,0,0.0
9,SEDAN,DIESEL,PERSONAL,13055.7,44,14660,GOOD,0,ZERO_DEP_PREMIUM,250.0,456.95,0,0.0
2,SUV,CNG,COMMERCIAL,36340.99,19,9703,GOOD,0,ZERO_DEP_PREMIUM,250.0,2146.39,0,0.0
14,TRUCK,PETROL,PERSONAL,13033.93,77,12984,FAIR,0,ZERO_DEP_PREMIUM,500.0,524.62,0,0.0
15,SUV,HYBRID,PERSONAL,7814.4,68,8681,GOOD,1,ZERO_DEP_PREMIUM,1000.0,273.5,0,0.0
10,SEDAN,PETROL,PERSONAL,10692.07,18,11748,GOOD,0,COMPREHENSIVE,500.0,380.9,0,0.0
10,SUV,CNG,PERSONAL,12285.56,51,12254,GOOD,1,COMPREHENSIVE,2000.0,350.14,0,0.0
7,SUV,DIESEL,PERSONAL,24780.45,44,23138,GOOD,0,ZERO_DEP_PREMIUM,500.0,867.32,0,0.0
8,SUV,DIESEL,PERSONAL,20932.31,54,6618,EXCELLENT,1,ZERO_DEP_PREMIUM,250.0,732.63,0,0.0
0,SEDAN,DIESEL,PERSONAL,27172.71,67,16138,GOOD,1,COMPREHENSIVE,250.0,774.42,0,0.0
11,SEDAN,PETROL,PERSONAL,12676.24,78,9041,POOR,1,ZERO_DEP_PREMIUM,1000.0,510.22,0,0.0
13,HATCHBACK,PETROL,RIDESHARE,5083.67,23,18573,GOOD,1,ZERO_DEP_PREMIUM,1000.0,333.62,0,0.0
2,TRUCK,PETROL,PERSONAL,33884.94,55,9358,GOOD,0,THIRD_PARTY,2000.0,423.56,0,0.0
12,SEDAN,PETROL,PERSONAL,6429.36,71,17163,EXCELLENT,1,THIRD_PARTY,250.0,250.0,0,0.0
15,COMMERCIAL_VAN,PETROL,PERSONAL,9978.8,77,13497,FAIR,1,THIRD_PARTY,500.0,250.0,0,0.0
5,SEDAN,ELECTRIC,PERSONAL,21129.47,44,6508,EXCELLENT,1,THIRD_PARTY,1000.0,264.12,0,0.0
14,SUV,DIESEL,PERSONAL,12562.0,65,13394,EXCELLENT,1,ZERO_DEP_PREMIUM,1000.0,439.67,0,0.0
15,HATCHBACK,PETROL,PERSONAL,4500.0,33,14820,GOOD,0,THIRD_PARTY,500.0,250.0,0,0.0
3,HATCHBACK,HYBRID,PERSONAL,11760.61,52,15144,GOOD,0,COMPREHENSIVE,1000.0,335.18,0,0.0
7,TRUCK,DIESEL,PERSONAL,26266.51,44,11433,POOR,1,ZERO_DEP_PREMIUM,1000.0,919.33,0,0.0
14,SEDAN,CNG,COMMERCIAL,8564.29,52,24175,EXCELLENT,0,ZERO_DEP_PREMIUM,500.0,404.66,0,0.0
8,TRUCK,DIESEL,PERSONAL,20445.66,75,21257,GOOD,0,COMPREHENSIVE,250.0,670.11,0,0.0
6,SEDAN,PETROL,PERSONAL,15257.41,72,14021,EXCELLENT,0,COMPREHENSIVE,500.0,500.06,0,0.0
10,HATCHBACK,DIESEL,PERSONAL,7329.94,78,6577,FAIR,0,COMPREHENSIVE,1000.0,250.0,0,0.0
0,HATCHBACK,DIESEL,RIDESHARE,21018.51,78,7998,GOOD,0,THIRD_PARTY,500.0,453.21,0,0.0
15,SUV,PETROL,PERSONAL,10967.8,53,11289,GOOD,0,THIRD_PARTY,500.0,250.0,0,0.0
13,SEDAN,PETROL,COMMERCIAL,5460.43,55,12067,GOOD,0,THIRD_PARTY,250.0,250.0,0,0.0
1,TRUCK,PETROL,PERSONAL,31513.91,45,8782,GOOD,0,COMPREHENSIVE,1000.0,898.15,1,828.71
0,SEDAN,PETROL,PERSONAL,33720.56,73,10053,GOOD,0,THIRD_PARTY,250.0,484.73,0,0.0
8,SEDAN,PETROL,PERSONAL,15694.95,20,3550,GOOD,0,COMPREHENSIVE,1000.0,559.13,0,0.0
3,HATCHBACK,DIESEL,PERSONAL,11721.52,74,3000,GOOD,0,ZERO_DEP_PREMIUM,1000.0,471.79,0,0.0
9,SUV,PETROL,PERSONAL,17084.59,58,12561,GOOD,0,COMPREHENSIVE,1000.0,486.91,0,0.0
13,HATCHBACK,DIESEL,PERSONAL,6263.88,48,19665,FAIR,1,COMPREHENSIVE,1000.0,250.0,1,649.25
7,SUV,DIESEL,PERSONAL,24893.04,20,5520,GOOD,0,ZERO_DEP_PREMIUM,1000.0,1089.07,0,0.0
4,SEDAN,PETROL,PERSONAL,22254.15,55,11539,POOR,1,THIRD_PARTY,500.0,278.18,0,0.0
4,HATCHBACK,PETROL,PERSONAL,9290.12,70,12416,EXCELLENT,2,ZERO_DEP_PREMIUM,500.0,373.93,0,0.0
15,SUV,PETROL,COMMERCIAL,10595.92,69,14177,EXCELLENT,1,THIRD_PARTY,250.0,250.0,0,0.0
4,SEDAN,PETROL,COMMERCIAL,13742.42,41,10203,GOOD,0,COMPREHENSIVE,500.0,528.74,0,0.0
10,HATCHBACK,PETROL,PERSONAL,8260.34,43,7549,EXCELLENT,0,COMPREHENSIVE,250.0,250.0,0,0.0
4,SUV,PETROL,RIDESHARE,19858.31,58,15405,GOOD,0,THIRD_PARTY,500.0,372.34,0,0.0
2,SUV,DIESEL,PERSONAL,34690.09,64,3706,EXCELLENT,0,THIRD_PARTY,1000.0,433.63,0,0.0
5,SUV,DIESEL,PERSONAL,25322.06,45,14218,FAIR,1,ZERO_DEP_PREMIUM,500.0,886.27,0,0.0
13,HATCHBACK,PETROL,PERSONAL,5840.08,26,8882,GOOD,1,COMPREHENSIVE,500.0,250.0,0,0.0
0,HATCHBACK,PETROL,PERSONAL,17377.67,54,13597,GOOD,0,COMPREHENSIVE,1000.0,495.26,0,0.0
7,HATCHBACK,DIESEL,PERSONAL,6132.48,70,17722,FAIR,0,ZERO_DEP_PREMIUM,1000.0,250.0,0,0.0
12,SEDAN,HYBRID,PERSONAL,10011.7,44,9411,EXCELLENT,1,ZERO_DEP_PREMIUM,250.0,350.41,0,0.0
3,HATCHBACK,ELECTRIC,PERSONAL,11673.82,65,10843,FAIR,1,THIRD_PARTY,500.0,250.0,1,1740.74
5,SUV,DIESEL,PERSONAL,20762.29,20,10607,GOOD,0,COMPREHENSIVE,500.0,739.66,0,0.0
1,SUV,PETROL,COMMERCIAL,45673.06,58,22753,EXCELLENT,0,ZERO_DEP_PREMIUM,500.0,2158.05,0,0.0
1,SEDAN,PETROL,COMMERCIAL,26340.2,66,11924,FAIR,0,COMPREHENSIVE,1000.0,1013.44,0,0.0
15,TRUCK,HYBRID,PERSONAL,12804.14,45,11717,GOOD,0,COMPREHENSIVE,500.0,364.92,0,0.0
7,HATCHBACK,PETROL,PERSONAL,8833.95,49,12110,GOOD,1,ZERO_DEP_PREMIUM,1000.0,309.19,0,0.0
13,SEDAN,CNG,PERSONAL,9453.14,52,18588,FAIR,0,COMPREHENSIVE,1000.0,269.41,0,0.0
0,SUV,DIESEL,PERSONAL,44152.23,24,9629,FAIR,0,ZERO_DEP_PREMIUM,250.0,1931.66,0,0.0
7,TRUCK,DIESEL,PERSONAL,26375.53,24,16069,FAIR,0,COMPREHENSIVE,500.0,939.63,0,0.0
14,SEDAN,PETROL,PERSONAL,9709.36,38,9084,GOOD,0,ZERO_DEP_PREMIUM,500.0,339.83,0,0.0
9,COMMERCIAL_VAN,DIESEL,PERSONAL,16616.73,49,8772,FAIR,0,COMPREHENSIVE,250.0,473.58,1,1335.45
15,SUV,DIESEL,PERSONAL,10448.39,55,14168,EXCELLENT,0,COMPREHENSIVE,1000.0,297.78,0,0.0
9,SUV,PETROL,RIDESHARE,19386.93,37,17964,FAIR,0,ZERO_DEP_PREMIUM,500.0,1017.81,0,0.0
14,SEDAN,PETROL,COMMERCIAL,6687.75,25,10775,GOOD,2,ZERO_DEP_PREMIUM,1000.0,316.0,0,0.0
0,SEDAN,HYBRID,PERSONAL,26520.59,21,10743,GOOD,0,THIRD_PARTY,1000.0,414.38,0,0.0
14,TRUCK,DIESEL,PERSONAL,16196.19,43,15358,FAIR,0,ZERO_DEP_PREMIUM,500.0,566.87,0,0.0
8,SEDAN,PETROL,RIDESHARE,8834.96,32,12452,FAIR,0,THIRD_PARTY,500.0,250.0,0,0.0
0,HATCHBACK,PETROL,PERSONAL,14955.31,23,15560,POOR,0,THIRD_PARTY,1000.0,250.0,0,0.0
3,SUV,ELECTRIC,PERSONAL,28223.17,65,5185,GOOD,0,THIRD_PARTY,500.0,352.79,0,0.0
8,SEDAN,ELECTRIC,PERSONAL,8571.13,49,7822,EXCELLENT,0,ZERO_DEP_PREMIUM,1000.0,299.99,0,0.0
0,SEDAN,DIESEL,PERSONAL,34564.11,22,12222,POOR,0,ZERO_DEP_PREMIUM,2000.0,1512.18,0,0.0
8,SUV,DIESEL,COMMERCIAL,15242.46,61,14533,GOOD,0,THIRD_PARTY,500.0,257.22,0,0.0
13,COMMERCIAL_VAN,PETROL,PERSONAL,9817.44,63,11915,FAIR,0,COMPREHENSIVE,500.0,279.8,0,0.0
7,SEDAN,DIESEL,PERSONAL,17120.26,75,12859,FAIR,0,THIRD_PARTY,1000.0,250.0,0,0.0
15,SEDAN,PETROL,PERSONAL,5652.2,23,15229,FAIR,0,ZERO_DEP_PREMIUM,250.0,250.0,0,0.0
4,SEDAN,HYBRID,PERSONAL,20688.2,20,6889,GOOD,0,COMPREHENSIVE,2000.0,737.02,0,0.0
5,SUV,DIESEL,PERSONAL,28644.25,46,15228,FAIR,0,THIRD_PARTY,2000.0,358.05,0,0.0
4,SUV,PETROL,PERSONAL,30975.6,36,17227,EXCELLENT,1,ZERO_DEP_PREMIUM,1000.0,1084.15,0,0.0
3,TRUCK,PETROL,PERSONAL,41359.05,27,10957,POOR,0,COMPREHENSIVE,500.0,1178.73,0,0.0
11,SUV,ELECTRIC,PERSONAL,9721.63,24,8624,EXCELLENT,1,ZERO_DEP_PREMIUM,500.0,425.32,1,1338.63
15,SUV,PETROL,PERSONAL,6612.77,62,16499,EXCELLENT,0,COMPREHENSIVE,500.0,250.0,0,0.0
15,SEDAN,PETROL,PERSONAL,5779.52,18,20237,GOOD,0,COMPREHENSIVE,500.0,250.0,0,0.0
9,COMMERCIAL_VAN,DIESEL,PERSONAL,11792.12,18,13165,FAIR,0,COMPREHENSIVE,500.0,420.09,0,0.0
14,SEDAN,PETROL,PERSONAL,7292.33,34,8526,FAIR,0,THIRD_PARTY,500.0,250.0,0,0.0
14,SEDAN,ELECTRIC,PERSONAL,6778.87,39,12473,GOOD,0,COMPREHENSIVE,1000.0,250.0,0,0.0
13,SUV,PETROL,PERSONAL,11514.22,53,8748,FAIR,0,ZERO_DEP_PREMIUM,1000.0,403.0,0,0.0
12,SUV,ELECTRIC,PERSONAL,10554.45,31,15722,FAIR,1,ZERO_DEP_PREMIUM,2000.0,369.41,0,0.0
11,SUV,PETROL,RIDESHARE,13267.92,23,12272,GOOD,1,ZERO_DEP_PREMIUM,500.0,870.71,1,5080.65
3,SUV,PETROL,PERSONAL,25346.79,47,8324,GOOD,0,COMPREHENSIVE,500.0,722.38,0,0.0
15,HATCHBACK,HYBRID,PERSONAL,4500.0,63,13397,GOOD,0,ZERO_DEP_PREMIUM,250.0,250.0,0,0.0
13,SEDAN,DIESEL,PERSONAL,8809.0,64,9550,FAIR,1,COMPREHENSIVE,2000.0,251.06,0,0.0
9,HATCHBACK,PETROL,PERSONAL,8020.47,50,6582,POOR,1,COMPREHENSIVE,500.0,250.0,0,0.0
7,SUV,PETROL,PERSONAL,23820.95,37,15916,EXCELLENT,1,THIRD_PARTY,2000.0,297.76,0,0.0
7,SUV,DIESEL,PERSONAL,24413.73,33,13843,EXCELLENT,0,ZERO_DEP_PREMIUM,1000.0,854.48,0,0.0
8,SUV,DIESEL,PERSONAL,20198.49,21,10388,EXCELLENT,3,COMPREHENSIVE,250.0,719.57,1,5946.28
2,SEDAN,CNG,PERSONAL,25432.99,51,18224,GOOD,1,COMPREHENSIVE,500.0,724.84,0,0.0
9,HATCHBACK,CNG,PERSONAL,5064.45,18,9139,GOOD,1,THIRD_PARTY,500.0,250.0,0,0.0
14,SUV,DIESEL,PERSONAL,7468.21,30,10543,GOOD,1,THIRD_PARTY,500.0,250.0,0,0.0
7,SEDAN,PETROL,PERSONAL,17047.24,65,14187,GOOD,1,THIRD_PARTY,500.0,250.0,0,0.0
14,SUV,DIESEL,PERSONAL,8297.09,25,16443,GOOD,1,COMPREHENSIVE,500.0,250.0,1,337.08
2,COMMERCIAL_VAN,DIESEL,COMMERCIAL,29859.66,39,14259,EXCELLENT,0,THIRD_PARTY,1000.0,503.88,0,0.0
1,SUV,PETROL,RIDESHARE,26263.96,21,9962,GOOD,0,ZERO_DEP_PREMIUM,500.0,1723.57,0,0.0
1,TRUCK,PETROL,PERSONAL,33497.72,51,11431,EXCELLENT,1,ZERO_DEP_PREMIUM,500.0,1172.42,0,0.0
8,SEDAN,PETROL,PERSONAL,15195.08,77,9596,FAIR,0,ZERO_DEP_PREMIUM,1000.0,611.6,1,3878.95
3,SEDAN,PETROL,PERSONAL,17306.39,62,11004,GOOD,0,COMPREHENSIVE,500.0,493.23,0,0.0
4,SEDAN,PETROL,PERSONAL,18084.89,54,11345,GOOD,1,COMPREHENSIVE,500.0,515.42,0,0.0
1,SUV,DIESEL,PERSONAL,26410.13,74,14373,GOOD,1,ZERO_DEP_PREMIUM,500.0,1063.01,0,0.0
8,SEDAN,ELECTRIC,PERSONAL,14360.72,40,9394,GOOD,0,COMPREHENSIVE,500.0,409.28,0,0.0
6,SEDAN,DIESEL,PERSONAL,17862.05,37,16796,GOOD,1,THIRD_PARTY,1000.0,250.0,0,0.0
2,TRUCK,PETROL,PERSONAL,34730.62,70,12387,EXCELLENT,0,COMPREHENSIVE,1000.0,1138.3,0,0.0
5,HATCHBACK,PETROL,PERSONAL,12473.88,41,8657,GOOD,0,COMPREHENSIVE,500.0,355.51,0,0.0
6,HATCHBACK,DIESEL,COMMERCIAL,7885.97,44,14248,EXCELLENT,2,COMPREHENSIVE,500.0,303.41,0,0.0
15,SEDAN,PETROL,PERSONAL,7482.87,30,11959,GOOD,0,THIRD_PARTY,500.0,250.0,0,0.0
13,SEDAN,DIESEL,PERSONAL,9239.46,22,10429,FAIR,0,ZERO_DEP_PREMIUM,250.0,404.23,0,0.0
11,SEDAN,CNG,PERSONAL,12696.87,33,18874,GOOD,0,COMPREHENSIVE,1000.0,361.86,0,0.0
5,HATCHBACK,PETROL,PERSONAL,8612.89,77,11093,FAIR,0,THIRD_PARTY,500.0,250.0,0,0.0
9,TRUCK,PETROL,PERSONAL,14415.36,55,10456,EXCELLENT,1,COMPREHENSIVE,500.0,410.84,0,0.0
10,SUV,DIESEL,PERSONAL,12394.53,65,16823,EXCELLENT,0,ZERO_DEP_PREMIUM,250.0,433.81,0,0.0
9,SEDAN,CNG,PERSONAL,8745.21,46,14767,EXCELLENT,0,THIRD_PARTY,1000.0,250.0,1,1943.73
5,SUV,ELECTRIC,PERSONAL,18394.16,43,15894,EXCELLENT,0,COMPREHENSIVE,500.0,524.23,0,0.0
12,SEDAN,HYBRID,PERSONAL,7829.99,39,9966,GOOD,0,COMPREHENSIVE,2000.0,250.0,0,0.0
14,SEDAN,PETROL,PERSONAL,6872.23,41,13489,GOOD,2,ZERO_DEP_PREMIUM,500.0,250.0,0,0.0
7,SUV,CNG,PERSONAL,24791.02,30,6261,FAIR,0,ZERO_DEP_PREMIUM,500.0,867.69,0,0.0
13,HATCHBACK,PETROL,PERSONAL,4500.0,60,3857,FAIR,0,THIRD_PARTY,1000.0,250.0,0,0.0
7,SEDAN,PETROL,PERSONAL,18544.49,38,9840,GOOD,0,COMPREHENSIVE,1000.0,528.52,0,0.0
4,SEDAN,HYBRID,PERSONAL,22591.88,18,12712,GOOD,1,COMPREHENSIVE,250.0,804.84,0,0.0
13,COMMERCIAL_VAN,HYBRID,PERSONAL,14686.47,21,23300,EXCELLENT,1,COMPREHENSIVE,500.0,523.21,1,2063.74
3,SEDAN,PETROL,COMMERCIAL,26462.31,20,18123,GOOD,1,COMPREHENSIVE,500.0,1272.67,0,0.0
10,SEDAN,PETROL,PERSONAL,12425.87,67,7579,EXCELLENT,1,COMPREHENSIVE,1000.0,354.14,1,361.07
4,SEDAN,PETROL,COMMERCIAL,22325.12,40,16440,GOOD,0,THIRD_PARTY,250.0,376.74,1,5791.97
8,SEDAN,PETROL,PERSONAL,12305.71,33,6445,FAIR,0,THIRD_PARTY,2000.0,250.0,0,0.0
11,SUV,PETROL,RIDESHARE,13488.46,62,19398,GOOD,1,THIRD_PARTY,500.0,252.91,1,1498.18
9,HATCHBACK,CNG,PERSONAL,9262.04,30,10226,EXCELLENT,1,ZERO_DEP_PREMIUM,1000.0,324.17,0,0.0
5,SEDAN,DIESEL,RIDESHARE,15653.38,56,9914,POOR,2,THIRD_PARTY,1000.0,293.5,0,0.0
2,SUV,ELECTRIC,PERSONAL,21743.48,48,17090,GOOD,1,THIRD_PARTY,500.0,271.79,0,0.0
2,SUV,ELECTRIC,PERSONAL,36785.37,41,9983,POOR,1,ZERO_DEP_PREMIUM,1000.0,1287.49,0,0.0
13,SUV,DIESEL,PERSONAL,11633.51,64,20367,FAIR,0,THIRD_PARTY,500.0,250.0,0,0.0
0,TRUCK,ELECTRIC,RIDESHARE,55898.18,75,9934,GOOD,0,THIRD_PARTY,500.0,1205.3,1,9718.21
14,TRUCK,DIESEL,PERSONAL,8846.29,32,16493,EXCELLENT,0,COMPREHENSIVE,500.0,252.12,0,0.0
14,SEDAN,PETROL,PERSONAL,7879.45,22,13021,POOR,0,THIRD_PARTY,2000.0,250.0,0,0.0
4,HATCHBACK,DIESEL,PERSONAL,9582.87,66,15554,GOOD,0,COMPREHENSIVE,500.0,273.11,0,0.0
5,SUV,DIESEL,PERSONAL,29930.06,39,7965,EXCELLENT,1,COMPREHENSIVE,2000.0,853.01,0,0.0
7,COMMERCIAL_VAN,ELECTRIC,PERSONAL,15256.65,39,4249,GOOD,0,THIRD_PARTY,500.0,250.0,0,0.0
10,SUV,CNG,PERSONAL,18086.57,28,8275,GOOD,2,ZERO_DEP_PREMIUM,1000.0,633.03,0,0.0
8,COMMERCIAL_VAN,PETROL,RIDESHARE,13616.42,41,10682,EXCELLENT,0,COMPREHENSIVE,500.0,582.1,1,1037.34
6,HATCHBACK,ELECTRIC,COMMERCIAL,6519.76,62,11600,EXCELLENT,0,COMPREHENSIVE,500.0,250.85,1,581.66
0,SEDAN,PETROL,PERSONAL,22478.08,27,10321,EXCELLENT,0,ZERO_DEP_PREMIUM,1000.0,786.73,0,0.0
6,SUV,ELECTRIC,PERSONAL,19076.27,64,3000,EXCELLENT,0,ZERO_DEP_PREMIUM,250.0,667.67,0,0.0
9,COMMERCIAL_VAN,PETROL,PERSONAL,18514.67,51,9625,EXCELLENT,0,COMPREHENSIVE,1000.0,527.67,0,0.0
8,TRUCK,PETROL,PERSONAL,16391.65,28,12677,EXCELLENT,1,ZERO_DEP_PREMIUM,1000.0,573.71,0,0.0
3,SEDAN,PETROL,PERSONAL,19712.97,74,11404,EXCELLENT,1,COMPREHENSIVE,1000.0,646.09,1,5694.58
15,HATCHBACK,DIESEL,COMMERCIAL,4500.0,60,10815,EXCELLENT,0,COMPREHENSIVE,1000.0,250.0,0,0.0
10,SEDAN,PETROL,PERSONAL,13149.23,46,10429,POOR,2,COMPREHENSIVE,500.0,374.75,0,0.0
11,SEDAN,HYBRID,COMMERCIAL,6739.52,39,12753,GOOD,1,COMPREHENSIVE,500.0,259.3,1,3147.93
6,SUV,PETROL,RIDESHARE,19403.88,50,7787,GOOD,0,COMPREHENSIVE,1000.0,829.52,0,0.0
8,SEDAN,HYBRID,PERSONAL,13962.27,74,11396,GOOD,0,COMPREHENSIVE,1000.0,457.61,0,0.0
0,HATCHBACK,ELECTRIC,RIDESHARE,21426.59,25,10665,EXCELLENT,0,COMPREHENSIVE,500.0,915.99,1,2383.58
15,SEDAN,PETROL,PERSONAL,8261.67,75,6880,FAIR,1,ZERO_DEP_PREMIUM,500.0,332.53,0,0.0
11,HATCHBACK,PETROL,PERSONAL,7521.88,66,11683,GOOD,0,COMPREHENSIVE,500.0,250.0,0,0.0
9,SEDAN,ELECTRIC,PERSONAL,8277.84,49,3562,GOOD,0,ZERO_DEP_PREMIUM,500.0,289.72,0,0.0
8,SEDAN,DIESEL,PERSONAL,15755.72,57,9444,POOR,0,THIRD_PARTY,500.0,250.0,0,0.0
3,SEDAN,DIESEL,PERSONAL,24411.49,62,14015,FAIR,0,THIRD_PARTY,500.0,305.14,0,0.0
11,SEDAN,PETROL,PERSONAL,12269.75,40,14353,GOOD,0,ZERO_DEP_PREMIUM,1000.0,429.44,0,0.0
7,SEDAN,DIESEL,PERSONAL,12335.44,22,12559,POOR,0,COMPREHENSIVE,500.0,439.45,0,0.0
2,SEDAN,CNG,PERSONAL,28813.01,48,13511,FAIR,1,ZERO_DEP_PREMIUM,500.0,1008.46,0,0.0
1,SUV,PETROL,PERSONAL,32165.37,46,15289,POOR,0,ZERO_DEP_PREMIUM,1000.0,1125.79,0,0.0
12,SEDAN,PETROL,PERSONAL,9590.62,23,12970,EXCELLENT,0,COMPREHENSIVE,500.0,341.67,0,0.0
11,SUV,PETROL,PERSONAL,12718.05,69,17794,POOR,1,THIRD_PARTY,500.0,250.0,1,5500.85
7,SEDAN,ELECTRIC,PERSONAL,13427.11,42,3000,GOOD,0,THIRD_PARTY,500.0,250.0,0,0.0
7,TRUCK,ELECTRIC,PERSONAL,24616.65,42,16211,GOOD,0,ZERO_DEP_PREMIUM,1000.0,861.58,0,0.0
2,TRUCK,PETROL,PERSONAL,34583.56,78,3000,EXCELLENT,0,ZERO_DEP_PREMIUM,1000.0,1391.99,0,0.0
12,SUV,PETROL,COMMERCIAL,14568.47,48,9679,EXCELLENT,0,COMPREHENSIVE,500.0,560.52,0,0.0
15,SEDAN,PETROL,PERSONAL,7225.17,75,15787,EXCELLENT,0,THIRD_PARTY,1000.0,250.0,1,802.7
7,SEDAN,PETROL,PERSONAL,15892.24,31,15290,GOOD,0,THIRD_PARTY,500.0,250.0,0,0.0
10,COMMERCIAL_VAN,PETROL,PERSONAL,12751.64,34,8135,EXCELLENT,0,THIRD_PARTY,1000.0,250.0,0,0.0
10,SEDAN,CNG,PERSONAL,13959.12,33,12283,EXCELLENT,0,ZERO_DEP_PREMIUM,500.0,488.57,0,0.0
5,SEDAN,DIESEL,PERSONAL,18855.26,45,9821,POOR,0,THIRD_PARTY,1000.0,250.0,0,0.0
9,SEDAN,PETROL,PERSONAL,9324.15,26,16313,FAIR,0,THIRD_PARTY,250.0,250.0,0,0.0
8,SEDAN,HYBRID,COMMERCIAL,14981.74,68,12151,GOOD,0,ZERO_DEP_PREMIUM,250.0,707.89,0,0.0
9,SEDAN,DIESEL,COMMERCIAL,9141.26,77,9583,FAIR,1,COMPREHENSIVE,1000.0,404.47,0,0.0
12,HATCHBACK,DIESEL,PERSONAL,4500.0,19,14217,GOOD,3,COMPREHENSIVE,500.0,250.0,0,0.0
5,SEDAN,PETROL,COMMERCIAL,17349.01,21,15105,EXCELLENT,2,COMPREHENSIVE,500.0,834.38,0,0.0
7,SUV,PETROL,PERSONAL,20230.58,37,11621,GOOD,0,COMPREHENSIVE,1000.0,576.57,1,2228.75
1,SEDAN,HYBRID,RIDESHARE,19691.65,58,15440,GOOD,0,COMPREHENSIVE,500.0,841.82,0,0.0
15,SEDAN,DIESEL,PERSONAL,5963.54,53,19527,EXCELLENT,0,COMPREHENSIVE,250.0,250.0,0,0.0
0,TRUCK,PETROL,PERSONAL,59929.69,54,3137,GOOD,0,THIRD_PARTY,500.0,749.12,0,0.0
9,SEDAN,DIESEL,PERSONAL,10008.02,23,17927,GOOD,2,ZERO_DEP_PREMIUM,1000.0,437.85,0,0.0
9,HATCHBACK,HYBRID,PERSONAL,5538.42,69,18944,GOOD,0,THIRD_PARTY,500.0,250.0,0,0.0
1,SUV,PETROL,COMMERCIAL,45693.43,18,14521,EXCELLENT,0,COMPREHENSIVE,1000.0,2197.57,0,0.0
11,SEDAN,DIESEL,PERSONAL,8399.23,62,11093,FAIR,0,COMPREHENSIVE,500.0,250.0,0,0.0
3,COMMERCIAL_VAN,CNG,PERSONAL,33680.67,67,5485,GOOD,0,COMPREHENSIVE,500.0,959.9,0,0.0
9,SEDAN,PETROL,PERSONAL,9591.79,20,12691,GOOD,2,COMPREHENSIVE,500.0,341.71,1,533.29
8,TRUCK,ELECTRIC,PERSONAL,22451.61,69,10688,POOR,0,COMPREHENSIVE,500.0,735.85,0,0.0
15,SEDAN,DIESEL,PERSONAL,6131.18,54,6240,FAIR,1,ZERO_DEP_PREMIUM,500.0,250.0,0,0.0
6,TRUCK,DIESEL,RIDESHARE,34308.75,62,9544,FAIR,0,COMPREHENSIVE,500.0,1466.7,0,0.0
8,SEDAN,PETROL,COMMERCIAL,12262.81,59,12320,EXCELLENT,1,COMPREHENSIVE,250.0,471.81,0,0.0
8,SUV,PETROL,PERSONAL,18773.04,75,13712,FAIR,0,COMPREHENSIVE,500.0,615.29,0,0.0
8,HATCHBACK,DIESEL,PERSONAL,10242.75,20,7888,GOOD,1,COMPREHENSIVE,1000.0,364.9,0,0.0
7,TRUCK,PETROL,PERSONAL,31661.13,60,3000,FAIR,0,ZERO_DEP_PREMIUM,1000.0,1108.14,0,0.0
5,TRUCK,PETROL,COMMERCIAL,21174.08,50,11349,FAIR,0,COMPREHENSIVE,500.0,814.67,0,0.0
13,HATCHBACK,PETROL,RIDESHARE,6028.81,76,8369,GOOD,0,COMPREHENSIVE,1000.0,296.39,0,0.0
10,TRUCK,PETROL,PERSONAL,16577.13,76,10536,GOOD,0,ZERO_DEP_PREMIUM,1000.0,667.23,0,0.0
9,SEDAN,CNG,COMMERCIAL,12421.04,32,3289,EXCELLENT,0,COMPREHENSIVE,1000.0,477.9,0,0.0
6,SEDAN,PETROL,PERSONAL,14211.42,73,11056,GOOD,0,COMPREHENSIVE,1000.0,465.78,0,0.0
14,SEDAN,CNG,PERSONAL,6809.65,73,14175,GOOD,1,COMPREHENSIVE,250.0,250.0,0,0.0
1,SEDAN,PETROL,RIDESHARE,19193.0,78,10504,GOOD,0,COMPREHENSIVE,500.0,943.58,0,0.0
10,SUV,DIESEL,PERSONAL,15434.01,21,12964,GOOD,0,COMPREHENSIVE,500.0,549.84,0,0.0
0,SUV,PETROL,PERSONAL,38977.24,32,11176,FAIR,2,THIRD_PARTY,1000.0,487.22,0,0.0
12,SEDAN,ELECTRIC,PERSONAL,6980.39,24,3629,GOOD,1,ZERO_DEP_PREMIUM,500.0,305.39,0,0.0
4,SUV,ELECTRIC,PERSONAL,26642.47,64,12864,POOR,0,ZERO_DEP_PREMIUM,500.0,932.49,0,0.0
7,SEDAN,PETROL,PERSONAL,18557.12,21,8969,FAIR,1,COMPREHENSIVE,1000.0,661.1,0,0.0
2,SEDAN,HYBRID,RIDESHARE,25838.57,20,6538,POOR,0,THIRD_PARTY,1000.0,605.59,0,0.0
6,SUV,PETROL,PERSONAL,21193.31,40,15551,FAIR,0,COMPREHENSIVE,1000.0,604.01,0,0.0
4,HATCHBACK,DIESEL,COMMERCIAL,14716.28,31,13712,GOOD,0,ZERO_DEP_PREMIUM,250.0,695.34,0,0.0
11,HATCHBACK,CNG,PERSONAL,6252.31,23,9744,GOOD,0,THIRD_PARTY,2000.0,250.0,1,1328.38
9,SUV,HYBRID,PERSONAL,12240.17,50,11801,FAIR,1,COMPREHENSIVE,1000.0,348.84,0,0.0
12,SEDAN,CNG,RIDESHARE,9082.42,26,13221,GOOD,0,COMPREHENSIVE,1000.0,388.27,0,0.0
7,SUV,PETROL,PERSONAL,15379.08,29,4855,GOOD,0,ZERO_DEP_PREMIUM,500.0,538.27,0,0.0
5,SEDAN,PETROL,PERSONAL,20074.23,67,7367,FAIR,1,COMPREHENSIVE,2000.0,572.12,0,0.0
15,SEDAN,PETROL,PERSONAL,8700.32,78,7582,FAIR,0,COMPREHENSIVE,250.0,285.15,0,0.0
5,SUV,DIESEL,PERSONAL,21399.7,52,14739,EXCELLENT,0,COMPREHENSIVE,250.0,609.89,0,0.0
6,SEDAN,ELECTRIC,PERSONAL,14830.19,70,19544,GOOD,1,COMPREHENSIVE,500.0,486.06,0,0.0
6,SEDAN,PETROL,COMMERCIAL,14691.48,48,15160,GOOD,0,COMPREHENSIVE,1000.0,565.25,0,0.0
3,COMMERCIAL_VAN,DIESEL,RIDESHARE,25763.82,68,13029,GOOD,0,COMPREHENSIVE,1000.0,1101.4,0,0.0
15,COMMERCIAL_VAN,PETROL,PERSONAL,11597.61,20,7877,POOR,1,ZERO_DEP_PREMIUM,2000.0,507.4,0,0.0
9,SEDAN,PETROL,COMMERCIAL,12599.39,73,15832,FAIR,0,THIRD_PARTY,500.0,250.0,0,0.0
15,SEDAN,DIESEL,COMMERCIAL,4706.03,63,10868,GOOD,1,COMPREHENSIVE,500.0,250.0,0,0.0
11,SEDAN,DIESEL,PERSONAL,11859.4,53,7948,GOOD,0,COMPREHENSIVE,1000.0,337.99,0,0.0
9,SUV,ELECTRIC,PERSONAL,12801.36,30,15751,FAIR,0,COMPREHENSIVE,500.0,364.84,0,0.0
9,TRUCK,PETROL,PERSONAL,26085.68,30,18484,EXCELLENT,0,COMPREHENSIVE,500.0,743.44,0,0.0
14,SEDAN,ELECTRIC,PERSONAL,6690.81,75,15824,GOOD,0,COMPREHENSIVE,250.0,250.0,0,0.0
12,HATCHBACK,PETROL,PERSONAL,5838.17,51,23203,GOOD,0,COMPREHENSIVE,1000.0,250.0,0,0.0
7,SEDAN,PETROL,PERSONAL,10136.99,38,9086,FAIR,0,ZERO_DEP_PREMIUM,1000.0,354.79,0,0.0
5,COMMERCIAL_VAN,DIESEL,PERSONAL,22320.41,51,10390,FAIR,1,THIRD_PARTY,500.0,279.01,0,0.0
10,SUV,HYBRID,PERSONAL,17687.02,59,8536,GOOD,0,ZERO_DEP_PREMIUM,500.0,619.05,0,0.0
12,HATCHBACK,PETROL,PERSONAL,5335.27,60,8509,FAIR,0,COMPREHENSIVE,250.0,250.0,0,0.0
7,SEDAN,PETROL,PERSONAL,17912.89,45,18787,POOR,2,COMPREHENSIVE,1000.0,510.52,0,0.0
6,SUV,DIESEL,PERSONAL,22540.71,73,7514,GOOD,0,THIRD_PARTY,1000.0,324.02,0,0.0
0,SEDAN,PETROL,COMMERCIAL,35100.01,64,10036,EXCELLENT,0,ZERO_DEP_PREMIUM,1000.0,1658.48,0,0.0
3,SEDAN,ELECTRIC,PERSONAL,27191.48,52,18173,FAIR,0,COMPREHENSIVE,2000.0,774.96,0,0.0
6,TRUCK,ELECTRIC,COMMERCIAL,25429.16,31,14238,GOOD,1,COMPREHENSIVE,2000.0,978.39,0,0.0
15,TRUCK,PETROL,RIDESHARE,11714.65,35,7928,GOOD,0,COMPREHENSIVE,250.0,500.8,0,0.0
8,TRUCK,DIESEL,PERSONAL,26576.58,36,12136,EXCELLENT,0,COMPREHENSIVE,1000.0,757.43,0,0.0
1,SUV,ELECTRIC,COMMERCIAL,28012.19,36,4855,GOOD,0,ZERO_DEP_PREMIUM,1000.0,1323.58,0,0.0
14,HATCHBACK,PETROL,RIDESHARE,5567.89,50,11595,GOOD,1,ZERO_DEP_PREMIUM,1000.0,292.31,0,0.0
4,SEDAN,DIESEL,PERSONAL,19868.19,68,12845,GOOD,0,COMPREHENSIVE,1000.0,566.24,0,0.0
15,SEDAN,PETROL,RIDESHARE,7631.45,52,13134,EXCELLENT,0,COMPREHENSIVE,500.0,326.24,1,998.38
8,SEDAN,DIESEL,COMMERCIAL,9242.03,37,20948,GOOD,1,COMPREHENSIVE,500.0,355.59,0,0.0
8,SUV,PETROL,COMMERCIAL,20929.97,46,15844,FAIR,0,COMPREHENSIVE,250.0,805.28,0,0.0
5,SEDAN,ELECTRIC,PERSONAL,14887.11,25,7232,EXCELLENT,0,COMPREHENSIVE,250.0,424.28,0,0.0
6,SEDAN,PETROL,PERSONAL,18657.47,42,12989,FAIR,0,ZERO_DEP_PREMIUM,1000.0,653.01,0,0.0
8,SUV,PETROL,PERSONAL,17884.01,34,12205,EXCELLENT,0,ZERO_DEP_PREMIUM,500.0,625.94,0,0.0
13,HATCHBACK,ELECTRIC,PERSONAL,4500.0,18,20895,GOOD,0,COMPREHENSIVE,1000.0,250.0,0,0.0
13,SUV,PETROL,PERSONAL,14440.67,55,10513,GOOD,0,THIRD_PARTY,500.0,250.0,0,0.0
9,SEDAN,PETROL,PERSONAL,13746.87,66,13086,GOOD,0,ZERO_DEP_PREMIUM,1000.0,481.14,0,0.0
7,SEDAN,PETROL,PERSONAL,18675.48,77,13701,GOOD,0,COMPREHENSIVE,2000.0,612.09,0,0.0
13,SEDAN,PETROL,PERSONAL,7287.41,70,7686,EXCELLENT,0,ZERO_DEP_PREMIUM,1000.0,293.32,0,0.0
9,SEDAN,HYBRID,PERSONAL,12844.65,47,5640,EXCELLENT,2,COMPREHENSIVE,500.0,366.07,0,0.0
5,SUV,ELECTRIC,PERSONAL,25343.22,45,11481,FAIR,0,THIRD_PARTY,500.0,316.79,0,0.0
5,SUV,PETROL,PERSONAL,26537.86,50,15500,GOOD,0,COMPREHENSIVE,1000.0,756.33,0,0.0
6,SUV,ELECTRIC,PERSONAL,14858.63,30,6591,POOR,0,ZERO_DEP_PREMIUM,2000.0,520.05,0,0.0
6,SEDAN,DIESEL,PERSONAL,13350.2,41,12051,FAIR,1,THIRD_PARTY,1000.0,250.0,0,0.0
1,HATCHBACK,HYBRID,PERSONAL,19459.97,61,9487,FAIR,0,ZERO_DEP_PREMIUM,1000.0,681.1,0,0.0
8,SEDAN,PETROL,RIDESHARE,12185.9,54,3787,GOOD,0,COMPREHENSIVE,1000.0,520.95,0,0.0
3,SUV,DIESEL,COMMERCIAL,37232.6,39,13549,EXCELLENT,0,THIRD_PARTY,1000.0,628.3,0,0.0
12,HATCHBACK,DIESEL,COMMERCIAL,4500.0,69,14341,POOR,0,COMPREHENSIVE,1000.0,250.0,0,0.0
12,SEDAN,DIESEL,PERSONAL,11722.99,30,15516,EXCELLENT,0,THIRD_PARTY,1000.0,250.0,0,0.0
9,SEDAN,DIESEL,PERSONAL,13221.31,57,16024,GOOD,0,THIRD_PARTY,1000.0,250.0,0,0.0
8,TRUCK,PETROL,PERSONAL,25728.89,29,12053,FAIR,0,ZERO_DEP_PREMIUM,500.0,900.51,0,0.0
14,SEDAN,ELECTRIC,RIDESHARE,6788.97,74,14302,GOOD,0,COMPREHENSIVE,2000.0,333.76,0,0.0
14,SUV,DIESEL,COMMERCIAL,12833.13,58,13345,EXCELLENT,1,COMPREHENSIVE,1000.0,493.75,1,1746.46
11,SEDAN,CNG,PERSONAL,9967.48,66,3000,GOOD,0,THIRD_PARTY,1000.0,250.0,0,0.0
10,SUV,PETROL,COMMERCIAL,16495.53,63,5750,POOR,0,THIRD_PARTY,1000.0,278.36,0,0.0
14,SEDAN,DIESEL,PERSONAL,5320.95,24,9168,POOR,0,ZERO_DEP_PREMIUM,500.0,250.0,1,611.9
9,SEDAN,HYBRID,PERSONAL,12708.06,53,12735,FAIR,0,COMPREHENSIVE,1000.0,362.18,0,0.0
2,SUV,DIESEL,PERSONAL,39212.85,46,13704,FAIR,0,THIRD_PARTY,2000.0,490.16,0,0.0
4,SEDAN,HYBRID,PERSONAL,14705.73,46,15434,EXCELLENT,0,COMPREHENSIVE,1000.0,419.11,0,0.0
4,SUV,ELECTRIC,PERSONAL,30029.45,43,15536,EXCELLENT,0,ZERO_DEP_PREMIUM,250.0,1051.03,0,0.0
6,SEDAN,PETROL,COMMERCIAL,10597.74,44,13337,GOOD,0,ZERO_DEP_PREMIUM,1000.0,500.74,0,0.0
11,SEDAN,DIESEL,PERSONAL,12423.07,41,14714,EXCELLENT,1,COMPREHENSIVE,500.0,354.06,0,0.0
15,SEDAN,PETROL,PERSONAL,8769.94,48,19398,GOOD,0,ZERO_DEP_PREMIUM,1000.0,306.95,0,0.0
3,SEDAN,DIESEL,RIDESHARE,18572.57,24,14348,EXCELLENT,0,COMPREHENSIVE,2000.0,992.47,0,0.0
10,TRUCK,PETROL,PERSONAL,13278.26,34,12349,GOOD,0,THIRD_PARTY,500.0,250.0,0,0.0
15,SEDAN,ELECTRIC,PERSONAL,7335.47,66,14561,EXCELLENT,0,ZERO_DEP_PREMIUM,500.0,256.74,0,0.0
14,SUV,DIESEL,PERSONAL,6930.23,50,16170,EXCELLENT,0,ZERO_DEP_PREMIUM,500.0,250.0,0,0.0
12,SEDAN,PETROL,PERSONAL,8700.79,51,19472,FAIR,1,COMPREHENSIVE,250.0,250.0,0,0.0
11,SEDAN,PETROL,PERSONAL,8202.35,75,7573,EXCELLENT,1,COMPREHENSIVE,500.0,268.83,0,0.0
3,TRUCK,CNG,PERSONAL,34196.18,35,5122,EXCELLENT,0,THIRD_PARTY,500.0,427.45,0,0.0
15,SEDAN,PETROL,PERSONAL,4503.58,58,13432,EXCELLENT,1,ZERO_DEP_PREMIUM,2000.0,250.0,0,0.0
12,COMMERCIAL_VAN,PETROL,PERSONAL,9020.57,22,5996,FAIR,0,COMPREHENSIVE,1000.0,321.36,0,0.0
14,SEDAN,PETROL,PERSONAL,4937.81,18,11378,GOOD,0,COMPREHENSIVE,500.0,250.0,0,0.0
12,HATCHBACK,CNG,COMMERCIAL,5847.86,24,20649,GOOD,0,THIRD_PARTY,1000.0,250.0,1,438.12
0,SUV,CNG,COMMERCIAL,39314.34,75,12515,EXCELLENT,0,THIRD_PARTY,1000.0,762.94,0,0.0
5,TRUCK,DIESEL,PERSONAL,23701.53,51,12564,GOOD,1,ZERO_DEP_PREMIUM,500.0,829.55,0,0.0
3,SUV,HYBRID,PERSONAL,31269.74,20,10697,EXCELLENT,1,COMPREHENSIVE,2000.0,1113.98,0,0.0
10,SUV,PETROL,PERSONAL,18490.27,53,19272,GOOD,0,ZERO_DEP_PREMIUM,2000.0,647.16,1,4297.71
14,SEDAN,CNG,PERSONAL,6207.99,52,14404,GOOD,0,ZERO_DEP_PREMIUM,500.0,250.0,0,0.0
9,SEDAN,PETROL,PERSONAL,14268.16,68,10393,FAIR,1,ZERO_DEP_PREMIUM,1000.0,499.39,0,0.0
9,TRUCK,PETROL,COMMERCIAL,21912.27,74,19159,EXCELLENT,0,ZERO_DEP_PREMIUM,1000.0,1190.66,0,0.0
4,SEDAN,PETROL,PERSONAL,12902.74,29,13333,FAIR,0,COMPREHENSIVE,500.0,367.73,0,0.0
13,SEDAN,DIESEL,PERSONAL,7344.45,32,10632,EXCELLENT,0,ZERO_DEP_PREMIUM,1000.0,257.06,0,0.0
14,HATCHBACK,ELECTRIC,COMMERCIAL,4509.51,21,3103,GOOD,0,COMPREHENSIVE,1000.0,250.0,0,0.0
14,SEDAN,PETROL,RIDESHARE,8416.34,73,13118,EXCELLENT,1,COMPREHENSIVE,1000.0,413.77,1,1209.38
10,COMMERCIAL_VAN,CNG,PERSONAL,13332.7,50,10468,POOR,0,ZERO_DEP_PREMIUM,1000.0,466.64,0,0.0
8,HATCHBACK,PETROL,PERSONAL,10442.7,33,11083,EXCELLENT,0,ZERO_DEP_PREMIUM,2000.0,365.49,0,0.0
15,SUV,PETROL,PERSONAL,10315.79,46,10830,GOOD,0,COMPREHENSIVE,1000.0,294.0,0,0.0
3,TRUCK,DIESEL,COMMERCIAL,31862.99,23,4262,EXCELLENT,0,COMPREHENSIVE,250.0,1532.41,0,0.0
0,SEDAN,DIESEL,PERSONAL,19965.86,66,24036,GOOD,2,COMPREHENSIVE,1000.0,569.03,1,5272.52
14,SEDAN,ELECTRIC,PERSONAL,5741.64,54,9377,GOOD,2,COMPREHENSIVE,1000.0,250.0,0,0.0
10,SUV,DIESEL,RIDESHARE,14598.32,40,15507,EXCELLENT,0,COMPREHENSIVE,2000.0,624.08,0,0.0
8,SEDAN,DIESEL,PERSONAL,12792.49,30,11514,FAIR,1,ZERO_DEP_PREMIUM,1000.0,447.74,0,0.0
4,HATCHBACK,PETROL,RIDESHARE,13576.78,61,3000,FAIR,0,ZERO_DEP_PREMIUM,1000.0,712.78,1,1051.62
9,TRUCK,DIESEL,RIDESHARE,22751.42,18,11832,EXCELLENT,0,COMPREHENSIVE,250.0,1215.78,1,4034.39
12,SUV,CNG,PERSONAL,9762.0,74,13037,GOOD,0,COMPREHENSIVE,2000.0,319.95,0,0.0
11,SEDAN,PETROL,COMMERCIAL,10286.69,29,10047,GOOD,0,THIRD_PARTY,500.0,250.0,0,0.0
12,COMMERCIAL_VAN,HYBRID,PERSONAL,8754.74,44,19029,FAIR,1,ZERO_DEP_PREMIUM,1000.0,306.42,0,0.0
10,SUV,DIESEL,COMMERCIAL,13724.35,42,20563,GOOD,1,THIRD_PARTY,2000.0,250.0,1,9188.88
6,SUV,PETROL,COMMERCIAL,25244.88,39,13791,EXCELLENT,0,ZERO_DEP_PREMIUM,250.0,1192.82,0,0.0
2,SEDAN,CNG,PERSONAL,21092.58,51,14404,FAIR,0,COMPREHENSIVE,2000.0,601.14,0,0.0
3,TRUCK,DIESEL,PERSONAL,42604.16,35,7313,EXCELLENT,1,THIRD_PARTY,1000.0,532.55,0,0.0
11,SUV,PETROL,COMMERCIAL,17647.25,58,7296,EXCELLENT,1,ZERO_DEP_PREMIUM,2000.0,833.83,0,0.0
9,HATCHBACK,PETROL,PERSONAL,7703.07,33,9554,FAIR,0,THIRD_PARTY,500.0,250.0,0,0.0
8,HATCHBACK,PETROL,PERSONAL,6030.54,46,21500,EXCELLENT,0,COMPREHENSIVE,1000.0,250.0,1,549.83
9,SEDAN,ELECTRIC,PERSONAL,10745.37,47,10031,EXCELLENT,0,COMPREHENSIVE,500.0,306.24,0,0.0
12,SUV,DIESEL,PERSONAL,8203.45,47,18426,GOOD,0,COMPREHENSIVE,500.0,250.0,0,0.0
0,HATCHBACK,HYBRID,RIDESHARE,17950.53,37,9248,FAIR,0,THIRD_PARTY,1000.0,336.57,0,0.0
11,SEDAN,PETROL,COMMERCIAL,11748.22,64,8169,EXCELLENT,0,COMPREHENSIVE,500.0,452.01,0,0.0
10,HATCHBACK,PETROL,PERSONAL,7108.92,39,10248,GOOD,0,THIRD_PARTY,1000.0,250.0,0,0.0
4,TRUCK,PETROL,PERSONAL,37724.08,78,10133,GOOD,0,COMPREHENSIVE,1000.0,1236.41,0,0.0
7,SUV,DIESEL,PERSONAL,23439.03,59,9235,GOOD,0,THIRD_PARTY,250.0,292.99,0,0.0
9,HATCHBACK,CNG,PERSONAL,8871.56,51,19526,FAIR,0,COMPREHENSIVE,500.0,252.84,0,0.0
6,HATCHBACK,DIESEL,PERSONAL,8056.15,21,12256,GOOD,0,COMPREHENSIVE,500.0,287.0,0,0.0
13,HATCHBACK,PETROL,PERSONAL,6150.24,67,11604,FAIR,0,ZERO_DEP_PREMIUM,500.0,250.0,1,657.16
13,SUV,HYBRID,PERSONAL,12232.04,48,12614,GOOD,0,THIRD_PARTY,1000.0,250.0,0,0.0
3,SEDAN,ELECTRIC,RIDESHARE,17688.58,68,16617,GOOD,0,ZERO_DEP_PREMIUM,1000.0,928.65,0,0.0
6,SUV,PETROL,PERSONAL,28438.79,67,12612,GOOD,0,THIRD_PARTY,1000.0,355.48,0,0.0
0,SUV,ELECTRIC,PERSONAL,49144.6,31,13874,FAIR,0,ZERO_DEP_PREMIUM,1000.0,1720.06,0,0.0
5,SUV,PETROL,PERSONAL,24759.04,25,17079,GOOD,1,THIRD_PARTY,500.0,309.49,0,0.0
8,HATCHBACK,PETROL,RIDESHARE,9707.86,54,7689,FAIR,0,ZERO_DEP_PREMIUM,500.0,509.66,0,0.0
2,SEDAN,PETROL,COMMERCIAL,19012.51,22,8730,POOR,0,ZERO_DEP_PREMIUM,500.0,1122.93,0,0.0
3,SUV,DIESEL,COMMERCIAL,26890.53,25,12988,FAIR,0,THIRD_PARTY,1000.0,453.78,0,0.0
7,SEDAN,PETROL,PERSONAL,11135.31,28,9315,POOR,0,THIRD_PARTY,500.0,250.0,0,0.0
11,HATCHBACK,PETROL,PERSONAL,6033.18,73,11455,GOOD,0,COMPREHENSIVE,500.0,250.0,0,0.0
4,SUV,PETROL,PERSONAL,25852.24,46,7537,EXCELLENT,0,COMPREHENSIVE,500.0,736.79,0,0.0
4,SEDAN,ELECTRIC,PERSONAL,15136.69,72,8617,GOOD,1,COMPREHENSIVE,500.0,496.11,0,0.0
14,SEDAN,CNG,PERSONAL,8130.09,38,17496,EXCELLENT,0,COMPREHENSIVE,2000.0,250.0,0,0.0
0,HATCHBACK,ELECTRIC,RIDESHARE,12519.25,56,10848,GOOD,0,COMPREHENSIVE,500.0,535.2,1,1326.71
15,SUV,PETROL,PERSONAL,6501.59,30,10435,GOOD,0,COMPREHENSIVE,1000.0,250.0,0,0.0
5,SEDAN,PETROL,PERSONAL,15728.9,66,8778,GOOD,0,THIRD_PARTY,250.0,250.0,0,0.0
13,COMMERCIAL_VAN,PETROL,COMMERCIAL,11004.87,36,8515,GOOD,2,THIRD_PARTY,250.0,250.0,0,0.0
1,HATCHBACK,PETROL,PERSONAL,13450.8,20,7831,GOOD,1,COMPREHENSIVE,1000.0,479.18,0,0.0
15,COMMERCIAL_VAN,DIESEL,PERSONAL,8131.39,51,6690,GOOD,0,COMPREHENSIVE,500.0,250.0,0,0.0
0,SUV,DIESEL,PERSONAL,33737.16,55,9332,EXCELLENT,0,COMPREHENSIVE,1000.0,961.51,0,0.0
5,SUV,ELECTRIC,PERSONAL,18294.79,36,11979,FAIR,0,ZERO_DEP_PREMIUM,1000.0,640.32,1,1322.74
4,TRUCK,DIESEL,COMMERCIAL,29642.44,49,15382,GOOD,0,THIRD_PARTY,1000.0,500.22,0,0.0
12,SUV,PETROL,PERSONAL,15477.54,64,12120,FAIR,0,COMPREHENSIVE,1000.0,441.11,0,0.0
15,HATCHBACK,PETROL,COMMERCIAL,4500.0,53,7966,FAIR,1,THIRD_PARTY,1000.0,250.0,0,0.0
4,SEDAN,DIESEL,COMMERCIAL,21023.03,68,10064,FAIR,0,ZERO_DEP_PREMIUM,1000.0,993.34,0,0.0
8,SUV,PETROL,COMMERCIAL,13530.56,56,9791,GOOD,1,COMPREHENSIVE,500.0,520.59,0,0.0
11,SEDAN,PETROL,PERSONAL,8732.03,69,9524,FAIR,0,COMPREHENSIVE,500.0,286.19,1,4179.67
14,SEDAN,PETROL,PERSONAL,6421.13,70,10795,EXCELLENT,0,COMPREHENSIVE,1000.0,250.0,0,0.0
9,SEDAN,PETROL,PERSONAL,15086.21,31,16503,GOOD,0,COMPREHENSIVE,500.0,429.96,1,451.19
9,SEDAN,PETROL,PERSONAL,11121.58,24,15531,GOOD,1,THIRD_PARTY,500.0,250.0,0,0.0
12,COMMERCIAL_VAN,ELECTRIC,COMMERCIAL,14500.56,37,19685,GOOD,0,COMPREHENSIVE,500.0,557.91,1,924.23
2,SEDAN,HYBRID,PERSONAL,24151.39,49,8480,FAIR,0,ZERO_DEP_PREMIUM,1000.0,845.3,1,5027.17
15,SUV,PETROL,COMMERCIAL,6987.45,63,7474,GOOD,0,THIRD_PARTY,500.0,250.0,0,0.0
0,HATCHBACK,PETROL,PERSONAL,21722.85,71,10838,GOOD,0,COMPREHENSIVE,500.0,711.97,0,0.0
15,SUV,ELECTRIC,PERSONAL,8241.84,74,17748,EXCELLENT,0,COMPREHENSIVE,1000.0,270.13,0,0.0
13,SEDAN,PETROL,COMMERCIAL,5579.89,48,3028,GOOD,0,COMPREHENSIVE,1000.0,250.0,1,502.01
15,HATCHBACK,PETROL,PERSONAL,4500.0,39,13012,GOOD,0,COMPREHENSIVE,500.0,250.0,0,0.0
13,SUV,PETROL,COMMERCIAL,9877.02,22,10976,GOOD,0,COMPREHENSIVE,1000.0,475.02,0,0.0
15,HATCHBACK,PETROL,PERSONAL,4500.0,48,15305,GOOD,0,COMPREHENSIVE,250.0,250.0,0,0.0
7,HATCHBACK,ELECTRIC,RIDESHARE,9375.98,32,14391,GOOD,0,COMPREHENSIVE,2000.0,400.82,0,0.0
14,COMMERCIAL_VAN,ELECTRIC,PERSONAL,9566.49,61,15286,GOOD,1,COMPREHENSIVE,500.0,272.64,0,0.0
11,SUV,PETROL,COMMERCIAL,14548.32,78,14705,GOOD,0,COMPREHENSIVE,500.0,643.71,0,0.0
4,SEDAN,PETROL,PERSONAL,12564.77,34,25109,GOOD,0,THIRD_PARTY,2000.0,250.0,0,0.0
10,SUV,PETROL,PERSONAL,19450.41,73,20529,EXCELLENT,0,THIRD_PARTY,250.0,279.6,0,0.0
4,SEDAN,PETROL,RIDESHARE,14608.8,70,16214,EXCELLENT,1,ZERO_DEP_PREMIUM,500.0,882.01,0,0.0
7,TRUCK,CNG,COMMERCIAL,26410.31,54,10316,GOOD,0,THIRD_PARTY,500.0,445.67,0,0.0
7,SEDAN,DIESEL,PERSONAL,16137.04,36,10809,FAIR,0,COMPREHENSIVE,500.0,459.91,0,0.0
10,SEDAN,DIESEL,PERSONAL,8303.63,27,17671,EXCELLENT,0,COMPREHENSIVE,1000.0,250.0,0,0.0
1,HATCHBACK,ELECTRIC,PERSONAL,11330.57,61,17845,GOOD,0,THIRD_PARTY,1000.0,250.0,0,0.0
2,SUV,ELECTRIC,PERSONAL,24052.12,51,8671,FAIR,1,COMPREHENSIVE,1000.0,685.49,0,0.0
9,SUV,ELECTRIC,COMMERCIAL,13445.48,66,3504,EXCELLENT,0,ZERO_DEP_PREMIUM,2000.0,635.3,0,0.0
9,SUV,PETROL,PERSONAL,12598.02,42,4256,EXCELLENT,1,ZERO_DEP_PREMIUM,1000.0,440.93,0,0.0
15,TRUCK,PETROL,PERSONAL,12529.3,54,17776,POOR,0,ZERO_DEP_PREMIUM,1000.0,438.53,0,0.0
0,SEDAN,DIESEL,PERSONAL,25859.16,75,18621,EXCELLENT,0,THIRD_PARTY,500.0,371.73,0,0.0
14,TRUCK,PETROL,PERSONAL,12648.17,45,12577,GOOD,1,COMPREHENSIVE,500.0,360.47,0,0.0
2,SEDAN,CNG,COMMERCIAL,15784.85,32,13957,GOOD,0,COMPREHENSIVE,500.0,607.32,1,2317.74
11,HATCHBACK,DIESEL,RIDESHARE,7387.17,37,20520,EXCELLENT,0,ZERO_DEP_PREMIUM,500.0,387.83,0,0.0
3,HATCHBACK,CNG,PERSONAL,9879.62,72,21563,EXCELLENT,1,COMPREHENSIVE,1000.0,323.8,0,0.0
10,SEDAN,PETROL,PERSONAL,9639.91,30,15558,GOOD,1,COMPREHENSIVE,500.0,274.74,0,0.0
6,SUV,HYBRID,PERSONAL,15339.24,37,12402,FAIR,1,COMPREHENSIVE,250.0,437.17,1,2254.98
8,SEDAN,PETROL,PERSONAL,9729.35,60,10554,EXCELLENT,0,COMPREHENSIVE,500.0,277.29,0,0.0
11,HATCHBACK,CNG,PERSONAL,6611.44,48,11233,GOOD,0,COMPREHENSIVE,250.0,250.0,0,0.0
4,SUV,PETROL,PERSONAL,29249.41,35,9014,GOOD,0,THIRD_PARTY,1000.0,365.62,1,6213.24
11,SUV,DIESEL,PERSONAL,14975.45,58,15432,GOOD,1,COMPREHENSIVE,2000.0,426.8,0,0.0
15,SEDAN,ELECTRIC,PERSONAL,6864.71,65,11908,GOOD,0,COMPREHENSIVE,500.0,250.0,0,0.0
0,SEDAN,PETROL,COMMERCIAL,35535.89,73,8811,EXCELLENT,0,COMPREHENSIVE,500.0,1572.33,0,0.0
1,SEDAN,DIESEL,COMMERCIAL,24961.87,45,17581,GOOD,0,THIRD_PARTY,2000.0,421.23,0,0.0
9,SEDAN,CNG,RIDESHARE,11288.49,64,14988,GOOD,0,ZERO_DEP_PREMIUM,1000.0,592.65,0,0.0
1,SUV,PETROL,PERSONAL,28608.71,21,13659,GOOD,0,ZERO_DEP_PREMIUM,250.0,1251.63,0,0.0
15,TRUCK,DIESEL,PERSONAL,8224.51,41,11776,GOOD,0,ZERO_DEP_PREMIUM,500.0,287.86,1,1306.45
8,SUV,PETROL,PERSONAL,18346.2,61,14557,FAIR,0,COMPREHENSIVE,1000.0,522.87,0,0.0
9,SUV,ELECTRIC,PERSONAL,14179.55,62,10932,GOOD,1,COMPREHENSIVE,1000.0,404.12,0,0.0
6,COMMERCIAL_VAN,DIESEL,PERSONAL,23020.89,26,24961,GOOD,0,THIRD_PARTY,500.0,287.76,0,0.0
1,HATCHBACK,PETROL,PERSONAL,12292.77,64,22771,FAIR,1,COMPREHENSIVE,250.0,350.34,0,0.0
0,TRUCK,PETROL,PERSONAL,56615.72,67,8822,POOR,0,COMPREHENSIVE,1000.0,1613.55,0,0.0
15,SUV,DIESEL,PERSONAL,12245.76,69,11331,GOOD,0,COMPREHENSIVE,1000.0,401.35,0,0.0
4,SEDAN,PETROL,PERSONAL,16504.45,49,8455,GOOD,0,COMPREHENSIVE,250.0,470.38,0,0.0
11,SEDAN,PETROL,PERSONAL,11882.11,76,4059,FAIR,0,COMPREHENSIVE,2000.0,389.44,0,0.0
0,HATCHBACK,DIESEL,PERSONAL,20977.44,49,20180,EXCELLENT,0,THIRD_PARTY,500.0,262.22,1,2397.03
8,SEDAN,PETROL,PERSONAL,17083.59,71,11826,GOOD,0,ZERO_DEP_PREMIUM,500.0,687.61,0,0.0
2,SEDAN,PETROL,COMMERCIAL,20236.7,56,7575,GOOD,0,COMPREHENSIVE,500.0,778.61,0,0.0
1,SUV,DIESEL,PERSONAL,40269.54,38,4701,POOR,1,THIRD_PARTY,1000.0,503.37,0,0.0
13,SUV,PETROL,COMMERCIAL,9087.05,75,13502,POOR,0,COMPREHENSIVE,2000.0,402.07,0,0.0
12,SUV,PETROL,PERSONAL,13203.71,61,14112,FAIR,0,THIRD_PARTY,500.0,250.0,0,0.0
5,SEDAN,PETROL,PERSONAL,19362.55,59,14351,GOOD,0,THIRD_PARTY,500.0,250.0,0,0.0
2,SEDAN,DIESEL,COMMERCIAL,26241.16,78,17316,GOOD,1,COMPREHENSIVE,1000.0,1161.07,0,0.0
4,SUV,DIESEL,PERSONAL,20861.01,56,16533,GOOD,1,COMPREHENSIVE,500.0,594.54,0,0.0
9,COMMERCIAL_VAN,ELECTRIC,PERSONAL,21043.92,63,6706,FAIR,0,COMPREHENSIVE,250.0,599.75,0,0.0
13,HATCHBACK,PETROL,COMMERCIAL,4670.27,44,7601,FAIR,0,THIRD_PARTY,2000.0,250.0,0,0.0
7,TRUCK,PETROL,PERSONAL,19360.03,64,16885,FAIR,0,COMPREHENSIVE,1000.0,551.76,0,0.0
9,HATCHBACK,PETROL,PERSONAL,7393.06,53,9719,EXCELLENT,2,ZERO_DEP_PREMIUM,500.0,258.76,0,0.0
1,SUV,PETROL,COMMERCIAL,42730.51,25,5901,GOOD,0,COMPREHENSIVE,500.0,1644.06,0,0.0
11,SEDAN,HYBRID,PERSONAL,12686.75,36,6318,GOOD,0,ZERO_DEP_PREMIUM,500.0,444.04,0,0.0
12,SUV,PETROL,PERSONAL,14206.61,46,16716,EXCELLENT,2,COMPREHENSIVE,500.0,404.89,1,2333.07
4,SUV,PETROL,PERSONAL,17378.06,36,16637,GOOD,1,COMPREHENSIVE,500.0,495.27,0,0.0
10,SUV,PETROL,COMMERCIAL,11135.14,22,13076,EXCELLENT,0,COMPREHENSIVE,1000.0,535.53,0,0.0
7,SUV,DIESEL,PERSONAL,14015.65,39,8257,POOR,1,ZERO_DEP_PREMIUM,500.0,490.55,1,1855.43
0,SUV,DIESEL,PERSONAL,27750.59,52,12216,FAIR,0,COMPREHENSIVE,250.0,790.89,0,0.0
9,SEDAN,DIESEL,PERSONAL,10771.52,27,11781,GOOD,0,ZERO_DEP_PREMIUM,1000.0,377.0,0,0.0
9,SUV,HYBRID,RIDESHARE,14434.09,32,10518,EXCELLENT,0,COMPREHENSIVE,1000.0,617.06,0,0.0
13,SEDAN,DIESEL,PERSONAL,5948.01,19,15577,GOOD,0,THIRD_PARTY,1000.0,250.0,0,0.0
10,HATCHBACK,PETROL,COMMERCIAL,8209.3,70,10339,EXCELLENT,0,THIRD_PARTY,250.0,250.0,0,0.0
12,SEDAN,PETROL,PERSONAL,9481.03,59,14930,GOOD,0,THIRD_PARTY,500.0,250.0,1,4656.75
11,SEDAN,DIESEL,PERSONAL,11586.31,39,14002,FAIR,0,THIRD_PARTY,2000.0,250.0,0,0.0
12,SUV,DIESEL,COMMERCIAL,11145.73,65,6013,EXCELLENT,0,COMPREHENSIVE,250.0,428.83,0,0.0
11,SUV,DIESEL,RIDESHARE,12593.54,52,21470,EXCELLENT,1,COMPREHENSIVE,1000.0,538.37,1,1262.53
3,SUV,DIESEL,PERSONAL,25021.61,56,15096,EXCELLENT,0,COMPREHENSIVE,250.0,713.12,0,0.0
4,SEDAN,DIESEL,PERSONAL,17952.49,36,5333,FAIR,1,ZERO_DEP_PREMIUM,1000.0,628.34,0,0.0
13,SUV,HYBRID,RIDESHARE,11908.75,64,6034,FAIR,1,ZERO_DEP_PREMIUM,1000.0,625.21,1,2635.08
9,SEDAN,DIESEL,PERSONAL,11627.84,29,19628,FAIR,1,THIRD_PARTY,1000.0,250.0,0,0.0
11,TRUCK,ELECTRIC,PERSONAL,20060.05,78,13308,GOOD,1,THIRD_PARTY,2000.0,288.36,0,0.0
13,TRUCK,PETROL,PERSONAL,17174.11,51,15023,EXCELLENT,0,COMPREHENSIVE,2000.0,489.46,0,0.0
10,SUV,DIESEL,COMMERCIAL,14422.43,62,14245,FAIR,0,THIRD_PARTY,500.0,250.0,0,0.0
2,SEDAN,HYBRID,COMMERCIAL,18684.76,75,17393,EXCELLENT,1,THIRD_PARTY,500.0,362.6,0,0.0
11,HATCHBACK,PETROL,RIDESHARE,7720.33,37,17593,GOOD,0,COMPREHENSIVE,500.0,330.04,0,0.0
1,SEDAN,ELECTRIC,PERSONAL,28735.71,68,8550,GOOD,0,COMPREHENSIVE,500.0,818.97,0,0.0
11,SUV,ELECTRIC,PERSONAL,14646.48,24,14764,GOOD,0,ZERO_DEP_PREMIUM,500.0,640.78,1,4164.47
2,SEDAN,PETROL,PERSONAL,26305.86,41,6177,GOOD,0,ZERO_DEP_PREMIUM,2000.0,920.71,0,0.0
14,TRUCK,DIESEL,PERSONAL,8849.83,20,7604,FAIR,0,COMPREHENSIVE,500.0,315.28,0,0.0
10,SEDAN,PETROL,PERSONAL,7566.67,23,11134,EXCELLENT,1,ZERO_DEP_PREMIUM,2000.0,331.04,1,450.05
4,SUV,CNG,PERSONAL,19926.95,50,4847,FAIR,0,THIRD_PARTY,250.0,250.0,0,0.0
6,HATCHBACK,ELECTRIC,PERSONAL,7297.94,70,9000,FAIR,0,ZERO_DEP_PREMIUM,250.0,293.74,1,502.32
1,SUV,PETROL,PERSONAL,32578.82,51,3000,GOOD,0,COMPREHENSIVE,1000.0,928.5,0,0.0
12,SEDAN,PETROL,PERSONAL,6792.87,50,12409,EXCELLENT,0,ZERO_DEP_PREMIUM,1000.0,250.0,0,0.0
14,COMMERCIAL_VAN,DIESEL,COMMERCIAL,13173.28,46,19891,GOOD,0,THIRD_PARTY,500.0,250.0,0,0.0
13,SUV,PETROL,PERSONAL,11670.04,40,12644,FAIR,0,COMPREHENSIVE,500.0,332.6,0,0.0
6,SUV,PETROL,PERSONAL,19580.25,75,12656,GOOD,1,COMPREHENSIVE,1000.0,641.74,0,0.0
5,SEDAN,DIESEL,PERSONAL,12148.12,21,10882,FAIR,1,COMPREHENSIVE,1000.0,432.78,1,7039.81
13,SUV,PETROL,COMMERCIAL,11765.66,22,16895,GOOD,0,THIRD_PARTY,500.0,250.0,0,0.0
6,SUV,PETROL,PERSONAL,15977.93,51,12266,POOR,2,COMPREHENSIVE,500.0,455.37,0,0.0
6,SEDAN,ELECTRIC,PERSONAL,18016.57,33,7553,FAIR,0,THIRD_PARTY,500.0,250.0,0,0.0
8,SEDAN,HYBRID,PERSONAL,15429.08,57,13263,EXCELLENT,1,COMPREHENSIVE,1000.0,439.73,0,0.0
6,HATCHBACK,ELECTRIC,PERSONAL,9819.9,64,19486,GOOD,1,THIRD_PARTY,2000.0,250.0,0,0.0
13,SEDAN,ELECTRIC,COMMERCIAL,6139.84,60,6076,EXCELLENT,0,COMPREHENSIVE,500.0,250.0,0,0.0
11,SEDAN,PETROL,PERSONAL,11524.39,78,8265,EXCELLENT,0,THIRD_PARTY,1000.0,250.0,0,0.0
12,SUV,PETROL,PERSONAL,10627.91,59,12030,FAIR,0,COMPREHENSIVE,2000.0,302.9,0,0.0
5,HATCHBACK,PETROL,PERSONAL,8545.32,20,10922,POOR,1,ZERO_DEP_PREMIUM,500.0,373.86,0,0.0
9,SEDAN,ELECTRIC,PERSONAL,11453.17,72,14389,POOR,0,ZERO_DEP_PREMIUM,1000.0,460.99,0,0.0
7,SUV,HYBRID,PERSONAL,25037.43,60,8076,EXCELLENT,0,THIRD_PARTY,500.0,312.97,1,2338.05
6,SEDAN,ELECTRIC,PERSONAL,13408.64,66,10116,EXCELLENT,0,THIRD_PARTY,2000.0,250.0,0,0.0
5,SEDAN,HYBRID,PERSONAL,21642.39,59,12735,GOOD,1,THIRD_PARTY,250.0,270.53,1,3274.09
3,SEDAN,DIESEL,COMMERCIAL,14450.85,66,12890,EXCELLENT,1,ZERO_DEP_PREMIUM,500.0,682.8,0,0.0
15,HATCHBACK,PETROL,COMMERCIAL,4500.0,31,24215,GOOD,0,THIRD_PARTY,500.0,250.0,0,0.0
6,SEDAN,PETROL,PERSONAL,17555.0,72,16024,FAIR,1,COMPREHENSIVE,250.0,575.37,0,0.0
11,SEDAN,PETROL,PERSONAL,7678.74,50,5567,FAIR,0,THIRD_PARTY,2000.0,250.0,0,0.0
7,SUV,PETROL,PERSONAL,17145.53,45,7930,FAIR,0,ZERO_DEP_PREMIUM,1000.0,600.09,0,0.0
7,HATCHBACK,DIESEL,PERSONAL,6577.01,74,6372,GOOD,0,ZERO_DEP_PREMIUM,1000.0,264.72,0,0.0
11,SEDAN,PETROL,PERSONAL,8592.35,58,19762,GOOD,0,ZERO_DEP_PREMIUM,1000.0,300.73,0,0.0
11,SUV,DIESEL,RIDESHARE,11434.62,73,7688,FAIR,0,ZERO_DEP_PREMIUM,250.0,690.37,1,1518.7
3,SEDAN,DIESEL,PERSONAL,23813.86,73,15143,EXCELLENT,1,COMPREHENSIVE,500.0,780.5,0,0.0
9,SUV,PETROL,RIDESHARE,18354.33,32,14692,FAIR,0,COMPREHENSIVE,1000.0,784.65,0,0.0
8,SUV,DIESEL,PERSONAL,23166.6,21,5904,EXCELLENT,0,COMPREHENSIVE,1000.0,825.31,0,0.0
2,SUV,DIESEL,PERSONAL,35985.44,37,10615,FAIR,1,THIRD_PARTY,1000.0,449.82,0,0.0
8,SEDAN,PETROL,PERSONAL,14505.26,70,11310,FAIR,0,THIRD_PARTY,1000.0,250.0,0,0.0
2,SEDAN,ELECTRIC,PERSONAL,25534.06,42,5385,GOOD,0,COMPREHENSIVE,1000.0,727.72,0,0.0
12,SEDAN,DIESEL,PERSONAL,11051.24,52,20532,FAIR,0,COMPREHENSIVE,500.0,314.96,1,1613.91
6,SEDAN,DIESEL,COMMERCIAL,13396.89,69,13266,EXCELLENT,0,COMPREHENSIVE,1000.0,592.76,0,0.0
3,SEDAN,HYBRID,COMMERCIAL,17830.75,75,19669,GOOD,0,ZERO_DEP_PREMIUM,500.0,968.88,0,0.0
4,HATCHBACK,HYBRID,PERSONAL,13373.21,70,22436,FAIR,0,COMPREHENSIVE,1000.0,438.31,0,0.0
12,COMMERCIAL_VAN,HYBRID,PERSONAL,10539.65,56,13218,FAIR,1,ZERO_DEP_PREMIUM,500.0,368.89,0,0.0
14,COMMERCIAL_VAN,PETROL,RIDESHARE,13581.68,70,14181,POOR,1,COMPREHENSIVE,250.0,667.71,0,0.0
2,TRUCK,PETROL,COMMERCIAL,39145.34,74,8954,EXCELLENT,2,COMPREHENSIVE,250.0,1732.03,0,0.0
1,SUV,PETROL,PERSONAL,29814.46,39,18501,GOOD,0,THIRD_PARTY,1000.0,372.68,0,0.0
11,HATCHBACK,PETROL,PERSONAL,7049.21,52,12284,FAIR,0,THIRD_PARTY,500.0,250.0,0,0.0
7,SEDAN,HYBRID,PERSONAL,12342.44,71,10594,GOOD,1,THIRD_PARTY,500.0,250.0,0,0.0
13,SUV,DIESEL,PERSONAL,14518.46,71,9045,FAIR,0,THIRD_PARTY,1000.0,250.0,0,0.0
6,SUV,PETROL,PERSONAL,28377.18,64,12829,GOOD,0,COMPREHENSIVE,500.0,808.75,0,0.0
15,SUV,PETROL,PERSONAL,10207.14,45,15296,FAIR,0,COMPREHENSIVE,500.0,290.9,0,0.0
6,HATCHBACK,PETROL,PERSONAL,7082.86,27,13416,FAIR,0,COMPREHENSIVE,500.0,250.0,0,0.0
7,SEDAN,DIESEL,PERSONAL,11880.54,33,14581,FAIR,0,COMPREHENSIVE,500.0,338.6,0,0.0
12,SEDAN,ELECTRIC,PERSONAL,8894.06,66,11529,FAIR,0,ZERO_DEP_PREMIUM,1000.0,311.29,0,0.0
0,TRUCK,HYBRID,RIDESHARE,57024.58,40,14771,EXCELLENT,0,THIRD_PARTY,500.0,1069.21,0,0.0
15,SEDAN,HYBRID,RIDESHARE,5240.46,36,14633,GOOD,1,ZERO_DEP_PREMIUM,2000.0,275.12,0,0.0
11,SUV,PETROL,PERSONAL,9862.42,18,17966,EXCELLENT,0,THIRD_PARTY,250.0,250.0,0,0.0
7,TRUCK,PETROL,PERSONAL,17101.64,18,16128,EXCELLENT,0,ZERO_DEP_PREMIUM,500.0,748.2,0,0.0
9,SUV,PETROL,PERSONAL,16250.88,70,13195,GOOD,2,COMPREHENSIVE,1000.0,532.62,0,0.0
11,SUV,PETROL,PERSONAL,16830.55,63,14366,POOR,1,ZERO_DEP_PREMIUM,1000.0,589.07,1,1945.41
13,SEDAN,HYBRID,PERSONAL,5567.07,75,7319,GOOD,2,THIRD_PARTY,500.0,250.0,0,0.0
13,SEDAN,DIESEL,PERSONAL,6474.81,43,18250,FAIR,0,ZERO_DEP_PREMIUM,1000.0,250.0,0,0.0
4,TRUCK,ELECTRIC,PERSONAL,35763.43,51,11377,POOR,0,ZERO_DEP_PREMIUM,1000.0,1251.72,0,0.0
7,SUV,DIESEL,PERSONAL,23777.08,19,11938,EXCELLENT,1,COMPREHENSIVE,500.0,847.06,0,0.0
8,SUV,PETROL,PERSONAL,21418.34,45,10347,EXCELLENT,0,COMPREHENSIVE,1000.0,610.42,1,3496.88
12,SEDAN,PETROL,COMMERCIAL,10476.66,37,8509,GOOD,0,THIRD_PARTY,500.0,250.0,1,889.65
1,SEDAN,DIESEL,PERSONAL,18711.74,59,8821,GOOD,0,COMPREHENSIVE,1000.0,533.28,0,0.0
2,COMMERCIAL_VAN,ELECTRIC,PERSONAL,30777.59,64,7650,EXCELLENT,0,COMPREHENSIVE,1000.0,877.16,0,0.0
5,SEDAN,PETROL,PERSONAL,22541.51,44,11422,FAIR,0,COMPREHENSIVE,500.0,642.43,0,0.0
8,SUV,ELECTRIC,PERSONAL,23569.04,45,16250,EXCELLENT,2,THIRD_PARTY,250.0,294.61,0,0.0
13,SEDAN,ELECTRIC,PERSONAL,8558.31,77,12397,EXCELLENT,0,COMPREHENSIVE,1000.0,280.5,0,0.0
9,SUV,PETROL,COMMERCIAL,18432.45,48,15485,GOOD,1,COMPREHENSIVE,500.0,709.19,0,0.0
9,TRUCK,ELECTRIC,PERSONAL,25718.38,64,14665,GOOD,0,COMPREHENSIVE,250.0,732.97,0,0.0
7,SUV,PETROL,COMMERCIAL,18881.51,24,10481,FAIR,1,THIRD_PARTY,500.0,398.28,1,2421.55
13,SEDAN,DIESEL,PERSONAL,6071.82,25,18071,POOR,0,COMPREHENSIVE,500.0,250.0,0,0.0
12,SUV,ELECTRIC,PERSONAL,13562.52,49,16996,FAIR,3,THIRD_PARTY,1000.0,250.0,0,0.0
5,HATCHBACK,CNG,PERSONAL,13699.47,28,16195,EXCELLENT,0,COMPREHENSIVE,500.0,390.43,1,517.05
15,SUV,PETROL,PERSONAL,10393.36,65,14371,GOOD,0,COMPREHENSIVE,1000.0,296.21,0,0.0
4,TRUCK,PETROL,PERSONAL,38088.1,43,10971,GOOD,0,COMPREHENSIVE,500.0,1085.51,0,0.0
13,SUV,PETROL,RIDESHARE,10521.24,72,10960,EXCELLENT,3,COMPREHENSIVE,1000.0,517.25,0,0.0
12,TRUCK,PETROL,PERSONAL,10890.34,42,12365,GOOD,1,ZERO_DEP_PREMIUM,1000.0,381.16,0,0.0
15,SUV,DIESEL,PERSONAL,7158.01,24,18700,GOOD,0,ZERO_DEP_PREMIUM,500.0,313.16,1,989.72
2,SEDAN,HYBRID,COMMERCIAL,29881.42,37,17529,GOOD,0,ZERO_DEP_PREMIUM,250.0,1411.9,0,0.0
11,SEDAN,PETROL,PERSONAL,9630.31,58,6008,EXCELLENT,1,THIRD_PARTY,500.0,250.0,0,0.0
3,SEDAN,PETROL,PERSONAL,13879.85,74,13668,POOR,1,COMPREHENSIVE,500.0,454.91,0,0.0
12,TRUCK,PETROL,PERSONAL,19421.19,68,3000,FAIR,0,COMPREHENSIVE,2000.0,553.5,0,0.0
12,HATCHBACK,DIESEL,PERSONAL,5409.57,75,10513,GOOD,3,ZERO_DEP_PREMIUM,2000.0,250.0,0,0.0
6,SUV,PETROL,PERSONAL,26277.56,47,9452,POOR,2,THIRD_PARTY,500.0,328.47,0,0.0
6,SEDAN,PETROL,PERSONAL,16003.66,73,15002,POOR,1,ZERO_DEP_PREMIUM,250.0,644.15,0,0.0
2,SEDAN,ELECTRIC,PERSONAL,16604.22,18,7603,FAIR,0,COMPREHENSIVE,500.0,591.53,0,0.0
15,HATCHBACK,PETROL,PERSONAL,4500.0,35,5622,GOOD,1,ZERO_DEP_PREMIUM,1000.0,250.0,0,0.0
3,SUV,DIESEL,PERSONAL,37930.61,25,10255,GOOD,1,THIRD_PARTY,500.0,474.13,0,0.0
2,SEDAN,ELECTRIC,PERSONAL,15594.97,46,12464,GOOD,0,COMPREHENSIVE,1000.0,444.46,0,0.0
14,SUV,PETROL,PERSONAL,12394.28,57,4675,GOOD,0,COMPREHENSIVE,500.0,353.24,0,0.0
14,SEDAN,DIESEL,RIDESHARE,6004.64,39,17620,POOR,0,COMPREHENSIVE,1000.0,256.7,1,1138.62
1,SEDAN,DIESEL,PERSONAL,23085.21,49,11594,FAIR,0,COMPREHENSIVE,1000.0,657.93,0,0.0
5,SUV,DIESEL,COMMERCIAL,21586.69,57,12613,GOOD,1,ZERO_DEP_PREMIUM,1000.0,1019.97,0,0.0
6,SEDAN,PETROL,PERSONAL,19624.49,31,17461,GOOD,0,ZERO_DEP_PREMIUM,1000.0,686.86,0,0.0
3,COMMERCIAL_VAN,PETROL,PERSONAL,30157.41,73,9202,GOOD,2,THIRD_PARTY,500.0,433.51,0,0.0
4,SEDAN,ELECTRIC,PERSONAL,18061.67,19,19165,FAIR,0,COMPREHENSIVE,1000.0,643.45,0,0.0
7,SEDAN,ELECTRIC,COMMERCIAL,17098.62,52,12524,EXCELLENT,0,COMPREHENSIVE,500.0,657.87,0,0.0
8,SEDAN,PETROL,PERSONAL,8977.17,24,16063,FAIR,1,ZERO_DEP_PREMIUM,1000.0,392.75,0,0.0
6,HATCHBACK,PETROL,COMMERCIAL,6910.01,20,14497,GOOD,0,COMPREHENSIVE,2000.0,332.33,0,0.0
9,SUV,PETROL,RIDESHARE,11017.72,78,15591,EXCELLENT,0,COMPREHENSIVE,1000.0,541.66,0,0.0
13,SUV,PETROL,PERSONAL,12482.65,32,12842,FAIR,0,COMPREHENSIVE,500.0,355.76,0,0.0
0,SEDAN,DIESEL,PERSONAL,27766.21,60,10393,GOOD,0,COMPREHENSIVE,2000.0,791.34,0,0.0
10,SEDAN,PETROL,PERSONAL,13296.07,51,21224,FAIR,1,THIRD_PARTY,1000.0,250.0,0,0.0
13,SUV,PETROL,PERSONAL,11081.66,39,12409,EXCELLENT,2,COMPREHENSIVE,250.0,315.83,0,0.0
2,HATCHBACK,ELECTRIC,PERSONAL,11332.03,35,7560,POOR,0,ZERO_DEP_PREMIUM,1000.0,396.62,0,0.0
10,TRUCK,PETROL,COMMERCIAL,21650.97,63,19109,FAIR,0,THIRD_PARTY,1000.0,365.36,0,0.0
4,SEDAN,ELECTRIC,PERSONAL,16153.99,35,11101,GOOD,1,COMPREHENSIVE,250.0,460.39,0,0.0
2,SUV,ELECTRIC,PERSONAL,40394.21,76,4745,FAIR,0,ZERO_DEP_PREMIUM,1000.0,1625.87,0,0.0
14,TRUCK,PETROL,PERSONAL,10284.6,51,8790,EXCELLENT,0,THIRD_PARTY,2000.0,250.0,0,0.0
0,SUV,ELECTRIC,RIDESHARE,29426.56,53,3688,GOOD,1,THIRD_PARTY,500.0,551.75,0,0.0
1,HATCHBACK,ELECTRIC,PERSONAL,15219.96,63,8997,EXCELLENT,0,COMPREHENSIVE,1000.0,433.77,0,0.0
7,SEDAN,PETROL,RIDESHARE,9880.15,56,20411,GOOD,1,ZERO_DEP_PREMIUM,500.0,518.71,0,0.0
6,TRUCK,PETROL,RIDESHARE,18127.23,64,14565,POOR,0,COMPREHENSIVE,1000.0,774.94,0,0.0
12,HATCHBACK,DIESEL,PERSONAL,5403.19,55,12478,EXCELLENT,1,COMPREHENSIVE,1000.0,250.0,0,0.0
9,TRUCK,HYBRID,PERSONAL,16015.4,54,9901,GOOD,1,THIRD_PARTY,500.0,250.0,0,0.0
2,SUV,DIESEL,PERSONAL,21063.29,69,11878,EXCELLENT,0,ZERO_DEP_PREMIUM,250.0,847.8,0,0.0
3,SEDAN,PETROL,PERSONAL,17775.41,35,17516,GOOD,1,COMPREHENSIVE,2000.0,506.6,1,5218.39
13,TRUCK,DIESEL,PERSONAL,13352.95,60,4275,EXCELLENT,0,COMPREHENSIVE,500.0,380.56,1,4472.53
12,SEDAN,PETROL,PERSONAL,8183.16,57,25727,GOOD,1,COMPREHENSIVE,1000.0,250.0,1,942.57
2,SEDAN,DIESEL,PERSONAL,17113.14,46,8528,GOOD,0,COMPREHENSIVE,500.0,487.72,0,0.0
12,HATCHBACK,ELECTRIC,PERSONAL,5705.35,29,11377,EXCELLENT,1,COMPREHENSIVE,1000.0,250.0,0,0.0
3,HATCHBACK,DIESEL,PERSONAL,14435.2,35,11780,POOR,0,COMPREHENSIVE,500.0,411.4,0,0.0
7,TRUCK,ELECTRIC,PERSONAL,26668.28,48,11662,POOR,0,ZERO_DEP_PREMIUM,500.0,933.39,0,0.0
8,SEDAN,ELECTRIC,PERSONAL,11928.65,32,9476,FAIR,0,THIRD_PARTY,500.0,250.0,0,0.0
6,HATCHBACK,DIESEL,COMMERCIAL,7235.27,76,16436,EXCELLENT,0,COMPREHENSIVE,250.0,320.13,0,0.0
8,HATCHBACK,PETROL,PERSONAL,7897.54,57,17633,EXCELLENT,0,COMPREHENSIVE,500.0,250.0,0,0.0
13,SEDAN,ELECTRIC,PERSONAL,10096.49,75,16798,GOOD,0,THIRD_PARTY,500.0,250.0,0,0.0
8,SUV,HYBRID,COMMERCIAL,17404.9,47,12900,POOR,0,ZERO_DEP_PREMIUM,250.0,822.38,1,4702.31
15,SEDAN,PETROL,RIDESHARE,5288.2,53,9847,GOOD,0,THIRD_PARTY,500.0,250.0,0,0.0
6,SEDAN,DIESEL,PERSONAL,11296.95,45,11664,GOOD,0,THIRD_PARTY,500.0,250.0,0,0.0
6,COMMERCIAL_VAN,PETROL,PERSONAL,29363.64,70,12110,FAIR,1,THIRD_PARTY,1000.0,422.1,0,0.0
7,SUV,ELECTRIC,PERSONAL,22698.13,32,8088,EXCELLENT,1,THIRD_PARTY,500.0,283.73,0,0.0
11,HATCHBACK,ELECTRIC,PERSONAL,5211.07,60,13301,FAIR,3,THIRD_PARTY,2000.0,250.0,1,349.2
9,COMMERCIAL_VAN,PETROL,COMMERCIAL,14744.91,50,20597,POOR,2,COMPREHENSIVE,500.0,567.31,0,0.0
15,SEDAN,HYBRID,PERSONAL,8382.08,19,11736,POOR,0,COMPREHENSIVE,500.0,298.61,0,0.0
11,HATCHBACK,PETROL,COMMERCIAL,4673.68,76,14749,EXCELLENT,0,THIRD_PARTY,500.0,250.0,0,0.0
11,SUV,ELECTRIC,PERSONAL,13708.02,25,9543,GOOD,0,ZERO_DEP_PREMIUM,500.0,479.78,1,1431.49
2,TRUCK,DIESEL,PERSONAL,43703.75,65,16485,GOOD,0,COMPREHENSIVE,1000.0,1245.56,0,0.0
7,SEDAN,PETROL,PERSONAL,13133.12,50,9539,EXCELLENT,0,COMPREHENSIVE,500.0,374.29,0,0.0
0,TRUCK,PETROL,PERSONAL,32028.99,52,10640,GOOD,0,THIRD_PARTY,500.0,400.36,0,0.0
12,SEDAN,PETROL,PERSONAL,7205.78,35,14828,GOOD,0,COMPREHENSIVE,250.0,250.0,0,0.0
14,SEDAN,DIESEL,PERSONAL,9243.1,43,8041,GOOD,1,THIRD_PARTY,2000.0,250.0,0,0.0
5,HATCHBACK,DIESEL,PERSONAL,10645.32,65,14446,GOOD,0,THIRD_PARTY,1000.0,250.0,0,0.0
1,SUV,PETROL,COMMERCIAL,41631.7,38,17230,EXCELLENT,0,COMPREHENSIVE,500.0,1601.78,0,0.0
6,SUV,PETROL,PERSONAL,22262.33,45,13233,POOR,0,COMPREHENSIVE,500.0,634.48,0,0.0
12,SUV,PETROL,COMMERCIAL,15794.45,37,16409,FAIR,0,THIRD_PARTY,500.0,266.53,1,7367.78
2,HATCHBACK,ELECTRIC,PERSONAL,17706.68,69,6687,FAIR,0,COMPREHENSIVE,250.0,580.34,1,3017.76
15,SEDAN,ELECTRIC,COMMERCIAL,6558.44,62,14516,EXCELLENT,0,THIRD_PARTY,500.0,250.0,0,0.0
10,SEDAN,PETROL,RIDESHARE,9343.1,37,10447,GOOD,1,THIRD_PARTY,250.0,250.0,0,0.0
9,SEDAN,DIESEL,PERSONAL,12474.31,76,14233,EXCELLENT,0,COMPREHENSIVE,500.0,408.85,0,0.0
4,SUV,PETROL,COMMERCIAL,28943.55,21,19617,GOOD,0,COMPREHENSIVE,250.0,1392.0,0,0.0
9,SEDAN,HYBRID,PERSONAL,11669.67,53,3000,GOOD,1,ZERO_DEP_PREMIUM,1000.0,408.44,0,0.0
1,SEDAN,HYBRID,COMMERCIAL,30180.65,71,9706,FAIR,0,COMPREHENSIVE,250.0,1335.38,0,0.0
0,SUV,DIESEL,PERSONAL,29819.88,51,3000,EXCELLENT,0,COMPREHENSIVE,1000.0,849.87,0,0.0
15,SEDAN,HYBRID,PERSONAL,5901.77,62,6960,EXCELLENT,0,THIRD_PARTY,1000.0,250.0,0,0.0
4,SUV,ELECTRIC,PERSONAL,29142.08,30,10361,POOR,1,ZERO_DEP_PREMIUM,1000.0,1019.97,1,5145.33
8,TRUCK,ELECTRIC,PERSONAL,18056.69,48,16369,POOR,3,THIRD_PARTY,500.0,250.0,0,0.0
14,SEDAN,DIESEL,PERSONAL,6997.88,69,16135,GOOD,0,COMPREHENSIVE,250.0,250.0,0,0.0
8,SUV,PETROL,RIDESHARE,23270.96,56,16005,EXCELLENT,0,ZERO_DEP_PREMIUM,250.0,1221.73,0,0.0
6,SUV,PETROL,COMMERCIAL,23266.78,24,15020,GOOD,0,ZERO_DEP_PREMIUM,500.0,1374.19,1,3080.34
13,SUV,PETROL,PERSONAL,14413.29,34,6465,GOOD,0,COMPREHENSIVE,1000.0,410.78,0,0.0
8,HATCHBACK,DIESEL,COMMERCIAL,9071.8,59,16109,FAIR,0,COMPREHENSIVE,1000.0,349.04,0,0.0
3,SUV,PETROL,COMMERCIAL,32751.4,29,9449,FAIR,0,COMPREHENSIVE,250.0,1260.11,0,0.0
2,SUV,PETROL,PERSONAL,33219.07,74,14515,EXCELLENT,0,THIRD_PARTY,1000.0,477.52,0,0.0
10,SEDAN,DIESEL,PERSONAL,8095.26,72,8368,FAIR,1,ZERO_DEP_PREMIUM,1000.0,325.83,0,0.0
3,SUV,PETROL,PERSONAL,28859.36,76,11687,EXCELLENT,0,COMPREHENSIVE,500.0,945.87,0,0.0
14,SUV,DIESEL,COMMERCIAL,8429.76,71,12195,EXCELLENT,0,COMPREHENSIVE,1000.0,372.99,0,0.0
6,SEDAN,HYBRID,COMMERCIAL,20656.72,47,14054,GOOD,2,COMPREHENSIVE,1000.0,794.77,1,11462.25
7,SEDAN,ELECTRIC,PERSONAL,11915.84,65,8722,EXCELLENT,0,THIRD_PARTY,500.0,250.0,0,0.0
1,COMMERCIAL_VAN,DIESEL,PERSONAL,29789.98,51,15477,FAIR,0,ZERO_DEP_PREMIUM,1000.0,1042.65,0,0.0
4,SUV,DIESEL,COMMERCIAL,28062.15,39,6590,GOOD,1,COMPREHENSIVE,500.0,1079.69,0,0.0
4,SUV,DIESEL,RIDESHARE,26110.54,38,20152,GOOD,1,ZERO_DEP_PREMIUM,250.0,1370.8,0,0.0
12,TRUCK,PETROL,COMMERCIAL,10144.33,26,9117,GOOD,0,ZERO_DEP_PREMIUM,1000.0,479.32,0,0.0
8,HATCHBACK,HYBRID,PERSONAL,5949.06,29,3691,POOR,1,ZERO_DEP_PREMIUM,1000.0,250.0,1,1293.95
12,SUV,PETROL,PERSONAL,14717.23,34,12175,POOR,0,THIRD_PARTY,500.0,250.0,0,0.0
12,HATCHBACK,PETROL,PERSONAL,5358.69,33,10646,FAIR,0,ZERO_DEP_PREMIUM,500.0,250.0,0,0.0
14,TRUCK,ELECTRIC,PERSONAL,9425.85,22,8368,GOOD,0,COMPREHENSIVE,500.0,335.8,1,3998.13
12,SUV,PETROL,COMMERCIAL,11907.12,36,18555,EXCELLENT,0,THIRD_PARTY,500.0,250.0,0,0.0
2,SUV,PETROL,PERSONAL,26150.87,74,15896,GOOD,1,THIRD_PARTY,250.0,375.92,0,0.0
11,SUV,PETROL,COMMERCIAL,10926.78,45,14579,GOOD,0,COMPREHENSIVE,1000.0,420.41,0,0.0
5,COMMERCIAL_VAN,PETROL,PERSONAL,32496.78,34,8200,EXCELLENT,0,THIRD_PARTY,1000.0,406.21,0,0.0
14,SUV,PETROL,COMMERCIAL,9165.69,39,10115,EXCELLENT,0,THIRD_PARTY,1000.0,250.0,0,0.0
9,SEDAN,PETROL,PERSONAL,8149.94,52,9750,GOOD,0,ZERO_DEP_PREMIUM,250.0,285.25,0,0.0
11,TRUCK,DIESEL,PERSONAL,21505.24,66,4279,GOOD,0,ZERO_DEP_PREMIUM,2000.0,752.68,0,0.0
4,SUV,ELECTRIC,PERSONAL,31016.43,76,13721,GOOD,0,COMPREHENSIVE,2000.0,1016.56,0,0.0
1,SEDAN,PETROL,PERSONAL,20775.59,32,14050,FAIR,0,THIRD_PARTY,1000.0,259.69,0,0.0
1,SUV,HYBRID,RIDESHARE,32308.71,36,13049,GOOD,0,THIRD_PARTY,500.0,605.79,0,0.0
3,SUV,PETROL,PERSONAL,35364.86,64,13523,GOOD,1,COMPREHENSIVE,500.0,1007.9,0,0.0
11,TRUCK,PETROL,PERSONAL,14815.56,67,7402,GOOD,0,COMPREHENSIVE,1000.0,422.24,0,0.0
3,SEDAN,PETROL,COMMERCIAL,21496.93,43,8474,POOR,0,ZERO_DEP_PREMIUM,500.0,1015.73,0,0.0
14,HATCHBACK,DIESEL,COMMERCIAL,4590.56,61,11076,EXCELLENT,0,ZERO_DEP_PREMIUM,250.0,250.0,0,0.0
6,SUV,PETROL,PERSONAL,20052.95,77,18729,GOOD,0,ZERO_DEP_PREMIUM,1000.0,807.13,1,1987.82
13,SEDAN,DIESEL,RIDESHARE,8756.32,61,17731,GOOD,0,THIRD_PARTY,500.0,250.0,1,665.04
11,COMMERCIAL_VAN,ELECTRIC,PERSONAL,13887.54,73,14826,EXCELLENT,0,THIRD_PARTY,2000.0,250.0,0,0.0
13,SUV,DIESEL,PERSONAL,7552.01,52,21566,GOOD,0,THIRD_PARTY,1000.0,250.0,0,0.0
0,SEDAN,DIESEL,PERSONAL,33021.77,60,14793,GOOD,0,THIRD_PARTY,1000.0,412.77,0,0.0
15,SUV,HYBRID,PERSONAL,6816.75,40,15361,GOOD,0,ZERO_DEP_PREMIUM,1000.0,250.0,0,0.0
10,TRUCK,PETROL,PERSONAL,17560.32,27,19159,EXCELLENT,0,ZERO_DEP_PREMIUM,250.0,614.61,0,0.0
15,SEDAN,PETROL,PERSONAL,6987.5,39,15630,GOOD,0,COMPREHENSIVE,1000.0,250.0,0,0.0
5,SEDAN,ELECTRIC,PERSONAL,19370.09,64,19918,EXCELLENT,0,ZERO_DEP_PREMIUM,1000.0,677.95,1,1700.58
10,SEDAN,DIESEL,COMMERCIAL,9998.84,72,12628,GOOD,0,THIRD_PARTY,500.0,250.0,0,0.0
12,SEDAN,PETROL,PERSONAL,10186.03,28,9618,GOOD,0,COMPREHENSIVE,500.0,290.3,0,0.0
8,HATCHBACK,PETROL,RIDESHARE,5958.63,72,12070,FAIR,0,COMPREHENSIVE,1000.0,292.94,0,0.0
1,SUV,DIESEL,COMMERCIAL,37916.81,43,13569,EXCELLENT,0,COMPREHENSIVE,500.0,1458.85,0,0.0
11,SEDAN,PETROL,PERSONAL,11778.99,18,8428,GOOD,0,ZERO_DEP_PREMIUM,500.0,515.33,1,2744.34
4,SEDAN,PETROL,PERSONAL,23581.48,69,9294,GOOD,0,THIRD_PARTY,500.0,338.98,0,0.0
9,SEDAN,HYBRID,PERSONAL,12302.17,53,10596,GOOD,1,COMPREHENSIVE,2000.0,350.61,0,0.0
14,TRUCK,ELECTRIC,COMMERCIAL,10798.42,70,7557,FAIR,0,COMPREHENSIVE,500.0,477.79,0,0.0
10,SEDAN,DIESEL,PERSONAL,8245.14,75,9853,FAIR,0,COMPREHENSIVE,1000.0,270.23,0,0.0
9,COMMERCIAL_VAN,DIESEL,PERSONAL,15316.4,38,15807,FAIR,0,ZERO_DEP_PREMIUM,500.0,536.07,0,0.0
15,SUV,HYBRID,RIDESHARE,9430.5,25,16073,EXCELLENT,0,ZERO_DEP_PREMIUM,500.0,495.1,0,0.0
3,SEDAN,PETROL,PERSONAL,16407.66,37,6188,POOR,0,THIRD_PARTY,500.0,250.0,0,0.0
3,TRUCK,PETROL,PERSONAL,45317.85,62,13890,GOOD,0,COMPREHENSIVE,1000.0,1291.56,0,0.0
7,SUV,DIESEL,PERSONAL,24705.21,34,12188,EXCELLENT,0,COMPREHENSIVE,1000.0,704.1,0,0.0
13,HATCHBACK,ELECTRIC,COMMERCIAL,4500.0,32,17229,GOOD,0,COMPREHENSIVE,1000.0,250.0,1,2138.6
5,COMMERCIAL_VAN,PETROL,COMMERCIAL,25927.4,38,11288,GOOD,1,COMPREHENSIVE,250.0,997.56,0,0.0
6,SEDAN,CNG,PERSONAL,18492.9,18,6922,EXCELLENT,0,THIRD_PARTY,2000.0,288.95,0,0.0
10,SEDAN,DIESEL,PERSONAL,8826.56,77,10310,POOR,2,ZERO_DEP_PREMIUM,250.0,355.27,1,2238.06
11,HATCHBACK,PETROL,COMMERCIAL,6048.24,20,7112,GOOD,0,COMPREHENSIVE,1000.0,290.88,0,0.0
8,SEDAN,PETROL,COMMERCIAL,12033.32,48,3000,GOOD,0,THIRD_PARTY,500.0,250.0,0,0.0
12,SEDAN,PETROL,COMMERCIAL,7022.59,73,12260,GOOD,1,COMPREHENSIVE,1000.0,310.72,1,1946.63
2,SEDAN,ELECTRIC,PERSONAL,24336.39,75,14836,EXCELLENT,1,COMPREHENSIVE,1000.0,797.63,0,0.0
10,SEDAN,CNG,RIDESHARE,14130.04,48,13341,POOR,0,ZERO_DEP_PREMIUM,1000.0,741.83,1,2392.17
1,HATCHBACK,PETROL,PERSONAL,13915.01,38,6717,FAIR,0,COMPREHENSIVE,500.0,396.58,1,856.15
2,SEDAN,CNG,PERSONAL,23396.56,40,6413,GOOD,0,COMPREHENSIVE,1000.0,666.8,0,0.0
14,SUV,ELECTRIC,PERSONAL,8935.74,34,13481,GOOD,0,ZERO_DEP_PREMIUM,1000.0,312.75,1,5524.72
7,SUV,DIESEL,PERSONAL,24442.33,39,20142,FAIR,0,COMPREHENSIVE,1000.0,696.61,0,0.0
12,SUV,DIESEL,COMMERCIAL,15152.47,77,18327,GOOD,0,ZERO_DEP_PREMIUM,2000.0,823.35,0,0.0
8,SEDAN,PETROL,PERSONAL,10088.65,73,11178,EXCELLENT,0,COMPREHENSIVE,1000.0,330.66,0,0.0
9,HATCHBACK,DIESEL,COMMERCIAL,9106.1,39,13451,GOOD,0,THIRD_PARTY,1000.0,250.0,1,2174.62
4,SEDAN,PETROL,PERSONAL,14371.57,53,16609,GOOD,0,COMPREHENSIVE,1000.0,409.59,0,0.0
15,HATCHBACK,DIESEL,PERSONAL,4500.0,76,11852,POOR,0,COMPREHENSIVE,500.0,250.0,0,0.0
7,TRUCK,PETROL,PERSONAL,26308.5,25,6452,FAIR,0,COMPREHENSIVE,1000.0,749.79,0,0.0
13,SUV,ELECTRIC,PERSONAL,10248.77,64,3000,GOOD,0,COMPREHENSIVE,1000.0,292.09,0,0.0
10,SUV,ELECTRIC,PERSONAL,15021.6,25,13318,EXCELLENT,0,COMPREHENSIVE,1000.0,428.12,0,0.0
6,SUV,PETROL,PERSONAL,23648.79,31,11605,GOOD,0,THIRD_PARTY,2000.0,295.61,0,0.0
11,SUV,PETROL,PERSONAL,9401.93,55,4823,GOOD,0,COMPREHENSIVE,500.0,267.96,0,0.0
13,TRUCK,DIESEL,PERSONAL,11686.15,41,6078,EXCELLENT,0,ZERO_DEP_PREMIUM,500.0,409.02,0,0.0
11,TRUCK,DIESEL,COMMERCIAL,15945.14,77,11318,GOOD,1,THIRD_PARTY,250.0,309.44,0,0.0
12,SEDAN,PETROL,PERSONAL,7433.67,39,10041,FAIR,1,COMPREHENSIVE,500.0,250.0,0,0.0
8,SUV,DIESEL,PERSONAL,12430.69,32,18944,EXCELLENT,0,THIRD_PARTY,250.0,250.0,0,0.0
3,TRUCK,PETROL,PERSONAL,25221.75,37,18884,FAIR,0,THIRD_PARTY,1000.0,315.27,0,0.0
14,COMMERCIAL_VAN,PETROL,RIDESHARE,12798.38,44,8675,EXCELLENT,1,COMPREHENSIVE,1000.0,547.13,1,2769.23
12,SUV,PETROL,PERSONAL,15532.66,45,19270,EXCELLENT,0,COMPREHENSIVE,1000.0,442.68,0,0.0
9,SUV,PETROL,PERSONAL,12425.49,39,19776,EXCELLENT,0,COMPREHENSIVE,500.0,354.13,1,3435.92
2,SEDAN,ELECTRIC,COMMERCIAL,18828.15,48,13818,GOOD,1,COMPREHENSIVE,500.0,724.41,1,850.85
8,COMMERCIAL_VAN,CNG,PERSONAL,20667.52,26,8310,POOR,0,COMPREHENSIVE,1000.0,589.02,0,0.0
7,SEDAN,PETROL,PERSONAL,18380.02,73,13036,FAIR,0,ZERO_DEP_PREMIUM,1000.0,739.8,1,1941.3
14,SUV,DIESEL,RIDESHARE,8745.53,40,3000,EXCELLENT,0,ZERO_DEP_PREMIUM,1000.0,459.14,0,0.0
6,SEDAN,PETROL,PERSONAL,19174.04,22,9854,EXCELLENT,0,THIRD_PARTY,1000.0,299.59,0,0.0
0,SEDAN,DIESEL,PERSONAL,27409.65,62,13698,GOOD,1,COMPREHENSIVE,500.0,781.18,0,0.0
1,SUV,PETROL,PERSONAL,44867.8,56,14234,EXCELLENT,0,COMPREHENSIVE,250.0,1278.73,0,0.0
8,COMMERCIAL_VAN,DIESEL,COMMERCIAL,14213.14,34,10498,FAIR,1,ZERO_DEP_PREMIUM,250.0,671.57,0,0.0
4,SEDAN,HYBRID,PERSONAL,24632.7,57,12815,EXCELLENT,0,THIRD_PARTY,500.0,307.91,0,0.0
0,SUV,PETROL,PERSONAL,36312.66,22,7914,GOOD,0,COMPREHENSIVE,500.0,1293.64,0,0.0
8,SEDAN,ELECTRIC,PERSONAL,16714.41,72,18834,GOOD,0,ZERO_DEP_PREMIUM,500.0,672.76,1,3874.81
0,SEDAN,PETROL,COMMERCIAL,26548.16,24,19015,FAIR,0,COMPREHENSIVE,500.0,1276.8,0,0.0
7,SUV,PETROL,PERSONAL,19925.31,25,15697,EXCELLENT,1,THIRD_PARTY,250.0,250.0,0,0.0
4,SUV,PETROL,PERSONAL,31188.12,24,11295,GOOD,0,COMPREHENSIVE,500.0,1111.08,0,0.0
13,SEDAN,PETROL,PERSONAL,9200.28,39,8793,GOOD,1,ZERO_DEP_PREMIUM,1000.0,322.01,0,0.0
10,SEDAN,PETROL,PERSONAL,11478.73,61,16306,GOOD,0,COMPREHENSIVE,2000.0,327.14,0,0.0
11,SEDAN,PETROL,COMMERCIAL,9138.83,55,13330,POOR,1,COMPREHENSIVE,500.0,351.62,1,1238.6
5,SEDAN,PETROL,PERSONAL,20357.41,70,7991,EXCELLENT,0,THIRD_PARTY,500.0,292.64,0,0.0
0,COMMERCIAL_VAN,PETROL,COMMERCIAL,51822.87,38,17263,EXCELLENT,1,COMPREHENSIVE,500.0,1993.88,1,7367.97
1,TRUCK,DIESEL,PERSONAL,28302.98,21,10486,GOOD,0,COMPREHENSIVE,500.0,1008.29,0,0.0
6,SEDAN,HYBRID,COMMERCIAL,16410.73,49,8613,EXCELLENT,1,THIRD_PARTY,500.0,276.93,0,0.0
1,SUV,PETROL,PERSONAL,42790.67,72,16759,GOOD,0,COMPREHENSIVE,250.0,1402.46,0,0.0
4,TRUCK,PETROL,PERSONAL,34915.54,46,8951,EXCELLENT,1,COMPREHENSIVE,2000.0,995.09,0,0.0
10,SEDAN,PETROL,RIDESHARE,12763.15,77,13065,FAIR,0,THIRD_PARTY,1000.0,275.21,0,0.0
8,HATCHBACK,HYBRID,RIDESHARE,9980.96,76,18274,GOOD,0,COMPREHENSIVE,500.0,490.69,0,0.0
4,TRUCK,DIESEL,PERSONAL,36981.99,47,17822,FAIR,2,COMPREHENSIVE,500.0,1053.99,0,0.0
11,SEDAN,DIESEL,PERSONAL,11073.92,20,14037,POOR,0,COMPREHENSIVE,1000.0,394.51,0,0.0
2,SEDAN,PETROL,PERSONAL,29611.51,22,7223,POOR,1,ZERO_DEP_PREMIUM,1000.0,1295.5,0,0.0
10,COMMERCIAL_VAN,PETROL,COMMERCIAL,19304.92,36,10261,GOOD,0,THIRD_PARTY,500.0,325.77,0,0.0
12,SUV,PETROL,PERSONAL,14752.45,25,23372,POOR,0,COMPREHENSIVE,500.0,420.44,0,0.0
5,SEDAN,HYBRID,PERSONAL,12338.7,54,16764,GOOD,0,COMPREHENSIVE,500.0,351.65,1,4538.61
6,SEDAN,HYBRID,PERSONAL,12805.65,48,11460,EXCELLENT,2,THIRD_PARTY,250.0,250.0,0,0.0
9,SUV,PETROL,RIDESHARE,16787.79,44,6832,FAIR,0,ZERO_DEP_PREMIUM,500.0,881.36,0,0.0
13,SUV,DIESEL,PERSONAL,12642.21,30,3950,GOOD,0,COMPREHENSIVE,500.0,360.3,0,0.0
10,HATCHBACK,PETROL,PERSONAL,5683.92,59,17968,EXCELLENT,1,COMPREHENSIVE,1000.0,250.0,0,0.0
9,COMMERCIAL_VAN,PETROL,PERSONAL,12445.28,23,18057,FAIR,1,COMPREHENSIVE,500.0,443.36,1,2026.51
10,SEDAN,HYBRID,PERSONAL,9292.25,18,12328,GOOD,1,COMPREHENSIVE,2000.0,331.04,0,0.0
7,SUV,DIESEL,PERSONAL,23063.01,47,10650,FAIR,0,COMPREHENSIVE,1000.0,657.3,1,18279.27
14,SUV,PETROL,RIDESHARE,12633.89,28,17604,FAIR,1,COMPREHENSIVE,1000.0,540.1,0,0.0
2,SUV,PETROL,COMMERCIAL,39918.7,69,5845,GOOD,0,COMPREHENSIVE,2000.0,1766.25,0,0.0
10,SEDAN,ELECTRIC,PERSONAL,9772.54,58,21492,EXCELLENT,0,COMPREHENSIVE,1000.0,278.52,0,0.0
3,COMMERCIAL_VAN,DIESEL,COMMERCIAL,27512.52,48,15820,FAIR,0,COMPREHENSIVE,500.0,1058.54,0,0.0
9,TRUCK,DIESEL,PERSONAL,18540.74,33,6861,GOOD,1,ZERO_DEP_PREMIUM,500.0,648.93,0,0.0
3,SUV,PETROL,PERSONAL,26126.61,32,16036,EXCELLENT,1,THIRD_PARTY,250.0,326.58,0,0.0
1,SUV,PETROL,RIDESHARE,38209.22,22,9424,EXCELLENT,0,ZERO_DEP_PREMIUM,500.0,2507.48,0,0.0
14,SEDAN,CNG,PERSONAL,6601.67,32,6488,EXCELLENT,2,THIRD_PARTY,500.0,250.0,1,962.37
6,SUV,DIESEL,PERSONAL,14601.43,18,16021,GOOD,0,COMPREHENSIVE,250.0,520.18,0,0.0
15,SUV,PETROL,RIDESHARE,8812.31,32,7529,EXCELLENT,0,COMPREHENSIVE,1000.0,376.73,0,0.0
11,SUV,DIESEL,PERSONAL,10931.79,53,6486,EXCELLENT,0,ZERO_DEP_PREMIUM,1000.0,382.61,0,0.0
3,COMMERCIAL_VAN,ELECTRIC,COMMERCIAL,20622.43,77,14681,GOOD,1,THIRD_PARTY,2000.0,400.2,0,0.0
3,SUV,PETROL,RIDESHARE,27931.29,65,12033,EXCELLENT,0,COMPREHENSIVE,500.0,1194.06,0,0.0
14,SEDAN,PETROL,PERSONAL,5861.14,71,17051,EXCELLENT,0,COMPREHENSIVE,500.0,250.0,0,0.0
14,HATCHBACK,DIESEL,PERSONAL,4500.0,56,11149,POOR,0,COMPREHENSIVE,500.0,250.0,0,0.0
12,SEDAN,DIESEL,PERSONAL,7499.18,72,10744,GOOD,0,THIRD_PARTY,500.0,250.0,0,0.0
11,SUV,ELECTRIC,PERSONAL,14321.27,25,3334,GOOD,0,COMPREHENSIVE,500.0,408.16,0,0.0
7,SEDAN,HYBRID,PERSONAL,18724.3,70,14760,FAIR,0,THIRD_PARTY,2000.0,269.16,0,0.0
5,SUV,PETROL,COMMERCIAL,24331.17,39,12419,EXCELLENT,1,THIRD_PARTY,500.0,410.59,0,0.0
5,HATCHBACK,PETROL,PERSONAL,11510.42,44,17847,GOOD,0,COMPREHENSIVE,250.0,328.05,0,0.0
10,SUV,CNG,PERSONAL,18834.4,76,15919,GOOD,1,COMPREHENSIVE,250.0,617.3,0,0.0
8,HATCHBACK,PETROL,PERSONAL,7236.62,51,13994,FAIR,1,ZERO_DEP_PREMIUM,1000.0,253.28,0,0.0
3,SUV,DIESEL,PERSONAL,22152.74,47,9211,GOOD,0,THIRD_PARTY,1000.0,276.91,0,0.0
8,SEDAN,DIESEL,COMMERCIAL,10978.94,29,10630,EXCELLENT,0,COMPREHENSIVE,1000.0,422.41,0,0.0
0,HATCHBACK,DIESEL,PERSONAL,15711.3,75,14971,GOOD,1,THIRD_PARTY,500.0,250.0,0,0.0
10,SEDAN,PETROL,COMMERCIAL,11658.85,77,12267,FAIR,0,COMPREHENSIVE,1000.0,515.86,0,0.0
8,SEDAN,ELECTRIC,PERSONAL,8597.86,19,18881,GOOD,3,COMPREHENSIVE,1000.0,306.3,1,2265.62
15,SUV,ELECTRIC,PERSONAL,11349.76,63,18415,FAIR,0,COMPREHENSIVE,500.0,323.47,0,0.0
14,SEDAN,DIESEL,PERSONAL,5229.99,68,11373,GOOD,0,COMPREHENSIVE,1000.0,250.0,0,0.0
0,SEDAN,DIESEL,PERSONAL,34591.92,69,12919,FAIR,0,COMPREHENSIVE,1000.0,1133.75,0,0.0
14,SUV,PETROL,PERSONAL,13118.64,55,8925,GOOD,0,COMPREHENSIVE,500.0,373.88,0,0.0
6,SUV,PETROL,PERSONAL,28478.98,39,12040,EXCELLENT,1,COMPREHENSIVE,250.0,811.65,0,0.0
5,SUV,PETROL,RIDESHARE,28455.65,68,16774,FAIR,1,ZERO_DEP_PREMIUM,500.0,1493.92,0,0.0
6,COMMERCIAL_VAN,PETROL,PERSONAL,17248.1,34,10052,FAIR,0,THIRD_PARTY,1000.0,250.0,0,0.0
8,SUV,CNG,RIDESHARE,20218.7,52,10848,POOR,0,COMPREHENSIVE,1000.0,864.35,0,0.0
9,TRUCK,ELECTRIC,PERSONAL,15860.06,69,7241,GOOD,0,COMPREHENSIVE,500.0,519.81,0,0.0
15,SEDAN,DIESEL,PERSONAL,8390.52,74,9964,GOOD,0,ZERO_DEP_PREMIUM,500.0,337.72,0,0.0
3,SUV,DIESEL,PERSONAL,25002.33,59,15261,FAIR,0,COMPREHENSIVE,500.0,712.57,0,0.0
15,TRUCK,PETROL,PERSONAL,9930.61,73,11416,EXCELLENT,2,THIRD_PARTY,250.0,250.0,0,0.0
15,SUV,CNG,COMMERCIAL,11743.34,62,7318,POOR,0,ZERO_DEP_PREMIUM,1000.0,554.87,0,0.0
11,HATCHBACK,PETROL,PERSONAL,4500.0,69,13454,EXCELLENT,0,COMPREHENSIVE,1000.0,250.0,0,0.0
8,SEDAN,PETROL,PERSONAL,10218.67,40,12268,EXCELLENT,0,COMPREHENSIVE,500.0,291.23,0,0.0
2,SEDAN,DIESEL,PERSONAL,21430.54,46,17543,EXCELLENT,0,COMPREHENSIVE,500.0,610.77,0,0.0
9,SUV,HYBRID,PERSONAL,18340.29,46,11888,GOOD,2,COMPREHENSIVE,1000.0,522.7,1,3860.54
10,SUV,HYBRID,COMMERCIAL,16168.04,74,8022,EXCELLENT,0,ZERO_DEP_PREMIUM,500.0,878.53,1,1622.42
10,TRUCK,PETROL,PERSONAL,20022.95,67,16834,EXCELLENT,0,COMPREHENSIVE,1000.0,570.65,1,1459.4
8,SEDAN,HYBRID,COMMERCIAL,16090.35,36,8137,GOOD,0,THIRD_PARTY,250.0,271.52,0,0.0
12,COMMERCIAL_VAN,PETROL,PERSONAL,9616.03,34,6643,GOOD,1,ZERO_DEP_PREMIUM,1000.0,336.56,0,0.0
0,COMMERCIAL_VAN,PETROL,RIDESHARE,40489.5,25,7820,FAIR,0,COMPREHENSIVE,500.0,1730.93,1,6233.17
13,SEDAN,ELECTRIC,PERSONAL,9215.5,67,9751,EXCELLENT,2,THIRD_PARTY,500.0,250.0,1,5302.18
4,SEDAN,HYBRID,PERSONAL,20419.81,24,3993,GOOD,0,COMPREHENSIVE,2000.0,727.46,0,0.0
14,TRUCK,DIESEL,PERSONAL,11912.23,72,4730,EXCELLENT,1,THIRD_PARTY,500.0,250.0,0,0.0
9,COMMERCIAL_VAN,DIESEL,RIDESHARE,11577.75,28,16013,GOOD,0,COMPREHENSIVE,250.0,494.95,1,1318.42
4,SUV,ELECTRIC,PERSONAL,18325.56,20,11729,GOOD,1,ZERO_DEP_PREMIUM,2000.0,801.74,1,3952.72
0,SEDAN,ELECTRIC,PERSONAL,20364.73,19,11756,GOOD,0,COMPREHENSIVE,250.0,725.49,1,2551.5
0,SUV,HYBRID,PERSONAL,33849.34,36,12246,GOOD,0,COMPREHENSIVE,500.0,964.71,0,0.0
2,SUV,DIESEL,PERSONAL,23323.33,45,15038,FAIR,1,ZERO_DEP_PREMIUM,1000.0,816.32,1,4085.43
8,SEDAN,CNG,COMMERCIAL,12205.26,73,8814,EXCELLENT,1,ZERO_DEP_PREMIUM,1000.0,663.2,0,0.0
6,HATCHBACK,CNG,PERSONAL,7496.32,45,15021,GOOD,0,COMPREHENSIVE,1000.0,250.0,0,0.0
5,SEDAN,PETROL,PERSONAL,20206.68,42,13007,EXCELLENT,0,COMPREHENSIVE,1000.0,575.89,0,0.0
8,SEDAN,ELECTRIC,PERSONAL,16017.31,28,8190,EXCELLENT,1,ZERO_DEP_PREMIUM,1000.0,560.61,0,0.0
3,SUV,DIESEL,PERSONAL,26389.39,57,15240,EXCELLENT,0,THIRD_PARTY,500.0,329.87,0,0.0
3,SEDAN,PETROL,COMMERCIAL,20727.9,60,12757,GOOD,0,COMPREHENSIVE,1000.0,797.51,0,0.0
2,SEDAN,DIESEL,RIDESHARE,29441.96,19,7790,GOOD,0,COMPREHENSIVE,1000.0,1573.3,0,0.0
4,SUV,PETROL,COMMERCIAL,26534.94,29,8131,FAIR,0,THIRD_PARTY,500.0,447.78,0,0.0
4,SEDAN,DIESEL,PERSONAL,24899.8,78,14658,FAIR,0,COMPREHENSIVE,250.0,816.09,0,0.0
11,SEDAN,HYBRID,PERSONAL,7366.18,58,17065,GOOD,0,COMPREHENSIVE,1000.0,250.0,0,0.0
13,SEDAN,PETROL,COMMERCIAL,9945.85,55,13771,GOOD,1,THIRD_PARTY,2000.0,250.0,0,0.0
9,COMMERCIAL_VAN,PETROL,PERSONAL,17042.56,29,16502,FAIR,0,COMPREHENSIVE,1000.0,485.71,0,0.0
6,SUV,HYBRID,PERSONAL,14635.35,67,18047,FAIR,0,COMPREHENSIVE,1000.0,417.11,0,0.0
15,SUV,PETROL,RIDESHARE,12077.51,42,11486,FAIR,1,THIRD_PARTY,500.0,250.0,0,0.0
6,SUV,PETROL,PERSONAL,28120.44,54,13240,EXCELLENT,1,ZERO_DEP_PREMIUM,500.0,984.22,0,0.0
14,COMMERCIAL_VAN,PETROL,PERSONAL,9825.81,48,15511,FAIR,1,COMPREHENSIVE,1000.0,280.04,0,0.0
5,SEDAN,DIESEL,PERSONAL,22193.94,71,7337,FAIR,0,ZERO_DEP_PREMIUM,250.0,893.31,0,0.0
3,SUV,DIESEL,PERSONAL,21667.76,34,17154,GOOD,0,COMPREHENSIVE,1000.0,617.53,0,0.0
6,HATCHBACK,ELECTRIC,PERSONAL,10685.73,65,18635,FAIR,1,THIRD_PARTY,250.0,250.0,0,0.0
13,SUV,DIESEL,RIDESHARE,8814.32,29,9178,FAIR,1,THIRD_PARTY,500.0,250.0,0,0.0
1,SEDAN,ELECTRIC,PERSONAL,20646.97,78,25413,GOOD,0,ZERO_DEP_PREMIUM,500.0,831.04,1,6888.53
12,SUV,DIESEL,PERSONAL,14459.58,47,16075,FAIR,1,COMPREHENSIVE,250.0,412.1,0,0.0
11,SEDAN,PETROL,COMMERCIAL,8883.28,19,11813,FAIR,0,ZERO_DEP_PREMIUM,1000.0,524.67,0,0.0
15,SUV,DIESEL,PERSONAL,6167.45,33,3152,POOR,1,ZERO_DEP_PREMIUM,500.0,250.0,0,0.0
8,HATCHBACK,ELECTRIC,PERSONAL,7448.55,18,12087,POOR,0,THIRD_PARTY,250.0,250.0,0,0.0
6,SEDAN,DIESEL,PERSONAL,12692.37,69,14398,GOOD,0,ZERO_DEP_PREMIUM,500.0,510.87,0,0.0
1,HATCHBACK,PETROL,COMMERCIAL,17156.5,51,13884,EXCELLENT,0,THIRD_PARTY,1000.0,289.52,0,0.0
9,SEDAN,PETROL,PERSONAL,9302.75,62,6602,EXCELLENT,0,COMPREHENSIVE,250.0,265.13,0,0.0
1,HATCHBACK,PETROL,PERSONAL,18776.25,65,9523,POOR,0,COMPREHENSIVE,1000.0,535.12,0,0.0
12,SUV,PETROL,PERSONAL,10296.88,18,15560,GOOD,0,THIRD_PARTY,500.0,250.0,0,0.0
5,SEDAN,DIESEL,PERSONAL,15821.16,68,15166,GOOD,0,THIRD_PARTY,500.0,250.0,0,0.0
10,SEDAN,PETROL,PERSONAL,9199.67,53,16739,GOOD,1,COMPREHENSIVE,1000.0,262.19,1,1495.6
6,COMMERCIAL_VAN,ELECTRIC,PERSONAL,24831.99,69,13034,EXCELLENT,0,COMPREHENSIVE,500.0,813.87,0,0.0
8,SEDAN,PETROL,PERSONAL,9424.41,20,12357,GOOD,0,COMPREHENSIVE,500.0,335.74,0,0.0
14,SEDAN,PETROL,PERSONAL,7183.8,51,14801,FAIR,1,COMPREHENSIVE,1000.0,250.0,0,0.0
3,SEDAN,DIESEL,PERSONAL,18302.04,29,12924,EXCELLENT,1,COMPREHENSIVE,2000.0,521.61,0,0.0
7,SUV,PETROL,PERSONAL,24535.96,73,5614,FAIR,0,COMPREHENSIVE,500.0,804.17,0,0.0
13,SUV,HYBRID,PERSONAL,7937.89,75,19341,GOOD,0,COMPREHENSIVE,250.0,260.16,0,0.0
9,SEDAN,PETROL,RIDESHARE,14250.25,62,16647,GOOD,0,ZERO_DEP_PREMIUM,500.0,748.14,1,1389.46
15,SEDAN,PETROL,COMMERCIAL,5164.36,44,14403,GOOD,0,ZERO_DEP_PREMIUM,1000.0,250.0,0,0.0
14,SEDAN,ELECTRIC,RIDESHARE,5290.67,67,6343,FAIR,0,ZERO_DEP_PREMIUM,1000.0,277.76,0,0.0
12,SEDAN,DIESEL,PERSONAL,7056.5,54,16269,GOOD,0,THIRD_PARTY,1000.0,250.0,0,0.0
1,SUV,PETROL,PERSONAL,25286.04,72,10525,GOOD,0,COMPREHENSIVE,1000.0,828.75,0,0.0
5,HATCHBACK,PETROL,PERSONAL,10630.4,42,16235,GOOD,0,COMPREHENSIVE,2000.0,302.97,0,0.0
3,SEDAN,ELECTRIC,PERSONAL,27268.35,29,14958,POOR,0,ZERO_DEP_PREMIUM,1000.0,954.39,1,12589.17
7,SEDAN,CNG,PERSONAL,9727.9,68,10970,GOOD,0,COMPREHENSIVE,250.0,277.25,0,0.0
8,SUV,HYBRID,PERSONAL,17314.9,50,17233,FAIR,1,COMPREHENSIVE,500.0,493.47,0,0.0
1,COMMERCIAL_VAN,PETROL,PERSONAL,33551.22,26,7136,GOOD,0,COMPREHENSIVE,500.0,956.21,0,0.0
6,COMMERCIAL_VAN,CNG,PERSONAL,20235.19,18,12752,EXCELLENT,1,THIRD_PARTY,500.0,316.17,0,0.0
6,HATCHBACK,PETROL,PERSONAL,8470.83,73,19964,EXCELLENT,0,COMPREHENSIVE,2000.0,277.63,0,0.0
7,SEDAN,PETROL,PERSONAL,17822.69,67,14689,EXCELLENT,1,THIRD_PARTY,500.0,250.0,0,0.0
12,SEDAN,ELECTRIC,PERSONAL,5980.43,40,16610,EXCELLENT,1,THIRD_PARTY,1000.0,250.0,0,0.0
15,SEDAN,PETROL,PERSONAL,7850.01,45,12856,GOOD,0,COMPREHENSIVE,1000.0,250.0,1,771.02
4,SEDAN,PETROL,RIDESHARE,15637.41,20,12403,EXCELLENT,0,THIRD_PARTY,250.0,366.5,0,0.0
10,SUV,PETROL,PERSONAL,13574.67,55,7007,FAIR,0,THIRD_PARTY,1000.0,250.0,0,0.0
12,HATCHBACK,PETROL,PERSONAL,5129.19,71,11798,POOR,1,COMPREHENSIVE,1000.0,250.0,0,0.0
2,TRUCK,ELECTRIC,COMMERCIAL,33277.81,53,15531,GOOD,0,ZERO_DEP_PREMIUM,500.0,1572.38,0,0.0
0,HATCHBACK,DIESEL,PERSONAL,12247.86,73,7577,GOOD,0,COMPREHENSIVE,500.0,401.42,0,0.0
3,SEDAN,PETROL,PERSONAL,15283.04,61,8166,GOOD,1,COMPREHENSIVE,500.0,435.57,0,0.0
2,SUV,DIESEL,PERSONAL,27089.56,61,14386,GOOD,0,COMPREHENSIVE,500.0,772.05,1,6525.65
1,SEDAN,HYBRID,PERSONAL,30172.8,22,16220,GOOD,0,COMPREHENSIVE,1000.0,1074.91,0,0.0
5,SEDAN,ELECTRIC,PERSONAL,12886.4,72,21567,GOOD,0,ZERO_DEP_PREMIUM,2000.0,518.68,1,680.85
6,HATCHBACK,PETROL,PERSONAL,11083.43,46,11266,GOOD,1,THIRD_PARTY,500.0,250.0,1,4086.28
9,SEDAN,CNG,PERSONAL,10038.13,70,11388,GOOD,0,COMPREHENSIVE,500.0,329.0,1,9323.42
6,SUV,ELECTRIC,COMMERCIAL,26952.96,30,16242,GOOD,0,COMPREHENSIVE,500.0,1037.02,0,0.0
11,SEDAN,PETROL,PERSONAL,9212.02,61,15067,FAIR,1,ZERO_DEP_PREMIUM,2000.0,322.42,1,1355.91
7,SUV,PETROL,PERSONAL,15258.62,21,11337,POOR,0,COMPREHENSIVE,1000.0,543.59,0,0.0
12,HATCHBACK,PETROL,PERSONAL,7172.32,23,12372,FAIR,0,ZERO_DEP_PREMIUM,500.0,313.79,0,0.0
13,SEDAN,ELECTRIC,PERSONAL,6284.22,68,9672,GOOD,0,THIRD_PARTY,1000.0,250.0,0,0.0
1,HATCHBACK,PETROL,COMMERCIAL,15977.18,55,7297,FAIR,2,COMPREHENSIVE,2000.0,614.72,1,1168.58
13,SEDAN,DIESEL,PERSONAL,8381.31,23,11891,GOOD,0,COMPREHENSIVE,500.0,298.58,0,0.0
10,SUV,PETROL,COMMERCIAL,13471.81,28,19351,FAIR,0,COMPREHENSIVE,500.0,518.33,0,0.0
11,HATCHBACK,HYBRID,PERSONAL,7745.32,44,9266,FAIR,0,ZERO_DEP_PREMIUM,500.0,271.09,0,0.0
9,SUV,PETROL,COMMERCIAL,19884.03,71,6042,EXCELLENT,0,COMPREHENSIVE,500.0,879.79,0,0.0
12,COMMERCIAL_VAN,HYBRID,PERSONAL,15695.91,63,7983,EXCELLENT,1,COMPREHENSIVE,500.0,447.33,1,4029.05
5,SEDAN,HYBRID,PERSONAL,22421.2,76,14892,GOOD,0,COMPREHENSIVE,500.0,734.85,0,0.0
12,SUV,PETROL,COMMERCIAL,11841.03,52,14429,EXCELLENT,0,COMPREHENSIVE,1000.0,455.58,0,0.0
5,SUV,DIESEL,COMMERCIAL,17253.92,78,18218,GOOD,0,ZERO_DEP_PREMIUM,250.0,937.53,0,0.0
9,TRUCK,PETROL,PERSONAL,23269.13,57,17277,FAIR,1,ZERO_DEP_PREMIUM,500.0,814.42,0,0.0
11,SEDAN,HYBRID,RIDESHARE,8905.56,21,13839,GOOD,0,THIRD_PARTY,250.0,250.0,1,1423.55
0,HATCHBACK,DIESEL,PERSONAL,13331.87,44,15427,GOOD,1,COMPREHENSIVE,500.0,379.96,0,0.0
1,SUV,PETROL,PERSONAL,34013.83,33,9127,GOOD,1,THIRD_PARTY,1000.0,425.17,1,22843.77
12,SEDAN,PETROL,PERSONAL,11302.15,35,15601,EXCELLENT,0,COMPREHENSIVE,500.0,322.11,0,0.0
8,SUV,PETROL,COMMERCIAL,13881.01,24,12010,FAIR,0,THIRD_PARTY,2000.0,292.8,0,0.0
7,SEDAN,HYBRID,RIDESHARE,17387.11,28,16328,GOOD,0,ZERO_DEP_PREMIUM,250.0,912.82,0,0.0
11,SUV,DIESEL,PERSONAL,12664.7,25,14384,GOOD,0,ZERO_DEP_PREMIUM,250.0,443.26,0,0.0
12,TRUCK,HYBRID,PERSONAL,11291.0,76,10369,FAIR,1,THIRD_PARTY,1000.0,250.0,0,0.0
3,SUV,PETROL,PERSONAL,35100.76,69,7548,GOOD,1,ZERO_DEP_PREMIUM,2000.0,1412.81,0,0.0
5,SUV,PETROL,PERSONAL,30973.48,23,10248,EXCELLENT,2,THIRD_PARTY,2000.0,483.96,1,3054.34
1,SUV,CNG,PERSONAL,29611.42,73,13330,FAIR,1,COMPREHENSIVE,1000.0,970.51,1,1742.24
11,SEDAN,PETROL,PERSONAL,8407.17,65,8827,GOOD,2,COMPREHENSIVE,2000.0,250.0,0,0.0
4,SEDAN,HYBRID,PERSONAL,17354.91,22,11812,FAIR,1,COMPREHENSIVE,1000.0,618.27,0,0.0
1,SUV,PETROL,PERSONAL,41601.64,74,17394,EXCELLENT,0,THIRD_PARTY,250.0,598.02,0,0.0
14,SEDAN,PETROL,PERSONAL,4910.79,23,17787,EXCELLENT,0,ZERO_DEP_PREMIUM,1000.0,250.0,1,911.16
12,SEDAN,DIESEL,PERSONAL,7183.47,55,14651,FAIR,2,COMPREHENSIVE,500.0,250.0,1,1620.91
4,SUV,CNG,PERSONAL,29479.47,77,18634,GOOD,0,ZERO_DEP_PREMIUM,500.0,1186.55,0,0.0
6,SEDAN,CNG,PERSONAL,14527.59,78,6805,GOOD,0,ZERO_DEP_PREMIUM,250.0,584.74,0,0.0
6,SEDAN,PETROL,PERSONAL,13748.9,19,18338,GOOD,0,ZERO_DEP_PREMIUM,1000.0,601.51,0,0.0
8,SUV,PETROL,PERSONAL,22187.23,48,6380,GOOD,0,COMPREHENSIVE,1000.0,632.34,0,0.0
2,SEDAN,DIESEL,PERSONAL,28896.94,56,12545,EXCELLENT,0,ZERO_DEP_PREMIUM,1000.0,1011.39,0,0.0
11,TRUCK,DIESEL,PERSONAL,21261.4,49,8842,GOOD,0,ZERO_DEP_PREMIUM,500.0,744.15,0,0.0
3,TRUCK,ELECTRIC,RIDESHARE,29535.88,26,15824,EXCELLENT,1,COMPREHENSIVE,250.0,1262.66,0,0.0
8,HATCHBACK,PETROL,PERSONAL,10072.88,32,5453,GOOD,0,ZERO_DEP_PREMIUM,500.0,352.55,0,0.0
15,SEDAN,CNG,PERSONAL,7682.16,38,4558,POOR,0,ZERO_DEP_PREMIUM,500.0,268.88,0,0.0
13,HATCHBACK,DIESEL,PERSONAL,4500.0,63,9554,GOOD,0,COMPREHENSIVE,1000.0,250.0,0,0.0
7,HATCHBACK,ELECTRIC,PERSONAL,9319.8,70,9236,FAIR,0,THIRD_PARTY,500.0,250.0,0,0.0
11,HATCHBACK,DIESEL,RIDESHARE,4500.0,45,9930,GOOD,0,THIRD_PARTY,250.0,250.0,0,0.0
6,SEDAN,PETROL,RIDESHARE,17656.46,62,9462,FAIR,0,COMPREHENSIVE,500.0,754.81,0,0.0
7,SUV,CNG,PERSONAL,22575.17,44,15592,GOOD,1,COMPREHENSIVE,1000.0,643.39,0,0.0
8,HATCHBACK,DIESEL,PERSONAL,9424.14,22,12118,GOOD,0,THIRD_PARTY,500.0,250.0,0,0.0
11,SUV,HYBRID,COMMERCIAL,10470.75,34,19470,GOOD,0,COMPREHENSIVE,250.0,402.86,0,0.0
3,SUV,CNG,PERSONAL,30920.45,54,13538,GOOD,0,ZERO_DEP_PREMIUM,500.0,1082.22,0,0.0
4,SUV,DIESEL,COMMERCIAL,20371.69,75,16470,GOOD,0,COMPREHENSIVE,2000.0,901.37,1,1783.79
8,SUV,DIESEL,COMMERCIAL,23068.51,41,15109,EXCELLENT,0,COMPREHENSIVE,2000.0,887.56,0,0.0
6,SEDAN,PETROL,PERSONAL,17311.6,48,8457,EXCELLENT,0,ZERO_DEP_PREMIUM,1000.0,605.91,0,0.0
13,SUV,PETROL,RIDESHARE,8099.94,52,10156,FAIR,0,COMPREHENSIVE,1000.0,346.27,0,0.0
3,SEDAN,PETROL,RIDESHARE,16280.14,58,16973,POOR,0,THIRD_PARTY,500.0,305.25,1,4783.49
5,SUV,PETROL,RIDESHARE,26158.92,58,4507,EXCELLENT,0,COMPREHENSIVE,500.0,1118.29,0,0.0
10,SEDAN,PETROL,PERSONAL,10465.72,71,14689,GOOD,0,ZERO_DEP_PREMIUM,1000.0,421.25,1,1632.55
0,SUV,PETROL,PERSONAL,43754.7,21,11697,EXCELLENT,1,COMPREHENSIVE,1000.0,1558.76,0,0.0
0,SEDAN,PETROL,PERSONAL,23310.36,37,9148,GOOD,0,COMPREHENSIVE,500.0,664.35,0,0.0
8,SUV,PETROL,PERSONAL,19646.93,60,11301,GOOD,0,ZERO_DEP_PREMIUM,500.0,687.64,0,0.0
14,HATCHBACK,PETROL,PERSONAL,4500.0,34,19791,FAIR,1,THIRD_PARTY,500.0,250.0,0,0.0
7,SEDAN,PETROL,PERSONAL,14518.67,63,4743,EXCELLENT,0,COMPREHENSIVE,1000.0,413.78,0,0.0
14,SEDAN,DIESEL,PERSONAL,9515.23,27,7015,FAIR,1,COMPREHENSIVE,1000.0,271.18,0,0.0
12,SEDAN,DIESEL,PERSONAL,9556.12,54,3778,EXCELLENT,1,COMPREHENSIVE,1000.0,272.35,0,0.0
15,TRUCK,PETROL,PERSONAL,7858.84,38,10528,FAIR,0,COMPREHENSIVE,1000.0,250.0,0,0.0
0,SUV,DIESEL,PERSONAL,50116.81,38,9689,GOOD,0,THIRD_PARTY,500.0,626.46,0,0.0
12,SUV,ELECTRIC,COMMERCIAL,9401.14,77,13222,GOOD,1,COMPREHENSIVE,1000.0,415.97,0,0.0
14,SEDAN,PETROL,PERSONAL,8350.1,66,10342,FAIR,0,THIRD_PARTY,500.0,250.0,0,0.0
10,SUV,DIESEL,PERSONAL,15039.16,33,14529,EXCELLENT,0,ZERO_DEP_PREMIUM,1000.0,526.37,0,0.0
1,TRUCK,CNG,RIDESHARE,36278.34,50,8955,EXCELLENT,0,COMPREHENSIVE,500.0,1550.9,0,0.0
12,HATCHBACK,ELECTRIC,PERSONAL,4500.0,27,21938,EXCELLENT,0,COMPREHENSIVE,500.0,250.0,0,0.0
3,SUV,PETROL,PERSONAL,22364.56,61,15267,GOOD,1,COMPREHENSIVE,1000.0,637.39,0,0.0
0,SEDAN,DIESEL,COMMERCIAL,33822.87,35,14820,EXCELLENT,0,THIRD_PARTY,250.0,570.76,0,0.0
15,SEDAN,PETROL,COMMERCIAL,8283.42,50,15319,GOOD,0,COMPREHENSIVE,2000.0,318.7,0,0.0
1,SEDAN,DIESEL,PERSONAL,24265.74,46,7793,EXCELLENT,3,COMPREHENSIVE,500.0,691.57,0,0.0
4,SEDAN,CNG,RIDESHARE,13773.91,48,11389,EXCELLENT,0,THIRD_PARTY,500.0,258.26,0,0.0
15,SEDAN,DIESEL,RIDESHARE,8333.19,41,11584,POOR,0,COMPREHENSIVE,500.0,356.24,0,0.0
7,SEDAN,HYBRID,PERSONAL,13985.47,77,10376,FAIR,0,THIRD_PARTY,1000.0,250.0,0,0.0
5,SUV,PETROL,PERSONAL,22625.42,29,10937,EXCELLENT,0,THIRD_PARTY,250.0,282.82,0,0.0
14,TRUCK,CNG,PERSONAL,11575.36,37,16231,FAIR,1,COMPREHENSIVE,500.0,329.9,0,0.0
5,SUV,DIESEL,PERSONAL,21465.68,23,12235,GOOD,0,COMPREHENSIVE,500.0,764.71,0,0.0
3,HATCHBACK,PETROL,PERSONAL,12879.48,25,13848,EXCELLENT,1,THIRD_PARTY,500.0,250.0,0,0.0
1,HATCHBACK,DIESEL,COMMERCIAL,16353.48,31,4900,GOOD,1,COMPREHENSIVE,250.0,629.2,1,2029.41
2,SEDAN,PETROL,PERSONAL,22101.22,22,4632,POOR,1,COMPREHENSIVE,500.0,787.36,0,0.0
12,HATCHBACK,PETROL,PERSONAL,6850.17,71,8252,FAIR,1,COMPREHENSIVE,500.0,250.0,0,0.0
5,SEDAN,ELECTRIC,PERSONAL,14965.19,53,19877,FAIR,0,THIRD_PARTY,250.0,250.0,0,0.0
5,SUV,PETROL,PERSONAL,24819.92,71,21538,GOOD,0,ZERO_DEP_PREMIUM,500.0,999.0,0,0.0
4,SEDAN,ELECTRIC,PERSONAL,16224.26,65,16923,GOOD,1,THIRD_PARTY,500.0,250.0,0,0.0
5,COMMERCIAL_VAN,PETROL,PERSONAL,29104.3,55,10725,GOOD,1,COMPREHENSIVE,250.0,829.47,0,0.0
10,SEDAN,PETROL,PERSONAL,7811.14,20,14419,FAIR,0,COMPREHENSIVE,2000.0,278.27,0,0.0
15,SEDAN,CNG,COMMERCIAL,5257.32,53,18179,FAIR,0,COMPREHENSIVE,1000.0,250.0,0,0.0
5,TRUCK,PETROL,PERSONAL,34619.43,39,20844,EXCELLENT,0,ZERO_DEP_PREMIUM,500.0,1211.68,0,0.0
12,SEDAN,DIESEL,PERSONAL,6944.25,25,7324,GOOD,1,ZERO_DEP_PREMIUM,500.0,250.0,0,0.0
0,SUV,DIESEL,PERSONAL,40968.81,78,13418,GOOD,1,COMPREHENSIVE,1000.0,1342.75,0,0.0
5,HATCHBACK,DIESEL,PERSONAL,13770.35,31,11048,EXCELLENT,0,THIRD_PARTY,500.0,250.0,0,0.0
4,HATCHBACK,HYBRID,PERSONAL,11696.4,24,15137,GOOD,1,THIRD_PARTY,1000.0,250.0,0,0.0
7,COMMERCIAL_VAN,DIESEL,PERSONAL,16321.77,21,12735,FAIR,0,ZERO_DEP_PREMIUM,1000.0,714.08,0,0.0
15,COMMERCIAL_VAN,PETROL,PERSONAL,8536.97,36,7998,POOR,0,THIRD_PARTY,250.0,250.0,0,0.0
8,SEDAN,HYBRID,PERSONAL,15606.24,60,14276,FAIR,0,COMPREHENSIVE,1000.0,444.78,1,3427.59
13,HATCHBACK,PETROL,PERSONAL,4500.0,64,9365,EXCELLENT,0,THIRD_PARTY,500.0,250.0,0,0.0
5,SUV,DIESEL,PERSONAL,27103.27,41,12340,GOOD,0,THIRD_PARTY,1000.0,338.79,0,0.0
12,SUV,CNG,RIDESHARE,14443.43,33,12556,EXCELLENT,0,THIRD_PARTY,500.0,270.81,0,0.0
11,SEDAN,DIESEL,PERSONAL,9681.89,23,20091,GOOD,0,ZERO_DEP_PREMIUM,250.0,423.58,0,0.0
11,SUV,ELECTRIC,COMMERCIAL,15924.26,61,13942,FAIR,0,ZERO_DEP_PREMIUM,500.0,752.42,0,0.0
9,COMMERCIAL_VAN,DIESEL,PERSONAL,14990.22,25,12098,FAIR,0,ZERO_DEP_PREMIUM,500.0,524.66,0,0.0
3,TRUCK,ELECTRIC,PERSONAL,35190.05,42,15759,FAIR,0,ZERO_DEP_PREMIUM,500.0,1231.65,1,4315.97
2,SUV,HYBRID,PERSONAL,35195.3,49,8521,EXCELLENT,0,THIRD_PARTY,250.0,439.94,0,0.0
15,SEDAN,PETROL,COMMERCIAL,5166.09,42,12954,EXCELLENT,1,ZERO_DEP_PREMIUM,1000.0,250.0,0,0.0
9,SEDAN,PETROL,PERSONAL,9919.38,27,15354,POOR,1,THIRD_PARTY,250.0,250.0,0,0.0
15,HATCHBACK,DIESEL,PERSONAL,4500.0,60,15149,FAIR,0,THIRD_PARTY,1000.0,250.0,0,0.0
11,HATCHBACK,ELECTRIC,PERSONAL,6570.01,58,10116,GOOD,0,COMPREHENSIVE,2000.0,250.0,0,0.0
0,SUV,PETROL,PERSONAL,37631.23,75,14137,GOOD,1,COMPREHENSIVE,250.0,1233.36,1,3374.38
6,SEDAN,PETROL,COMMERCIAL,18557.77,34,15561,GOOD,0,THIRD_PARTY,500.0,313.16,0,0.0
4,SUV,PETROL,PERSONAL,25611.23,77,8426,GOOD,0,COMPREHENSIVE,1000.0,839.41,0,0.0
15,SUV,CNG,PERSONAL,11520.85,63,9781,EXCELLENT,0,COMPREHENSIVE,1000.0,328.34,0,0.0
3,TRUCK,DIESEL,COMMERCIAL,40290.3,20,11049,GOOD,1,COMPREHENSIVE,250.0,1937.71,0,0.0
8,SUV,PETROL,PERSONAL,15579.61,26,22982,GOOD,0,COMPREHENSIVE,250.0,444.02,0,0.0
6,SEDAN,PETROL,PERSONAL,14420.26,69,9134,EXCELLENT,0,ZERO_DEP_PREMIUM,250.0,580.42,0,0.0
9,SUV,PETROL,COMMERCIAL,17984.05,75,13963,POOR,0,ZERO_DEP_PREMIUM,1000.0,977.21,0,0.0
12,SEDAN,PETROL,PERSONAL,11118.64,77,10911,GOOD,1,COMPREHENSIVE,250.0,364.41,0,0.0
7,COMMERCIAL_VAN,PETROL,PERSONAL,16202.35,35,8281,GOOD,0,ZERO_DEP_PREMIUM,1000.0,567.08,0,0.0
3,SEDAN,HYBRID,PERSONAL,20773.6,66,15640,GOOD,0,COMPREHENSIVE,500.0,592.05,0,0.0
9,SUV,CNG,PERSONAL,12064.78,47,6151,GOOD,1,COMPREHENSIVE,1000.0,343.85,0,0.0
15,SEDAN,PETROL,PERSONAL,5658.71,22,18995,EXCELLENT,1,THIRD_PARTY,1000.0,250.0,0,0.0
11,SUV,PETROL,PERSONAL,15055.97,69,7822,GOOD,0,THIRD_PARTY,1000.0,250.0,0,0.0
9,SUV,PETROL,RIDESHARE,11622.11,49,9505,EXCELLENT,0,THIRD_PARTY,250.0,250.0,0,0.0
7,HATCHBACK,DIESEL,RIDESHARE,9621.27,70,15073,GOOD,1,COMPREHENSIVE,2000.0,473.01,0,0.0
3,SEDAN,PETROL,COMMERCIAL,26069.61,44,15886,EXCELLENT,0,COMPREHENSIVE,1000.0,1003.03,0,0.0
14,SEDAN,PETROL,PERSONAL,9571.46,38,13549,EXCELLENT,0,COMPREHENSIVE,1000.0,272.79,0,0.0
0,SEDAN,PETROL,RIDESHARE,22142.71,41,10102,POOR,0,THIRD_PARTY,1000.0,415.18,0,0.0
10,SUV,ELECTRIC,PERSONAL,17162.44,55,5329,GOOD,0,COMPREHENSIVE,500.0,489.13,0,0.0
14,SEDAN,ELECTRIC,PERSONAL,9362.48,20,12095,EXCELLENT,1,COMPREHENSIVE,1000.0,333.54,0,0.0
7,SUV,DIESEL,PERSONAL,14212.22,33,8674,POOR,0,COMPREHENSIVE,500.0,405.05,0,0.0
0,TRUCK,PETROL,PERSONAL,43551.93,32,23354,EXCELLENT,0,COMPREHENSIVE,250.0,1241.23,0,0.0
12,TRUCK,HYBRID,PERSONAL,19064.05,42,13098,EXCELLENT,0,COMPREHENSIVE,250.0,543.33,0,0.0
11,SUV,CNG,COMMERCIAL,10741.0,25,6698,EXCELLENT,0,COMPREHENSIVE,1000.0,413.26,0,0.0
2,SUV,PETROL,PERSONAL,40353.95,58,11005,FAIR,1,THIRD_PARTY,2000.0,504.42,0,0.0
6,SEDAN,PETROL,PERSONAL,15783.87,21,15910,GOOD,0,COMPREHENSIVE,1000.0,562.3,0,0.0
2,SUV,DIESEL,PERSONAL,22952.7,49,17731,EXCELLENT,1,THIRD_PARTY,2000.0,286.91,0,0.0
12,HATCHBACK,PETROL,RIDESHARE,5236.56,62,11107,EXCELLENT,0,THIRD_PARTY,2000.0,250.0,1,253.81
7,SEDAN,PETROL,PERSONAL,12473.55,73,11966,GOOD,1,COMPREHENSIVE,500.0,408.82,0,0.0
4,SUV,DIESEL,PERSONAL,22157.63,76,15041,GOOD,1,THIRD_PARTY,500.0,318.52,0,0.0
2,HATCHBACK,DIESEL,PERSONAL,14296.75,52,8289,FAIR,1,COMPREHENSIVE,1000.0,407.46,0,0.0
4,TRUCK,PETROL,PERSONAL,31335.09,70,14062,GOOD,2,COMPREHENSIVE,500.0,1027.01,0,0.0
4,SEDAN,DIESEL,RIDESHARE,18495.9,47,13785,GOOD,1,COMPREHENSIVE,500.0,790.7,1,1801.05
7,SUV,CNG,PERSONAL,14170.19,56,14901,FAIR,0,COMPREHENSIVE,1000.0,403.85,0,0.0
11,SEDAN,PETROL,PERSONAL,11624.07,65,12325,GOOD,0,COMPREHENSIVE,250.0,331.29,0,0.0
8,SEDAN,DIESEL,PERSONAL,12679.04,66,5459,GOOD,0,COMPREHENSIVE,250.0,361.35,0,0.0
5,TRUCK,PETROL,COMMERCIAL,34998.16,47,13524,EXCELLENT,1,COMPREHENSIVE,1000.0,1346.55,0,0.0
15,HATCHBACK,PETROL,PERSONAL,4965.98,34,8557,GOOD,0,COMPREHENSIVE,500.0,250.0,0,0.0
9,HATCHBACK,DIESEL,PERSONAL,6312.78,36,20266,FAIR,0,THIRD_PARTY,500.0,250.0,0,0.0
15,SEDAN,PETROL,PERSONAL,4500.0,69,20395,EXCELLENT,1,COMPREHENSIVE,500.0,250.0,1,3869.7
2,HATCHBACK,PETROL,PERSONAL,17726.27,48,7348,GOOD,1,COMPREHENSIVE,1000.0,505.2,0,0.0
1,SUV,PETROL,RIDESHARE,40376.25,34,8652,GOOD,0,COMPREHENSIVE,500.0,1726.08,0,0.0
10,SEDAN,DIESEL,RIDESHARE,7847.51,73,3000,EXCELLENT,2,ZERO_DEP_PREMIUM,1000.0,473.79,0,0.0
2,SUV,ELECTRIC,RIDESHARE,35511.84,19,15809,EXCELLENT,2,COMPREHENSIVE,2000.0,1897.66,1,5462.42
8,SEDAN,PETROL,RIDESHARE,8729.97,76,9921,EXCELLENT,1,COMPREHENSIVE,1000.0,429.19,0,0.0
6,HATCHBACK,DIESEL,COMMERCIAL,6536.69,54,13717,GOOD,0,COMPREHENSIVE,2000.0,251.5,0,0.0
14,SUV,PETROL,PERSONAL,10267.96,65,10073,GOOD,0,ZERO_DEP_PREMIUM,2000.0,359.38,0,0.0
10,SEDAN,DIESEL,COMMERCIAL,7768.03,46,5290,GOOD,1,COMPREHENSIVE,500.0,298.87,0,0.0
10,SEDAN,PETROL,PERSONAL,13921.99,47,13447,EXCELLENT,1,ZERO_DEP_PREMIUM,1000.0,487.27,1,1024.66
8,SEDAN,DIESEL,PERSONAL,16208.54,71,18299,GOOD,1,THIRD_PARTY,500.0,250.0,0,0.0
12,SEDAN,CNG,PERSONAL,9682.84,60,12373,EXCELLENT,0,THIRD_PARTY,500.0,250.0,0,0.0
14,SUV,HYBRID,RIDESHARE,7158.18,39,7878,EXCELLENT,0,THIRD_PARTY,1000.0,250.0,0,0.0
5,HATCHBACK,PETROL,PERSONAL,9259.49,55,11833,GOOD,1,COMPREHENSIVE,500.0,263.9,0,0.0
7,SEDAN,HYBRID,COMMERCIAL,12901.12,28,14809,GOOD,1,COMPREHENSIVE,250.0,496.37,0,0.0
9,SEDAN,PETROL,PERSONAL,11533.57,50,11591,FAIR,0,COMPREHENSIVE,1000.0,328.71,0,0.0
10,SUV,CNG,PERSONAL,11470.78,36,7556,EXCELLENT,1,COMPREHENSIVE,500.0,326.92,0,0.0
8,HATCHBACK,PETROL,PERSONAL,8308.48,20,21589,GOOD,1,COMPREHENSIVE,500.0,295.99,0,0.0
2,SEDAN,PETROL,PERSONAL,21639.1,57,5693,GOOD,1,ZERO_DEP_PREMIUM,1000.0,757.37,0,0.0
6,SEDAN,PETROL,PERSONAL,20125.74,39,22735,GOOD,0,THIRD_PARTY,250.0,251.57,1,7327.65
8,SUV,PETROL,PERSONAL,22944.62,35,12082,GOOD,0,THIRD_PARTY,1000.0,286.81,0,0.0
1,SEDAN,ELECTRIC,COMMERCIAL,25927.38,62,16537,FAIR,0,COMPREHENSIVE,500.0,997.56,0,0.0
11,SEDAN,HYBRID,PERSONAL,10605.25,47,13468,GOOD,0,COMPREHENSIVE,1000.0,302.25,0,0.0
6,HATCHBACK,DIESEL,PERSONAL,7236.54,18,8550,FAIR,0,COMPREHENSIVE,500.0,257.8,0,0.0
4,SUV,ELECTRIC,PERSONAL,21140.11,37,18479,POOR,2,ZERO_DEP_PREMIUM,500.0,739.9,0,0.0
7,SUV,ELECTRIC,PERSONAL,24751.83,66,15271,POOR,0,ZERO_DEP_PREMIUM,500.0,866.31,0,0.0
15,HATCHBACK,PETROL,PERSONAL,4624.61,22,12069,GOOD,0,THIRD_PARTY,1000.0,250.0,0,0.0
3,SUV,PETROL,PERSONAL,22587.27,29,15774,FAIR,0,THIRD_PARTY,250.0,282.34,0,0.0
0,SEDAN,PETROL,PERSONAL,28577.83,28,11882,EXCELLENT,0,COMPREHENSIVE,1000.0,814.47,0,0.0
10,SEDAN,PETROL,PERSONAL,13712.38,41,3000,EXCELLENT,0,THIRD_PARTY,500.0,250.0,1,1990.3
12,SEDAN,PETROL,COMMERCIAL,7894.88,75,4802,GOOD,1,THIRD_PARTY,1000.0,250.0,0,0.0
14,SEDAN,PETROL,COMMERCIAL,5763.28,35,12400,POOR,1,THIRD_PARTY,500.0,250.0,1,1060.57
9,SUV,PETROL,PERSONAL,20942.47,25,11070,FAIR,0,COMPREHENSIVE,500.0,596.86,1,3806.42
7,TRUCK,PETROL,PERSONAL,23257.85,46,12097,GOOD,0,COMPREHENSIVE,1000.0,662.85,0,0.0
14,COMMERCIAL_VAN,HYBRID,PERSONAL,10067.12,73,10969,GOOD,0,COMPREHENSIVE,1000.0,329.95,0,0.0
5,SUV,PETROL,PERSONAL,19933.27,39,7452,EXCELLENT,0,THIRD_PARTY,1000.0,250.0,0,0.0
12,SEDAN,DIESEL,COMMERCIAL,11101.82,73,6278,GOOD,0,ZERO_DEP_PREMIUM,500.0,603.25,0,0.0
7,SEDAN,DIESEL,PERSONAL,17358.12,62,8693,EXCELLENT,0,THIRD_PARTY,1000.0,250.0,0,0.0
2,HATCHBACK,DIESEL,PERSONAL,13012.34,19,15894,EXCELLENT,0,COMPREHENSIVE,250.0,463.56,0,0.0
7,SUV,PETROL,PERSONAL,13421.04,40,8822,EXCELLENT,0,COMPREHENSIVE,2000.0,382.5,0,0.0
7,SUV,PETROL,RIDESHARE,18838.84,33,17189,FAIR,0,COMPREHENSIVE,500.0,805.36,0,0.0
11,HATCHBACK,PETROL,COMMERCIAL,4686.74,61,7835,GOOD,0,COMPREHENSIVE,500.0,250.0,0,0.0
0,HATCHBACK,PETROL,COMMERCIAL,12798.62,25,17833,EXCELLENT,0,ZERO_DEP_PREMIUM,1000.0,604.73,1,5429.96
3,HATCHBACK,PETROL,PERSONAL,11757.7,21,10179,GOOD,0,THIRD_PARTY,500.0,250.0,0,0.0
6,SEDAN,DIESEL,PERSONAL,11359.2,31,11113,FAIR,0,COMPREHENSIVE,2000.0,323.74,0,0.0
12,HATCHBACK,DIESEL,PERSONAL,7069.82,26,11152,POOR,0,THIRD_PARTY,1000.0,250.0,0,0.0
13,TRUCK,DIESEL,PERSONAL,9468.02,28,15119,FAIR,0,COMPREHENSIVE,1000.0,269.84,0,0.0
10,SEDAN,PETROL,PERSONAL,9932.03,65,13634,EXCELLENT,0,THIRD_PARTY,500.0,250.0,1,587.77
0,SUV,PETROL,PERSONAL,29300.11,55,13126,EXCELLENT,0,COMPREHENSIVE,1000.0,835.05,0,0.0
2,SEDAN,ELECTRIC,PERSONAL,25452.78,61,12135,EXCELLENT,1,THIRD_PARTY,500.0,318.16,0,0.0
2,COMMERCIAL_VAN,PETROL,COMMERCIAL,23763.48,68,9937,GOOD,0,COMPREHENSIVE,1000.0,914.3,0,0.0
5,SEDAN,ELECTRIC,PERSONAL,17567.67,33,17436,GOOD,1,THIRD_PARTY,250.0,250.0,0,0.0
4,SUV,ELECTRIC,PERSONAL,30640.77,30,12886,EXCELLENT,1,THIRD_PARTY,500.0,383.01,0,0.0
11,SEDAN,PETROL,PERSONAL,12576.93,53,15083,POOR,1,THIRD_PARTY,500.0,250.0,1,5239.91
10,HATCHBACK,PETROL,PERSONAL,7408.06,61,13400,FAIR,0,COMPREHENSIVE,1000.0,250.0,0,0.0
14,SEDAN,DIESEL,PERSONAL,5343.71,53,10602,GOOD,0,ZERO_DEP_PREMIUM,1000.0,250.0,1,1350.44
6,SEDAN,PETROL,PERSONAL,11250.1,34,23279,GOOD,1,COMPREHENSIVE,1000.0,320.63,0,0.0
2,SUV,PETROL,PERSONAL,36135.2,31,18035,GOOD,0,COMPREHENSIVE,500.0,1029.85,0,0.0
10,TRUCK,PETROL,PERSONAL,14576.68,46,10069,GOOD,1,ZERO_DEP_PREMIUM,500.0,510.18,0,0.0
0,SEDAN,PETROL,PERSONAL,26339.76,75,21736,FAIR,0,COMPREHENSIVE,500.0,863.29,0,0.0
10,SEDAN,DIESEL,PERSONAL,14009.05,34,16673,EXCELLENT,0,COMPREHENSIVE,250.0,399.26,0,0.0
14,HATCHBACK,ELECTRIC,PERSONAL,5443.1,18,7581,GOOD,0,ZERO_DEP_PREMIUM,1000.0,250.0,0,0.0
2,SUV,PETROL,PERSONAL,38534.93,37,16468,EXCELLENT,1,ZERO_DEP_PREMIUM,500.0,1348.72,1,6101.66
7,TRUCK,HYBRID,PERSONAL,29616.46,50,14372,GOOD,2,THIRD_PARTY,250.0,370.21,0,0.0
15,SEDAN,CNG,COMMERCIAL,7162.84,71,13245,GOOD,2,COMPREHENSIVE,1000.0,316.93,0,0.0
4,SUV,CNG,PERSONAL,30136.73,19,17066,EXCELLENT,0,COMPREHENSIVE,2000.0,1073.62,0,0.0
14,SEDAN,ELECTRIC,PERSONAL,6604.77,34,14033,EXCELLENT,1,COMPREHENSIVE,1000.0,250.0,0,0.0
2,SEDAN,PETROL,RIDESHARE,30119.42,40,3455,EXCELLENT,0,ZERO_DEP_PREMIUM,500.0,1581.27,0,0.0
13,SUV,PETROL,COMMERCIAL,9462.82,39,6409,GOOD,0,COMPREHENSIVE,500.0,364.08,0,0.0
7,SUV,DIESEL,RIDESHARE,20705.68,18,8649,GOOD,1,COMPREHENSIVE,500.0,1106.46,1,1708.36
5,HATCHBACK,DIESEL,PERSONAL,8960.53,29,21480,POOR,0,ZERO_DEP_PREMIUM,1000.0,313.62,0,0.0
14,SEDAN,ELECTRIC,PERSONAL,5404.85,30,15432,EXCELLENT,0,COMPREHENSIVE,500.0,250.0,0,0.0
2,SUV,CNG,PERSONAL,32712.57,31,14935,EXCELLENT,0,COMPREHENSIVE,250.0,932.31,0,0.0
13,SUV,DIESEL,PERSONAL,10008.02,27,12985,GOOD,0,COMPREHENSIVE,250.0,285.23,0,0.0
4,COMMERCIAL_VAN,PETROL,RIDESHARE,28879.41,29,8353,EXCELLENT,0,ZERO_DEP_PREMIUM,1000.0,1516.17,0,0.0
0,SEDAN,PETROL,PERSONAL,28367.95,74,5958,EXCELLENT,0,ZERO_DEP_PREMIUM,500.0,1141.81,0,0.0
5,SEDAN,PETROL,COMMERCIAL,17516.0,39,16981,GOOD,0,COMPREHENSIVE,500.0,673.93,0,0.0
14,SEDAN,DIESEL,PERSONAL,5459.43,35,19985,FAIR,0,COMPREHENSIVE,1000.0,250.0,0,0.0
13,SUV,DIESEL,PERSONAL,10650.15,56,15548,FAIR,0,COMPREHENSIVE,500.0,303.53,0,0.0
11,SEDAN,ELECTRIC,RIDESHARE,11686.54,36,10291,EXCELLENT,1,COMPREHENSIVE,250.0,499.6,1,1474.8
12,TRUCK,DIESEL,COMMERCIAL,13062.33,47,10659,EXCELLENT,0,COMPREHENSIVE,500.0,502.57,0,0.0
13,SEDAN,HYBRID,RIDESHARE,7711.27,32,15619,GOOD,0,COMPREHENSIVE,1000.0,329.66,0,0.0
8,TRUCK,DIESEL,COMMERCIAL,21636.32,56,11975,GOOD,1,COMPREHENSIVE,1000.0,832.46,0,0.0
11,SEDAN,ELECTRIC,PERSONAL,12013.7,31,11792,FAIR,0,COMPREHENSIVE,1000.0,342.39,0,0.0
6,SUV,PETROL,PERSONAL,23692.14,26,10076,GOOD,0,THIRD_PARTY,500.0,296.15,0,0.0
14,TRUCK,HYBRID,RIDESHARE,9049.05,22,9514,EXCELLENT,1,COMPREHENSIVE,2000.0,483.56,1,1398.21
10,SEDAN,DIESEL,PERSONAL,13219.16,50,11958,GOOD,0,ZERO_DEP_PREMIUM,500.0,462.67,0,0.0
12,COMMERCIAL_VAN,PETROL,PERSONAL,15715.18,65,5373,POOR,1,ZERO_DEP_PREMIUM,1000.0,550.03,0,0.0
7,SUV,PETROL,PERSONAL,22836.64,22,15286,GOOD,0,COMPREHENSIVE,1000.0,813.56,0,0.0
5,TRUCK,HYBRID,PERSONAL,28177.91,41,4097,FAIR,0,ZERO_DEP_PREMIUM,250.0,986.23,0,0.0
10,SUV,PETROL,PERSONAL,17247.3,25,17294,GOOD,1,COMPREHENSIVE,500.0,491.55,1,9176.89
4,SEDAN,DIESEL,COMMERCIAL,18455.65,36,10125,GOOD,0,THIRD_PARTY,2000.0,311.44,0,0.0
14,SEDAN,PETROL,PERSONAL,8440.27,69,11964,EXCELLENT,0,THIRD_PARTY,1000.0,250.0,0,0.0
11,SEDAN,DIESEL,PERSONAL,12125.79,29,15011,FAIR,0,COMPREHENSIVE,250.0,345.59,1,4966.64
5,SEDAN,ELECTRIC,COMMERCIAL,21471.61,25,11204,FAIR,0,COMPREHENSIVE,500.0,826.12,0,0.0
6,SEDAN,PETROL,PERSONAL,15033.39,25,9177,EXCELLENT,0,COMPREHENSIVE,1000.0,428.45,0,0.0
15,SEDAN,PETROL,COMMERCIAL,8223.41,72,13788,EXCELLENT,1,COMPREHENSIVE,2000.0,363.86,0,0.0
8,SUV,CNG,PERSONAL,13052.67,55,22392,GOOD,1,ZERO_DEP_PREMIUM,1000.0,456.84,0,0.0
7,HATCHBACK,ELECTRIC,RIDESHARE,6377.03,37,16045,GOOD,0,COMPREHENSIVE,1000.0,272.62,0,0.0
4,SEDAN,HYBRID,PERSONAL,19323.37,75,9089,GOOD,2,ZERO_DEP_PREMIUM,2000.0,777.77,0,0.0
14,SEDAN,PETROL,PERSONAL,8028.23,46,10915,GOOD,0,ZERO_DEP_PREMIUM,1000.0,280.99,0,0.0
6,SUV,PETROL,COMMERCIAL,16499.69,58,10352,FAIR,0,ZERO_DEP_PREMIUM,2000.0,779.61,1,1886.69
7,SEDAN,PETROL,COMMERCIAL,13845.93,51,7857,GOOD,0,ZERO_DEP_PREMIUM,500.0,654.22,0,0.0
0,SEDAN,ELECTRIC,PERSONAL,19917.4,35,15199,GOOD,1,THIRD_PARTY,1000.0,250.0,0,0.0
15,SEDAN,PETROL,RIDESHARE,7085.68,18,11032,EXCELLENT,1,ZERO_DEP_PREMIUM,1000.0,465.0,0,0.0
7,TRUCK,PETROL,PERSONAL,29526.12,28,13929,EXCELLENT,1,COMPREHENSIVE,1000.0,841.49,0,0.0
10,HATCHBACK,PETROL,RIDESHARE,7578.64,64,3000,GOOD,0,COMPREHENSIVE,500.0,323.99,0,0.0
6,SEDAN,PETROL,PERSONAL,14244.95,61,15605,FAIR,0,ZERO_DEP_PREMIUM,2000.0,498.57,0,0.0
10,SUV,ELECTRIC,PERSONAL,19565.67,52,9835,FAIR,0,THIRD_PARTY,500.0,250.0,0,0.0
11,SUV,PETROL,PERSONAL,14850.16,68,7976,FAIR,0,ZERO_DEP_PREMIUM,500.0,519.76,0,0.0
11,SUV,DIESEL,PERSONAL,16210.33,69,6480,GOOD,1,ZERO_DEP_PREMIUM,1000.0,652.47,1,9925.25
1,SUV,HYBRID,PERSONAL,38289.5,49,8360,GOOD,0,ZERO_DEP_PREMIUM,500.0,1340.13,0,0.0
1,SUV,PETROL,PERSONAL,45621.29,68,10574,GOOD,1,ZERO_DEP_PREMIUM,500.0,1596.75,0,0.0
11,SEDAN,DIESEL,PERSONAL,11746.88,59,16499,EXCELLENT,1,COMPREHENSIVE,1000.0,334.79,0,0.0
5,SEDAN,CNG,PERSONAL,17256.67,33,10503,GOOD,1,COMPREHENSIVE,500.0,491.82,1,5036.64
15,SUV,CNG,PERSONAL,8370.51,23,16922,EXCELLENT,3,ZERO_DEP_PREMIUM,250.0,366.21,0,0.0
2,TRUCK,PETROL,COMMERCIAL,42904.17,26,13814,EXCELLENT,0,THIRD_PARTY,250.0,724.01,1,8951.14
0,SUV,PETROL,PERSONAL,40073.59,57,20686,GOOD,0,ZERO_DEP_PREMIUM,2000.0,1402.58,0,0.0
14,HATCHBACK,PETROL,COMMERCIAL,4873.18,39,10245,EXCELLENT,2,THIRD_PARTY,500.0,250.0,1,600.35
7,COMMERCIAL_VAN,ELECTRIC,RIDESHARE,18460.83,65,14361,GOOD,0,COMPREHENSIVE,500.0,789.2,0,0.0
6,SEDAN,ELECTRIC,PERSONAL,14766.22,25,18119,GOOD,0,THIRD_PARTY,1000.0,250.0,0,0.0
3,SUV,DIESEL,RIDESHARE,29588.24,73,15336,FAIR,1,THIRD_PARTY,500.0,638.0,1,2962.95
15,SUV,PETROL,PERSONAL,11263.41,49,11733,EXCELLENT,0,COMPREHENSIVE,2000.0,321.01,0,0.0
13,COMMERCIAL_VAN,PETROL,PERSONAL,13760.99,43,10305,EXCELLENT,1,COMPREHENSIVE,1000.0,392.19,0,0.0
15,COMMERCIAL_VAN,DIESEL,PERSONAL,7231.01,71,3753,FAIR,0,COMPREHENSIVE,500.0,250.0,0,0.0
0,SUV,DIESEL,PERSONAL,31387.97,35,11422,GOOD,2,THIRD_PARTY,1000.0,392.35,0,0.0
1,SEDAN,ELECTRIC,COMMERCIAL,17003.51,54,8349,FAIR,0,COMPREHENSIVE,500.0,654.21,0,0.0
8,HATCHBACK,PETROL,PERSONAL,5308.76,69,10062,EXCELLENT,1,ZERO_DEP_PREMIUM,500.0,250.0,1,1164.25
3,SEDAN,PETROL,PERSONAL,16792.3,29,12732,GOOD,0,THIRD_PARTY,500.0,250.0,0,0.0
2,HATCHBACK,PETROL,COMMERCIAL,16688.2,55,5475,EXCELLENT,1,COMPREHENSIVE,1000.0,642.08,0,0.0
7,TRUCK,PETROL,PERSONAL,30316.42,51,8032,GOOD,0,COMPREHENSIVE,500.0,864.02,0,0.0
3,SUV,PETROL,PERSONAL,26429.67,21,14243,FAIR,1,ZERO_DEP_PREMIUM,1000.0,1156.3,0,0.0
6,SUV,PETROL,PERSONAL,22369.85,33,6807,GOOD,0,THIRD_PARTY,500.0,279.62,0,0.0
14,SUV,PETROL,RIDESHARE,11480.81,78,12296,GOOD,0,THIRD_PARTY,500.0,250.0,1,2252.86
12,SUV,PETROL,COMMERCIAL,15870.31,41,6192,EXCELLENT,0,THIRD_PARTY,1000.0,267.81,0,0.0
13,SEDAN,PETROL,PERSONAL,10216.66,31,14868,POOR,1,ZERO_DEP_PREMIUM,250.0,357.58,0,0.0
13,HATCHBACK,ELECTRIC,PERSONAL,4500.0,34,15456,GOOD,0,ZERO_DEP_PREMIUM,1000.0,250.0,1,513.54
13,TRUCK,PETROL,PERSONAL,11281.35,68,18057,EXCELLENT,1,ZERO_DEP_PREMIUM,1000.0,394.85,0,0.0
4,TRUCK,DIESEL,PERSONAL,22159.07,48,18103,EXCELLENT,0,COMPREHENSIVE,500.0,631.53,0,0.0
4,SEDAN,ELECTRIC,COMMERCIAL,20175.49,21,13733,EXCELLENT,0,THIRD_PARTY,1000.0,425.58,0,0.0
10,TRUCK,DIESEL,PERSONAL,20515.68,67,4572,EXCELLENT,0,THIRD_PARTY,1000.0,256.45,0,0.0
5,HATCHBACK,CNG,PERSONAL,9143.8,61,12509,POOR,1,ZERO_DEP_PREMIUM,1000.0,320.03,0,0.0
11,SEDAN,PETROL,RIDESHARE,11956.44,51,14560,GOOD,1,COMPREHENSIVE,500.0,511.14,1,3911.55
12,SEDAN,ELECTRIC,COMMERCIAL,8526.64,55,13044,GOOD,0,COMPREHENSIVE,1000.0,328.06,0,0.0
3,SEDAN,CNG,PERSONAL,27407.79,55,19982,GOOD,0,COMPREHENSIVE,1000.0,781.12,0,0.0
1,TRUCK,HYBRID,PERSONAL,28039.2,20,18339,GOOD,1,THIRD_PARTY,1000.0,438.11,0,0.0
5,SUV,PETROL,PERSONAL,17447.4,25,12617,EXCELLENT,0,ZERO_DEP_PREMIUM,1000.0,610.66,1,2934.3
12,HATCHBACK,PETROL,PERSONAL,4701.72,29,15856,EXCELLENT,1,COMPREHENSIVE,1000.0,250.0,0,0.0
4,SEDAN,PETROL,PERSONAL,12798.99,52,5901,EXCELLENT,0,COMPREHENSIVE,2000.0,364.77,0,0.0
2,HATCHBACK,DIESEL,PERSONAL,16530.7,19,13351,GOOD,0,COMPREHENSIVE,250.0,588.91,0,0.0
3,SEDAN,ELECTRIC,COMMERCIAL,14438.76,70,6812,GOOD,0,ZERO_DEP_PREMIUM,1000.0,784.57,0,0.0
2,SEDAN,PETROL,RIDESHARE,26359.61,46,11694,POOR,0,COMPREHENSIVE,1000.0,1126.87,1,5298.03
2,SUV,DIESEL,PERSONAL,21965.12,40,9445,GOOD,2,THIRD_PARTY,1000.0,274.56,0,0.0
3,SEDAN,DIESEL,PERSONAL,17181.14,50,9569,GOOD,2,THIRD_PARTY,500.0,250.0,1,5460.95
1,HATCHBACK,PETROL,PERSONAL,18766.29,67,8844,POOR,0,THIRD_PARTY,1000.0,250.0,1,5020.66
3,SEDAN,HYBRID,RIDESHARE,26759.26,35,10699,GOOD,1,COMPREHENSIVE,2000.0,1143.96,1,1291.67
9,SUV,ELECTRIC,COMMERCIAL,15254.01,57,9926,GOOD,1,COMPREHENSIVE,1000.0,586.9,0,0.0
10,SUV,PETROL,PERSONAL,19331.57,75,15349,GOOD,1,ZERO_DEP_PREMIUM,500.0,778.1,0,0.0
1,SUV,DIESEL,PERSONAL,37307.63,39,11310,FAIR,0,ZERO_DEP_PREMIUM,500.0,1305.77,0,0.0
13,SEDAN,PETROL,COMMERCIAL,7561.75,31,12294,GOOD,0,COMPREHENSIVE,500.0,290.94,0,0.0
9,SEDAN,DIESEL,PERSONAL,14040.8,46,13809,GOOD,1,ZERO_DEP_PREMIUM,1000.0,491.43,1,3590.2
7,TRUCK,CNG,PERSONAL,20616.76,62,13795,GOOD,0,ZERO_DEP_PREMIUM,1000.0,721.59,0,0.0
9,SEDAN,HYBRID,PERSONAL,9858.43,32,7690,GOOD,0,COMPREHENSIVE,500.0,280.97,0,0.0
15,HATCHBACK,PETROL,COMMERCIAL,4508.61,32,11310,FAIR,0,THIRD_PARTY,250.0,250.0,0,0.0
4,COMMERCIAL_VAN,PETROL,PERSONAL,25363.8,62,13567,GOOD,2,COMPREHENSIVE,250.0,722.87,0,0.0
12,SEDAN,PETROL,COMMERCIAL,6666.76,21,8535,EXCELLENT,0,COMPREHENSIVE,1000.0,320.63,1,1019.8
6,SEDAN,DIESEL,PERSONAL,11027.31,53,8027,GOOD,0,ZERO_DEP_PREMIUM,500.0,385.96,0,0.0
10,SUV,PETROL,COMMERCIAL,17544.61,22,7220,POOR,0,COMPREHENSIVE,250.0,843.79,0,0.0
3,COMMERCIAL_VAN,DIESEL,PERSONAL,33593.61,20,13409,GOOD,0,ZERO_DEP_PREMIUM,500.0,1469.72,0,0.0
9,TRUCK,PETROL,PERSONAL,18607.84,29,11177,GOOD,2,ZERO_DEP_PREMIUM,1000.0,651.27,0,0.0
5,SUV,PETROL,COMMERCIAL,29819.34,37,11818,POOR,1,COMPREHENSIVE,500.0,1147.3,1,3270.86
12,HATCHBACK,PETROL,COMMERCIAL,5095.63,61,4489,GOOD,0,THIRD_PARTY,1000.0,250.0,0,0.0
11,SEDAN,CNG,RIDESHARE,11030.57,37,12819,POOR,1,THIRD_PARTY,500.0,250.0,0,0.0
13,COMMERCIAL_VAN,ELECTRIC,PERSONAL,14902.25,56,13042,EXCELLENT,0,ZERO_DEP_PREMIUM,500.0,521.58,0,0.0
9,COMMERCIAL_VAN,PETROL,PERSONAL,20952.74,56,13685,POOR,1,COMPREHENSIVE,1000.0,597.15,1,3259.69
3,SEDAN,PETROL,PERSONAL,20724.79,18,18989,EXCELLENT,1,COMPREHENSIVE,500.0,738.32,1,2509.05
14,SEDAN,DIESEL,PERSONAL,8168.17,61,9081,FAIR,0,THIRD_PARTY,250.0,250.0,0,0.0
15,SEDAN,PETROL,COMMERCIAL,6252.29,20,14694,FAIR,0,THIRD_PARTY,1000.0,250.0,0,0.0
15,SEDAN,DIESEL,PERSONAL,7285.14,64,14005,GOOD,2,THIRD_PARTY,500.0,250.0,0,0.0
5,HATCHBACK,ELECTRIC,PERSONAL,8789.24,26,14548,FAIR,1,COMPREHENSIVE,500.0,250.49,1,1440.72
0,SEDAN,DIESEL,PERSONAL,26112.31,71,11103,GOOD,0,COMPREHENSIVE,1000.0,855.83,0,0.0
5,SEDAN,DIESEL,PERSONAL,13737.28,71,15935,EXCELLENT,0,ZERO_DEP_PREMIUM,1000.0,552.93,0,0.0
5,SEDAN,DIESEL,RIDESHARE,11791.07,37,9217,GOOD,0,ZERO_DEP_PREMIUM,500.0,619.03,0,0.0
1,COMMERCIAL_VAN,HYBRID,PERSONAL,38452.2,75,10386,GOOD,0,COMPREHENSIVE,500.0,1260.27,1,5684.6
15,SUV,HYBRID,PERSONAL,11417.4,26,11666,GOOD,1,ZERO_DEP_PREMIUM,2000.0,399.61,0,0.0
11,SUV,DIESEL,COMMERCIAL,9158.51,48,11467,EXCELLENT,0,ZERO_DEP_PREMIUM,500.0,432.74,0,0.0
9,SEDAN,PETROL,PERSONAL,9315.07,63,14181,EXCELLENT,0,ZERO_DEP_PREMIUM,2000.0,326.03,0,0.0
9,COMMERCIAL_VAN,DIESEL,PERSONAL,16621.19,45,13671,GOOD,0,COMPREHENSIVE,1000.0,473.7,0,0.0
8,HATCHBACK,PETROL,PERSONAL,8773.99,52,13709,FAIR,0,COMPREHENSIVE,500.0,250.06,0,0.0
14,SEDAN,DIESEL,PERSONAL,5692.37,57,18447,FAIR,0,COMPREHENSIVE,2000.0,250.0,1,1381.77
5,SEDAN,DIESEL,PERSONAL,12001.29,78,11564,EXCELLENT,0,ZERO_DEP_PREMIUM,500.0,483.05,0,0.0
11,SEDAN,PETROL,PERSONAL,9797.12,55,17253,POOR,1,ZERO_DEP_PREMIUM,500.0,342.9,0,0.0
14,SEDAN,PETROL,PERSONAL,8839.23,61,7709,POOR,1,THIRD_PARTY,500.0,250.0,0,0.0
10,SUV,DIESEL,PERSONAL,10159.06,19,11922,EXCELLENT,0,COMPREHENSIVE,1000.0,361.92,0,0.0
12,TRUCK,HYBRID,PERSONAL,13402.27,20,12198,GOOD,1,COMPREHENSIVE,500.0,477.46,0,0.0
6,SUV,DIESEL,PERSONAL,23805.4,31,6612,GOOD,1,COMPREHENSIVE,250.0,678.45,0,0.0
1,HATCHBACK,DIESEL,RIDESHARE,11524.52,34,12702,GOOD,0,THIRD_PARTY,1000.0,250.0,0,0.0
1,SUV,PETROL,PERSONAL,28342.73,52,13021,GOOD,0,ZERO_DEP_PREMIUM,500.0,992.0,0,0.0
15,HATCHBACK,DIESEL,COMMERCIAL,4500.0,21,15188,GOOD,0,THIRD_PARTY,250.0,250.0,1,231.0
1,HATCHBACK,PETROL,PERSONAL,19907.34,64,14669,GOOD,0,COMPREHENSIVE,500.0,567.36,0,0.0
9,SEDAN,DIESEL,PERSONAL,10026.24,47,6751,EXCELLENT,1,ZERO_DEP_PREMIUM,1000.0,350.92,0,0.0
12,SEDAN,PETROL,PERSONAL,8730.38,71,17881,EXCELLENT,0,ZERO_DEP_PREMIUM,2000.0,351.4,0,0.0
10,SUV,DIESEL,RIDESHARE,13737.92,75,10418,FAIR,1,COMPREHENSIVE,1000.0,675.39,1,2343.61
8,SEDAN,PETROL,PERSONAL,16239.05,56,9778,EXCELLENT,0,ZERO_DEP_PREMIUM,500.0,568.37,0,0.0
2,SEDAN,PETROL,PERSONAL,16154.9,68,14706,FAIR,3,ZERO_DEP_PREMIUM,500.0,565.42,1,2375.15
12,SUV,CNG,RIDESHARE,12727.11,31,16329,GOOD,0,THIRD_PARTY,500.0,250.0,0,0.0
3,COMMERCIAL_VAN,PETROL,COMMERCIAL,37005.45,65,10375,GOOD,0,THIRD_PARTY,1000.0,624.47,1,26844.16
0,SUV,PETROL,PERSONAL,50100.56,44,12300,FAIR,2,COMPREHENSIVE,1000.0,1427.87,0,0.0
0,HATCHBACK,DIESEL,RIDESHARE,19025.73,30,16600,EXCELLENT,0,ZERO_DEP_PREMIUM,250.0,998.85,0,0.0
3,SUV,HYBRID,PERSONAL,26204.96,72,8312,EXCELLENT,0,ZERO_DEP_PREMIUM,500.0,1054.75,0,0.0
13,HATCHBACK,PETROL,PERSONAL,4640.2,78,3000,POOR,0,THIRD_PARTY,500.0,250.0,0,0.0
1,SUV,ELECTRIC,PERSONAL,30996.78,37,14919,GOOD,0,COMPREHENSIVE,1000.0,883.41,0,0.0
15,TRUCK,HYBRID,PERSONAL,12002.49,66,16617,EXCELLENT,0,COMPREHENSIVE,2000.0,342.07,0,0.0
7,SUV,PETROL,PERSONAL,22651.2,66,5325,EXCELLENT,0,COMPREHENSIVE,250.0,645.56,0,0.0
12,SUV,PETROL,COMMERCIAL,14785.69,41,12409,FAIR,1,COMPREHENSIVE,1000.0,568.88,0,0.0
3,SUV,PETROL,PERSONAL,26901.09,27,10258,GOOD,0,COMPREHENSIVE,250.0,766.68,0,0.0
15,SUV,ELECTRIC,PERSONAL,10512.79,24,13078,EXCELLENT,0,COMPREHENSIVE,500.0,374.52,0,0.0
2,SEDAN,PETROL,COMMERCIAL,28880.2,69,3191,FAIR,0,COMPREHENSIVE,250.0,1277.84,1,1100.77
2,SEDAN,PETROL,PERSONAL,28949.56,34,6797,GOOD,0,ZERO_DEP_PREMIUM,250.0,1013.23,0,0.0
5,SEDAN,DIESEL,RIDESHARE,19353.31,39,14519,POOR,2,ZERO_DEP_PREMIUM,250.0,1016.05,0,0.0
11,TRUCK,DIESEL,RIDESHARE,17866.06,76,11900,GOOD,1,ZERO_DEP_PREMIUM,250.0,1078.66,0,0.0
12,SEDAN,PETROL,RIDESHARE,8988.61,61,19270,GOOD,1,ZERO_DEP_PREMIUM,1000.0,471.9,0,0.0
5,SEDAN,DIESEL,COMMERCIAL,13438.03,28,15148,EXCELLENT,0,THIRD_PARTY,500.0,250.0,0,0.0
5,HATCHBACK,PETROL,PERSONAL,7853.23,59,8166,GOOD,0,ZERO_DEP_PREMIUM,500.0,274.86,0,0.0
5,SEDAN,PETROL,PERSONAL,16873.79,40,15737,EXCELLENT,1,THIRD_PARTY,500.0,250.0,0,0.0
7,SUV,DIESEL,PERSONAL,15098.72,71,20187,GOOD,0,ZERO_DEP_PREMIUM,2000.0,607.72,0,0.0
7,SEDAN,HYBRID,PERSONAL,14831.76,77,12174,EXCELLENT,1,COMPREHENSIVE,500.0,486.11,0,0.0
8,COMMERCIAL_VAN,PETROL,PERSONAL,20585.63,39,14312,GOOD,1,THIRD_PARTY,500.0,257.32,0,0.0
0,TRUCK,HYBRID,PERSONAL,46988.96,57,16214,POOR,1,COMPREHENSIVE,2000.0,1339.19,0,0.0
9,TRUCK,DIESEL,RIDESHARE,13660.35,64,11749,EXCELLENT,1,COMPREHENSIVE,1000.0,583.98,0,0.0
7,SUV,PETROL,RIDESHARE,13774.13,71,3000,GOOD,1,COMPREHENSIVE,500.0,677.17,0,0.0
4,HATCHBACK,ELECTRIC,PERSONAL,8550.9,35,15001,GOOD,0,COMPREHENSIVE,500.0,250.0,0,0.0
2,SEDAN,PETROL,PERSONAL,17387.08,72,16098,GOOD,0,ZERO_DEP_PREMIUM,250.0,699.83,0,0.0
10,SEDAN,CNG,PERSONAL,14103.04,62,19084,FAIR,0,COMPREHENSIVE,1000.0,401.94,0,0.0
9,SEDAN,HYBRID,COMMERCIAL,10471.36,43,7548,FAIR,0,COMPREHENSIVE,1000.0,402.89,0,0.0
2,SUV,PETROL,PERSONAL,26961.06,65,7756,POOR,1,ZERO_DEP_PREMIUM,500.0,943.64,0,0.0
5,SUV,PETROL,PERSONAL,16547.53,47,9399,FAIR,0,THIRD_PARTY,1000.0,250.0,0,0.0
7,SUV,PETROL,PERSONAL,21295.76,30,11744,FAIR,0,COMPREHENSIVE,500.0,606.93,0,0.0
9,SEDAN,PETROL,PERSONAL,12867.79,21,14922,GOOD,2,ZERO_DEP_PREMIUM,500.0,562.97,1,3680.47
1,SUV,PETROL,RIDESHARE,26955.39,60,7455,GOOD,0,COMPREHENSIVE,500.0,1152.34,1,5476.26
11,HATCHBACK,PETROL,PERSONAL,7617.33,44,16771,GOOD,0,COMPREHENSIVE,500.0,250.0,0,0.0
8,SUV,DIESEL,PERSONAL,21336.5,68,16544,EXCELLENT,1,THIRD_PARTY,500.0,266.71,0,0.0
4,HATCHBACK,PETROL,COMMERCIAL,9449.34,57,16673,GOOD,1,THIRD_PARTY,2000.0,250.0,1,2423.6
4,SEDAN,ELECTRIC,COMMERCIAL,18544.36,27,11103,GOOD,0,THIRD_PARTY,500.0,312.94,0,0.0
0,HATCHBACK,ELECTRIC,COMMERCIAL,16333.98,61,3000,GOOD,1,THIRD_PARTY,500.0,275.64,0,0.0
5,SUV,DIESEL,PERSONAL,21206.31,45,19705,GOOD,0,COMPREHENSIVE,500.0,604.38,0,0.0
12,SEDAN,HYBRID,PERSONAL,10667.8,38,9832,EXCELLENT,0,THIRD_PARTY,250.0,250.0,0,0.0
10,SEDAN,PETROL,PERSONAL,7861.77,69,15729,GOOD,0,THIRD_PARTY,1000.0,250.0,0,0.0
10,SUV,PETROL,PERSONAL,13888.88,28,13047,POOR,1,ZERO_DEP_PREMIUM,500.0,486.11,1,1523.26
4,HATCHBACK,DIESEL,PERSONAL,10967.84,37,17579,GOOD,0,THIRD_PARTY,250.0,250.0,0,0.0
6,SUV,DIESEL,PERSONAL,21017.91,70,12269,EXCELLENT,0,COMPREHENSIVE,1000.0,688.86,0,0.0
6,SEDAN,DIESEL,PERSONAL,19237.46,77,12809,GOOD,0,THIRD_PARTY,500.0,276.54,0,0.0
15,TRUCK,HYBRID,RIDESHARE,9117.55,53,13309,FAIR,0,COMPREHENSIVE,500.0,389.78,0,0.0
3,SUV,CNG,PERSONAL,20944.5,36,14379,POOR,0,COMPREHENSIVE,1000.0,596.92,0,0.0
4,SUV,DIESEL,RIDESHARE,27957.17,69,6941,FAIR,0,THIRD_PARTY,250.0,602.83,0,0.0
9,SUV,ELECTRIC,PERSONAL,12658.43,27,20940,GOOD,0,ZERO_DEP_PREMIUM,500.0,443.05,0,0.0
13,SEDAN,PETROL,PERSONAL,5741.04,32,12181,GOOD,0,COMPREHENSIVE,500.0,250.0,0,0.0
15,SUV,PETROL,PERSONAL,8736.52,62,15087,POOR,0,COMPREHENSIVE,1000.0,250.0,0,0.0
7,SEDAN,ELECTRIC,COMMERCIAL,11470.84,62,19321,GOOD,0,THIRD_PARTY,500.0,250.0,0,0.0
1,COMMERCIAL_VAN,PETROL,PERSONAL,32949.61,70,12464,EXCELLENT,1,COMPREHENSIVE,1000.0,1079.92,0,0.0
0,SUV,PETROL,COMMERCIAL,31744.72,77,8017,GOOD,1,COMPREHENSIVE,1000.0,1404.58,0,0.0
13,SUV,PETROL,PERSONAL,8080.06,35,7874,POOR,1,COMPREHENSIVE,1000.0,250.0,0,0.0
5,SUV,DIESEL,RIDESHARE,24537.41,24,10476,GOOD,0,COMPREHENSIVE,2000.0,1311.22,0,0.0
10,TRUCK,PETROL,PERSONAL,12318.08,47,14000,POOR,0,THIRD_PARTY,1000.0,250.0,0,0.0
13,HATCHBACK,DIESEL,COMMERCIAL,6462.83,31,14470,EXCELLENT,0,COMPREHENSIVE,500.0,250.0,1,1212.28
3,SUV,PETROL,PERSONAL,25471.85,54,17584,FAIR,0,ZERO_DEP_PREMIUM,1000.0,891.51,0,0.0
12,HATCHBACK,PETROL,COMMERCIAL,6122.44,58,5585,EXCELLENT,0,THIRD_PARTY,1000.0,250.0,0,0.0
9,SUV,PETROL,PERSONAL,19522.65,47,13497,EXCELLENT,1,COMPREHENSIVE,500.0,556.4,0,0.0
2,SUV,PETROL,PERSONAL,26692.51,71,15270,GOOD,0,COMPREHENSIVE,1000.0,874.85,0,0.0
15,SEDAN,HYBRID,RIDESHARE,7734.23,44,15101,GOOD,0,THIRD_PARTY,500.0,250.0,0,0.0
15,SUV,PETROL,PERSONAL,11221.39,66,3000,GOOD,0,ZERO_DEP_PREMIUM,1000.0,392.75,0,0.0
6,SEDAN,PETROL,PERSONAL,12829.29,74,10826,POOR,0,COMPREHENSIVE,1000.0,420.48,0,0.0
7,TRUCK,DIESEL,COMMERCIAL,31713.02,54,16161,EXCELLENT,0,COMPREHENSIVE,1000.0,1220.16,0,0.0
10,SEDAN,DIESEL,PERSONAL,7234.0,65,8843,EXCELLENT,0,COMPREHENSIVE,1000.0,250.0,0,0.0
11,COMMERCIAL_VAN,PETROL,PERSONAL,11471.7,58,7161,GOOD,1,COMPREHENSIVE,1000.0,326.94,0,0.0
3,SUV,PETROL,PERSONAL,33802.57,34,15037,FAIR,0,COMPREHENSIVE,500.0,963.37,0,0.0
11,SUV,CNG,COMMERCIAL,10663.7,47,13846,FAIR,1,COMPREHENSIVE,1000.0,410.29,0,0.0
11,SUV,DIESEL,PERSONAL,15165.61,35,13537,GOOD,0,ZERO_DEP_PREMIUM,2000.0,530.8,0,0.0
14,SEDAN,PETROL,PERSONAL,9018.18,20,9591,FAIR,0,COMPREHENSIVE,1000.0,321.27,0,0.0
9,SEDAN,DIESEL,PERSONAL,15258.99,45,6584,EXCELLENT,0,COMPREHENSIVE,1000.0,434.88,0,0.0
11,SEDAN,PETROL,COMMERCIAL,9508.17,54,16772,EXCELLENT,0,ZERO_DEP_PREMIUM,2000.0,449.26,1,1579.06
10,SUV,PETROL,RIDESHARE,19343.06,47,27518,GOOD,1,COMPREHENSIVE,250.0,826.92,1,19343.06
10,SUV,DIESEL,COMMERCIAL,13852.65,71,5209,FAIR,0,ZERO_DEP_PREMIUM,250.0,752.72,1,1673.42
14,HATCHBACK,HYBRID,PERSONAL,4500.0,38,17091,GOOD,2,COMPREHENSIVE,2000.0,250.0,0,0.0
5,SEDAN,PETROL,PERSONAL,17194.19,66,11729,GOOD,0,COMPREHENSIVE,1000.0,490.03,0,0.0
12,SEDAN,ELECTRIC,PERSONAL,9682.9,37,13927,GOOD,1,COMPREHENSIVE,250.0,275.96,0,0.0
10,SUV,PETROL,PERSONAL,14307.41,39,12231,GOOD,0,COMPREHENSIVE,500.0,407.76,0,0.0
10,TRUCK,PETROL,RIDESHARE,18794.29,53,22378,FAIR,0,COMPREHENSIVE,1000.0,803.46,0,0.0
14,HATCHBACK,PETROL,COMMERCIAL,4500.0,53,8890,GOOD,0,THIRD_PARTY,1000.0,250.0,0,0.0
1,SUV,PETROL,PERSONAL,34965.84,38,9793,EXCELLENT,0,COMPREHENSIVE,500.0,996.53,1,3027.39
7,SUV,HYBRID,PERSONAL,25427.44,41,12842,FAIR,1,ZERO_DEP_PREMIUM,500.0,889.96,0,0.0
5,SEDAN,DIESEL,PERSONAL,17034.16,38,15053,GOOD,0,COMPREHENSIVE,1000.0,485.47,0,0.0
10,COMMERCIAL_VAN,PETROL,PERSONAL,12981.02,24,18507,FAIR,0,COMPREHENSIVE,2000.0,462.45,1,7901.94
8,SUV,CNG,PERSONAL,20841.79,25,14712,POOR,0,ZERO_DEP_PREMIUM,1000.0,729.46,0,0.0
10,SEDAN,HYBRID,PERSONAL,9479.96,39,13514,GOOD,0,THIRD_PARTY,1000.0,250.0,0,0.0
15,SUV,ELECTRIC,PERSONAL,11122.1,39,10512,GOOD,0,ZERO_DEP_PREMIUM,500.0,389.27,0,0.0
12,SEDAN,HYBRID,RIDESHARE,6202.66,47,14806,GOOD,1,COMPREHENSIVE,500.0,265.16,0,0.0
12,COMMERCIAL_VAN,PETROL,PERSONAL,11427.22,51,9288,GOOD,0,COMPREHENSIVE,250.0,325.68,0,0.0
5,SEDAN,ELECTRIC,PERSONAL,12429.07,46,13409,FAIR,1,THIRD_PARTY,500.0,250.0,0,0.0
5,SUV,DIESEL,PERSONAL,17067.28,78,11519,GOOD,0,THIRD_PARTY,500.0,250.0,0,0.0
11,SEDAN,HYBRID,RIDESHARE,10695.8,27,8078,FAIR,1,THIRD_PARTY,500.0,250.0,0,0.0
1,HATCHBACK,ELECTRIC,COMMERCIAL,14119.33,22,19514,FAIR,0,ZERO_DEP_PREMIUM,500.0,833.92,0,0.0
15,HATCHBACK,PETROL,PERSONAL,5093.59,66,8091,EXCELLENT,0,ZERO_DEP_PREMIUM,2000.0,250.0,0,0.0
4,SUV,ELECTRIC,PERSONAL,26204.83,74,10727,FAIR,1,COMPREHENSIVE,250.0,858.86,0,0.0
8,SUV,PETROL,PERSONAL,15350.29,56,5367,FAIR,0,COMPREHENSIVE,500.0,437.48,0,0.0
0,TRUCK,PETROL,PERSONAL,53003.38,51,11744,FAIR,0,ZERO_DEP_PREMIUM,1000.0,1855.12,0,0.0
3,SEDAN,PETROL,PERSONAL,22273.38,55,14451,GOOD,0,ZERO_DEP_PREMIUM,500.0,779.57,0,0.0
9,SEDAN,HYBRID,PERSONAL,14015.82,27,8419,GOOD,0,COMPREHENSIVE,1000.0,399.45,0,0.0
9,SEDAN,PETROL,PERSONAL,12800.8,26,4314,EXCELLENT,0,THIRD_PARTY,500.0,250.0,0,0.0
13,COMMERCIAL_VAN,DIESEL,PERSONAL,9109.52,77,10812,FAIR,0,COMPREHENSIVE,1000.0,298.56,0,0.0
2,SUV,PETROL,PERSONAL,34856.23,49,11794,GOOD,0,COMPREHENSIVE,1000.0,993.4,1,6651.47
0,HATCHBACK,CNG,PERSONAL,15585.35,22,11441,GOOD,1,COMPREHENSIVE,1000.0,555.23,0,0.0
0,SUV,PETROL,PERSONAL,36871.2,52,19633,EXCELLENT,0,COMPREHENSIVE,250.0,1050.83,0,0.0
14,SEDAN,ELECTRIC,PERSONAL,9339.12,28,14007,GOOD,0,ZERO_DEP_PREMIUM,1000.0,326.87,0,0.0
0,SEDAN,HYBRID,PERSONAL,24751.35,59,13653,EXCELLENT,0,COMPREHENSIVE,500.0,705.41,0,0.0
0,SEDAN,PETROL,PERSONAL,29337.66,33,13984,POOR,0,COMPREHENSIVE,1000.0,836.12,0,0.0
14,SUV,PETROL,COMMERCIAL,9175.49,44,13956,FAIR,1,COMPREHENSIVE,1000.0,353.03,0,0.0
12,SEDAN,ELECTRIC,COMMERCIAL,6425.01,37,10505,EXCELLENT,0,COMPREHENSIVE,1000.0,250.0,0,0.0
1,SEDAN,HYBRID,COMMERCIAL,24073.29,68,8289,GOOD,2,THIRD_PARTY,500.0,406.24,0,0.0
10,TRUCK,ELECTRIC,PERSONAL,19155.18,18,23621,GOOD,1,COMPREHENSIVE,500.0,682.4,0,0.0
4,COMMERCIAL_VAN,PETROL,COMMERCIAL,25674.18,43,11842,FAIR,0,THIRD_PARTY,500.0,433.25,0,0.0
1,SEDAN,HYBRID,PERSONAL,23032.21,28,12597,FAIR,1,COMPREHENSIVE,500.0,656.42,0,0.0
3,SEDAN,PETROL,RIDESHARE,24966.48,78,12703,POOR,0,THIRD_PARTY,1000.0,538.34,0,0.0
8,SEDAN,DIESEL,PERSONAL,8812.66,32,9093,GOOD,0,COMPREHENSIVE,500.0,251.16,0,0.0
2,SUV,ELECTRIC,PERSONAL,27036.43,56,13303,EXCELLENT,1,THIRD_PARTY,1000.0,337.96,0,0.0
1,HATCHBACK,PETROL,PERSONAL,18465.43,57,6744,GOOD,0,THIRD_PARTY,500.0,250.0,0,0.0
15,SEDAN,ELECTRIC,RIDESHARE,8494.02,65,15721,FAIR,0,ZERO_DEP_PREMIUM,1000.0,445.94,0,0.0
3,SEDAN,DIESEL,RIDESHARE,19369.68,35,11347,GOOD,0,COMPREHENSIVE,500.0,828.05,1,4163.62
8,HATCHBACK,HYBRID,COMMERCIAL,9947.95,41,17577,EXCELLENT,0,COMPREHENSIVE,1000.0,382.75,0,0.0
3,SUV,PETROL,PERSONAL,22767.67,45,14828,FAIR,3,COMPREHENSIVE,1000.0,648.88,1,7516.36
14,SEDAN,PETROL,PERSONAL,5936.34,42,14271,FAIR,0,COMPREHENSIVE,1000.0,250.0,0,0.0
11,SUV,ELECTRIC,RIDESHARE,16486.66,40,8928,EXCELLENT,2,COMPREHENSIVE,1000.0,704.8,1,2609.53
4,SEDAN,PETROL,PERSONAL,23753.88,28,12815,FAIR,0,ZERO_DEP_PREMIUM,1000.0,831.39,0,0.0
3,SEDAN,PETROL,RIDESHARE,16770.77,50,15900,EXCELLENT,0,THIRD_PARTY,1000.0,314.45,0,0.0
12,HATCHBACK,CNG,PERSONAL,4500.0,33,13024,EXCELLENT,1,ZERO_DEP_PREMIUM,1000.0,250.0,0,0.0
7,HATCHBACK,PETROL,PERSONAL,6310.49,53,6390,GOOD,0,ZERO_DEP_PREMIUM,1000.0,250.0,0,0.0
13,SUV,CNG,COMMERCIAL,9327.92,40,16934,FAIR,1,THIRD_PARTY,500.0,250.0,1,1043.43
12,TRUCK,PETROL,PERSONAL,17495.14,23,15901,GOOD,0,COMPREHENSIVE,500.0,623.26,0,0.0
14,SUV,PETROL,RIDESHARE,10161.43,60,5747,GOOD,0,COMPREHENSIVE,2000.0,434.4,0,0.0
14,HATCHBACK,ELECTRIC,PERSONAL,4500.0,41,13066,EXCELLENT,1,ZERO_DEP_PREMIUM,1000.0,250.0,0,0.0
3,SUV,DIESEL,RIDESHARE,30082.8,55,16168,FAIR,2,THIRD_PARTY,1000.0,564.05,1,4950.79
1,TRUCK,DIESEL,PERSONAL,52979.17,59,9801,GOOD,0,COMPREHENSIVE,250.0,1509.91,0,0.0
11,TRUCK,DIESEL,PERSONAL,11901.56,23,6537,POOR,0,ZERO_DEP_PREMIUM,1000.0,520.69,0,0.0
3,SEDAN,ELECTRIC,PERSONAL,23243.13,27,7663,FAIR,0,THIRD_PARTY,1000.0,290.54,1,1935.37
1,TRUCK,PETROL,PERSONAL,54004.09,39,12010,EXCELLENT,0,THIRD_PARTY,2000.0,675.05,0,0.0
8,HATCHBACK,PETROL,PERSONAL,6390.51,40,16687,FAIR,0,ZERO_DEP_PREMIUM,250.0,250.0,0,0.0
10,HATCHBACK,PETROL,RIDESHARE,8015.37,22,7607,EXCELLENT,0,ZERO_DEP_PREMIUM,250.0,526.01,1,434.98
13,SEDAN,DIESEL,PERSONAL,9068.88,45,7641,POOR,0,COMPREHENSIVE,500.0,258.46,0,0.0
7,HATCHBACK,PETROL,PERSONAL,5871.46,76,11134,EXCELLENT,0,COMPREHENSIVE,1000.0,250.0,0,0.0
8,TRUCK,PETROL,RIDESHARE,17838.39,26,15594,EXCELLENT,0,ZERO_DEP_PREMIUM,2000.0,936.52,0,0.0
3,SEDAN,DIESEL,PERSONAL,22024.15,56,20392,GOOD,0,ZERO_DEP_PREMIUM,500.0,770.85,0,0.0
0,COMMERCIAL_VAN,PETROL,PERSONAL,39963.85,66,12895,EXCELLENT,0,COMPREHENSIVE,250.0,1138.97,0,0.0
2,SEDAN,PETROL,PERSONAL,23028.17,76,9463,GOOD,1,COMPREHENSIVE,500.0,754.75,1,1914.58
6,SEDAN,DIESEL,COMMERCIAL,12732.27,61,8916,GOOD,0,COMPREHENSIVE,1000.0,489.87,0,0.0
0,SUV,PETROL,PERSONAL,42210.09,45,18674,GOOD,0,THIRD_PARTY,500.0,527.63,0,0.0
10,SUV,HYBRID,PERSONAL,12427.73,42,6817,GOOD,0,THIRD_PARTY,1000.0,250.0,0,0.0
7,SUV,DIESEL,RIDESHARE,18093.75,60,13372,FAIR,0,ZERO_DEP_PREMIUM,500.0,949.92,1,519.53
8,SEDAN,PETROL,COMMERCIAL,11716.0,55,18429,GOOD,0,THIRD_PARTY,250.0,250.0,0,0.0
7,COMMERCIAL_VAN,DIESEL,PERSONAL,22983.39,44,11787,POOR,1,THIRD_PARTY,1000.0,287.29,0,0.0
4,SEDAN,PETROL,COMMERCIAL,13607.06,41,7635,EXCELLENT,2,COMPREHENSIVE,500.0,523.53,0,0.0
11,SEDAN,ELECTRIC,RIDESHARE,7775.15,74,14881,GOOD,0,THIRD_PARTY,500.0,250.0,0,0.0
10,SEDAN,CNG,PERSONAL,8508.37,60,12967,GOOD,0,COMPREHENSIVE,2000.0,250.0,0,0.0
13,SUV,DIESEL,COMMERCIAL,8196.81,60,14616,GOOD,1,COMPREHENSIVE,500.0,315.37,0,0.0
11,TRUCK,DIESEL,PERSONAL,13180.36,63,15103,GOOD,0,COMPREHENSIVE,1000.0,375.64,0,0.0
12,SUV,PETROL,PERSONAL,13059.59,33,14829,POOR,1,COMPREHENSIVE,250.0,372.2,0,0.0
14,HATCHBACK,PETROL,PERSONAL,5180.69,19,13832,GOOD,0,COMPREHENSIVE,500.0,250.0,0,0.0
8,SEDAN,HYBRID,PERSONAL,14209.87,19,15546,GOOD,0,COMPREHENSIVE,1000.0,506.23,0,0.0
3,SUV,PETROL,PERSONAL,28013.81,22,18570,FAIR,0,THIRD_PARTY,250.0,437.72,0,0.0
8,SUV,PETROL,COMMERCIAL,12471.73,63,8974,EXCELLENT,0,ZERO_DEP_PREMIUM,500.0,589.29,0,0.0
0,SUV,PETROL,PERSONAL,49366.98,38,11304,GOOD,0,COMPREHENSIVE,1000.0,1406.96,0,0.0
11,SEDAN,ELECTRIC,PERSONAL,7533.52,77,16071,EXCELLENT,0,COMPREHENSIVE,500.0,250.0,0,0.0
10,SUV,PETROL,PERSONAL,16372.7,27,12172,EXCELLENT,0,COMPREHENSIVE,250.0,466.62,0,0.0
2,SUV,HYBRID,COMMERCIAL,39918.43,59,6813,EXCELLENT,1,THIRD_PARTY,500.0,673.62,0,0.0
3,HATCHBACK,PETROL,PERSONAL,14329.23,35,13997,POOR,0,THIRD_PARTY,1000.0,250.0,0,0.0
10,SUV,PETROL,PERSONAL,11953.07,43,10288,EXCELLENT,0,ZERO_DEP_PREMIUM,1000.0,418.36,0,0.0
9,SEDAN,ELECTRIC,PERSONAL,10247.85,37,22041,GOOD,1,COMPREHENSIVE,1000.0,292.06,0,0.0
0,SUV,PETROL,COMMERCIAL,25961.19,58,16969,EXCELLENT,0,COMPREHENSIVE,500.0,998.86,0,0.0
11,SEDAN,DIESEL,PERSONAL,10401.5,53,17718,GOOD,2,ZERO_DEP_PREMIUM,250.0,364.05,0,0.0
5,TRUCK,PETROL,COMMERCIAL,31002.03,66,12687,GOOD,0,THIRD_PARTY,250.0,523.16,0,0.0
12,SUV,PETROL,PERSONAL,14022.08,38,13897,GOOD,1,ZERO_DEP_PREMIUM,1000.0,490.77,0,0.0
15,SEDAN,PETROL,PERSONAL,4500.0,19,10959,FAIR,0,COMPREHENSIVE,1000.0,250.0,0,0.0
14,COMMERCIAL_VAN,HYBRID,PERSONAL,12912.7,63,8728,POOR,1,COMPREHENSIVE,500.0,368.01,0,0.0
3,SUV,DIESEL,RIDESHARE,33018.1,71,8397,GOOD,0,ZERO_DEP_PREMIUM,500.0,1993.47,0,0.0
3,SEDAN,ELECTRIC,PERSONAL,15647.25,50,22114,EXCELLENT,0,COMPREHENSIVE,500.0,445.95,0,0.0
0,SUV,PETROL,PERSONAL,33960.19,40,14285,FAIR,1,THIRD_PARTY,500.0,424.5,0,0.0
4,SEDAN,DIESEL,PERSONAL,20449.84,56,6547,POOR,1,COMPREHENSIVE,1000.0,582.82,0,0.0
8,HATCHBACK,DIESEL,PERSONAL,7878.11,48,16826,GOOD,0,ZERO_DEP_PREMIUM,1000.0,275.73,0,0.0
5,HATCHBACK,HYBRID,PERSONAL,7793.57,21,24304,GOOD,0,COMPREHENSIVE,250.0,277.65,0,0.0
14,COMMERCIAL_VAN,ELECTRIC,COMMERCIAL,7723.76,58,5589,EXCELLENT,0,COMPREHENSIVE,2000.0,297.17,1,897.75
7,SUV,ELECTRIC,PERSONAL,23198.8,20,15201,GOOD,0,COMPREHENSIVE,500.0,826.46,0,0.0
15,SUV,PETROL,PERSONAL,7078.92,54,7447,GOOD,0,COMPREHENSIVE,2000.0,250.0,0,0.0
10,HATCHBACK,DIESEL,PERSONAL,5112.04,70,17699,POOR,0,ZERO_DEP_PREMIUM,500.0,250.0,0,0.0
3,SEDAN,DIESEL,PERSONAL,25111.1,73,3000,EXCELLENT,0,COMPREHENSIVE,500.0,823.02,0,0.0
8,SUV,HYBRID,PERSONAL,19104.44,27,12854,GOOD,0,ZERO_DEP_PREMIUM,500.0,668.66,0,0.0
15,SUV,PETROL,PERSONAL,9826.97,59,14496,GOOD,0,ZERO_DEP_PREMIUM,2000.0,343.94,0,0.0
6,SEDAN,PETROL,RIDESHARE,15289.36,49,6269,GOOD,0,THIRD_PARTY,500.0,286.68,0,0.0
13,SUV,PETROL,PERSONAL,11602.73,53,14498,GOOD,0,COMPREHENSIVE,1000.0,330.68,0,0.0
13,TRUCK,PETROL,PERSONAL,14477.34,66,10408,POOR,0,COMPREHENSIVE,500.0,412.6,0,0.0
6,TRUCK,PETROL,PERSONAL,34418.01,44,20254,GOOD,0,COMPREHENSIVE,2000.0,980.91,0,0.0
7,SEDAN,HYBRID,PERSONAL,11502.13,70,6093,POOR,0,THIRD_PARTY,500.0,250.0,0,0.0
15,SEDAN,DIESEL,COMMERCIAL,5371.7,66,16588,EXCELLENT,0,COMPREHENSIVE,1000.0,250.0,0,0.0
1,SEDAN,HYBRID,COMMERCIAL,17509.65,36,12050,EXCELLENT,0,THIRD_PARTY,500.0,295.48,0,0.0
11,TRUCK,ELECTRIC,PERSONAL,18098.5,55,18321,POOR,0,ZERO_DEP_PREMIUM,1000.0,633.45,0,0.0
5,SEDAN,PETROL,PERSONAL,17593.07,18,18424,EXCELLENT,1,ZERO_DEP_PREMIUM,500.0,769.7,0,0.0
6,HATCHBACK,DIESEL,PERSONAL,7067.63,43,11367,FAIR,0,COMPREHENSIVE,500.0,250.0,1,747.12
2,SEDAN,PETROL,PERSONAL,20565.54,63,12298,GOOD,0,COMPREHENSIVE,250.0,586.12,0,0.0
7,SUV,HYBRID,PERSONAL,15349.0,30,16589,GOOD,2,ZERO_DEP_PREMIUM,2000.0,537.22,1,3513.06
0,SEDAN,PETROL,COMMERCIAL,24232.97,52,14848,GOOD,1,COMPREHENSIVE,500.0,932.36,0,0.0
0,HATCHBACK,PETROL,PERSONAL,21854.16,72,11972,FAIR,0,THIRD_PARTY,2000.0,314.15,0,0.0
9,SEDAN,PETROL,PERSONAL,13110.23,19,8749,POOR,0,COMPREHENSIVE,500.0,467.05,1,2152.53
2,SUV,DIESEL,PERSONAL,21026.07,39,14143,EXCELLENT,0,COMPREHENSIVE,250.0,599.24,1,2861.12
5,SEDAN,PETROL,PERSONAL,14225.22,56,7500,GOOD,0,COMPREHENSIVE,250.0,405.42,0,0.0
6,HATCHBACK,PETROL,PERSONAL,6426.04,45,15417,GOOD,0,ZERO_DEP_PREMIUM,1000.0,250.0,0,0.0
1,TRUCK,ELECTRIC,PERSONAL,48064.33,61,17497,FAIR,2,ZERO_DEP_PREMIUM,1000.0,1682.25,0,0.0
13,SEDAN,ELECTRIC,COMMERCIAL,7847.95,19,8782,EXCELLENT,0,ZERO_DEP_PREMIUM,500.0,463.52,0,0.0
5,TRUCK,PETROL,PERSONAL,38325.42,28,10622,GOOD,0,COMPREHENSIVE,250.0,1092.27,0,0.0
11,SUV,DIESEL,PERSONAL,15481.06,65,9662,EXCELLENT,0,THIRD_PARTY,500.0,250.0,0,0.0
4,SEDAN,HYBRID,PERSONAL,18944.53,76,17242,GOOD,1,ZERO_DEP_PREMIUM,500.0,762.52,0,0.0
14,SUV,PETROL,RIDESHARE,12144.69,54,12746,FAIR,0,COMPREHENSIVE,1000.0,519.19,1,4154.01
5,SEDAN,HYBRID,RIDESHARE,19362.11,43,10852,EXCELLENT,1,COMPREHENSIVE,500.0,827.73,0,0.0
0,HATCHBACK,PETROL,COMMERCIAL,13930.29,45,15413,GOOD,0,COMPREHENSIVE,1000.0,535.97,0,0.0
13,HATCHBACK,DIESEL,COMMERCIAL,5029.45,43,10336,GOOD,2,ZERO_DEP_PREMIUM,500.0,250.0,1,563.38
9,SEDAN,DIESEL,PERSONAL,12118.62,34,11583,EXCELLENT,0,THIRD_PARTY,1000.0,250.0,0,0.0
6,SUV,DIESEL,COMMERCIAL,20767.57,20,7482,GOOD,0,ZERO_DEP_PREMIUM,250.0,1226.58,0,0.0
7,HATCHBACK,HYBRID,RIDESHARE,6824.84,31,16273,FAIR,1,COMPREHENSIVE,2000.0,291.76,0,0.0
13,TRUCK,PETROL,PERSONAL,11057.23,33,7586,POOR,0,ZERO_DEP_PREMIUM,1000.0,387.0,0,0.0
6,SUV,PETROL,PERSONAL,18332.18,66,18948,GOOD,0,COMPREHENSIVE,250.0,522.47,0,0.0
15,COMMERCIAL_VAN,DIESEL,PERSONAL,6530.31,77,13575,EXCELLENT,0,COMPREHENSIVE,1000.0,250.0,1,450.44
15,SUV,ELECTRIC,PERSONAL,11738.99,68,11794,EXCELLENT,1,COMPREHENSIVE,1000.0,334.56,0,0.0
8,SUV,PETROL,PERSONAL,19980.85,53,12441,FAIR,1,COMPREHENSIVE,1000.0,569.45,0,0.0
0,HATCHBACK,ELECTRIC,PERSONAL,18923.71,45,20194,GOOD,1,COMPREHENSIVE,500.0,539.33,0,0.0
9,SUV,PETROL,PERSONAL,16955.75,45,6442,GOOD,0,COMPREHENSIVE,2000.0,483.24,0,0.0
8,SUV,PETROL,RIDESHARE,20018.95,70,6775,GOOD,1,THIRD_PARTY,250.0,431.66,0,0.0
10,SUV,ELECTRIC,PERSONAL,19448.58,69,16817,FAIR,0,ZERO_DEP_PREMIUM,500.0,782.81,1,497.27
10,HATCHBACK,PETROL,COMMERCIAL,6041.32,69,8353,GOOD,1,ZERO_DEP_PREMIUM,250.0,328.27,0,0.0
12,HATCHBACK,DIESEL,PERSONAL,6185.17,42,9173,FAIR,1,COMPREHENSIVE,500.0,250.0,0,0.0
14,SUV,PETROL,PERSONAL,9148.89,74,10506,GOOD,1,ZERO_DEP_PREMIUM,250.0,368.24,0,0.0
2,SEDAN,PETROL,PERSONAL,27946.77,26,17564,FAIR,1,COMPREHENSIVE,1000.0,796.48,0,0.0
1,SUV,DIESEL,PERSONAL,42608.31,28,16142,GOOD,0,COMPREHENSIVE,250.0,1214.34,0,0.0
5,SUV,DIESEL,PERSONAL,29914.3,54,11864,GOOD,1,COMPREHENSIVE,1000.0,852.56,0,0.0
10,SEDAN,PETROL,PERSONAL,7126.09,60,14302,GOOD,0,COMPREHENSIVE,500.0,250.0,0,0.0
4,HATCHBACK,PETROL,PERSONAL,9970.62,62,14193,GOOD,0,COMPREHENSIVE,500.0,284.16,0,0.0
14,SUV,PETROL,PERSONAL,7630.7,38,7988,GOOD,1,COMPREHENSIVE,500.0,250.0,0,0.0
3,SEDAN,DIESEL,PERSONAL,19941.41,19,8294,EXCELLENT,0,COMPREHENSIVE,1000.0,710.41,0,0.0
3,SEDAN,CNG,PERSONAL,20510.08,71,3334,POOR,1,THIRD_PARTY,1000.0,294.83,1,3130.21
7,SEDAN,HYBRID,PERSONAL,11811.84,51,19207,POOR,1,COMPREHENSIVE,1000.0,336.64,0,0.0
9,TRUCK,PETROL,PERSONAL,22715.43,59,9484,GOOD,0,COMPREHENSIVE,2000.0,647.39,1,3283.15
12,SEDAN,PETROL,PERSONAL,7452.35,30,12561,EXCELLENT,0,ZERO_DEP_PREMIUM,500.0,260.83,0,0.0
2,SEDAN,HYBRID,PERSONAL,27940.78,22,14925,EXCELLENT,0,THIRD_PARTY,500.0,436.57,0,0.0
12,SUV,DIESEL,PERSONAL,9570.11,28,8129,FAIR,1,THIRD_PARTY,500.0,250.0,0,0.0
0,SEDAN,DIESEL,PERSONAL,24883.68,46,8685,POOR,0,COMPREHENSIVE,1000.0,709.18,0,0.0
4,SEDAN,ELECTRIC,PERSONAL,20246.57,64,8355,EXCELLENT,0,THIRD_PARTY,500.0,253.08,0,0.0
7,SEDAN,PETROL,PERSONAL,15098.26,45,3000,FAIR,0,COMPREHENSIVE,1000.0,430.3,0,0.0
2,SUV,DIESEL,PERSONAL,22496.44,45,12206,GOOD,0,THIRD_PARTY,1000.0,281.21,0,0.0
1,SUV,CNG,PERSONAL,42338.4,22,23017,GOOD,0,COMPREHENSIVE,1000.0,1508.31,1,15439.53
0,SEDAN,DIESEL,PERSONAL,29084.78,37,10117,GOOD,1,COMPREHENSIVE,1000.0,828.92,0,0.0
12,SUV,PETROL,RIDESHARE,15195.19,54,10240,GOOD,2,COMPREHENSIVE,1000.0,649.59,1,1241.78
3,COMMERCIAL_VAN,PETROL,COMMERCIAL,37436.73,56,10835,EXCELLENT,0,COMPREHENSIVE,1000.0,1440.38,0,0.0
15,SEDAN,PETROL,PERSONAL,6837.21,27,13902,EXCELLENT,0,ZERO_DEP_PREMIUM,2000.0,250.0,0,0.0
10,SEDAN,ELECTRIC,RIDESHARE,13542.42,49,16466,EXCELLENT,4,ZERO_DEP_PREMIUM,500.0,710.98,0,0.0
1,SEDAN,PETROL,PERSONAL,30613.33,46,8744,POOR,0,COMPREHENSIVE,1000.0,872.48,0,0.0
13,SUV,PETROL,PERSONAL,14480.33,19,14581,GOOD,1,ZERO_DEP_PREMIUM,500.0,633.51,0,0.0
7,HATCHBACK,HYBRID,RIDESHARE,10710.17,18,12114,GOOD,0,COMPREHENSIVE,1000.0,572.32,0,0.0
10,SEDAN,PETROL,COMMERCIAL,12907.55,37,13844,FAIR,0,COMPREHENSIVE,250.0,496.62,0,0.0
12,HATCHBACK,PETROL,PERSONAL,5306.93,72,14530,POOR,0,THIRD_PARTY,2000.0,250.0,0,0.0
14,SEDAN,PETROL,PERSONAL,5890.67,18,8113,EXCELLENT,0,COMPREHENSIVE,1000.0,250.0,0,0.0
9,SUV,PETROL,PERSONAL,20604.76,21,10132,EXCELLENT,0,THIRD_PARTY,1000.0,321.95,0,0.0
11,HATCHBACK,PETROL,PERSONAL,6836.68,32,14580,GOOD,0,COMPREHENSIVE,500.0,250.0,0,0.0
8,SEDAN,HYBRID,PERSONAL,10969.96,64,11869,POOR,0,ZERO_DEP_PREMIUM,500.0,383.95,0,0.0
12,SUV,HYBRID,PERSONAL,10897.44,47,16065,GOOD,0,ZERO_DEP_PREMIUM,500.0,381.41,0,0.0
9,SEDAN,DIESEL,RIDESHARE,13131.72,23,11499,FAIR,2,ZERO_DEP_PREMIUM,1000.0,861.77,1,3329.89
0,HATCHBACK,PETROL,PERSONAL,16551.55,55,17047,EXCELLENT,0,COMPREHENSIVE,1000.0,471.72,0,0.0
14,SEDAN,DIESEL,COMMERCIAL,5256.18,18,3668,GOOD,0,THIRD_PARTY,500.0,250.0,0,0.0
1,TRUCK,PETROL,PERSONAL,31992.5,24,13955,EXCELLENT,1,COMPREHENSIVE,500.0,1139.73,0,0.0
5,SEDAN,PETROL,PERSONAL,19826.0,22,6696,GOOD,0,THIRD_PARTY,500.0,309.78,0,0.0
12,TRUCK,HYBRID,PERSONAL,13195.68,71,17546,EXCELLENT,0,COMPREHENSIVE,1000.0,432.49,0,0.0
9,SEDAN,PETROL,PERSONAL,11742.06,66,11827,GOOD,0,COMPREHENSIVE,500.0,334.65,0,0.0
11,HATCHBACK,PETROL,PERSONAL,7011.6,24,10967,FAIR,1,COMPREHENSIVE,250.0,250.0,1,184.95
6,SEDAN,DIESEL,PERSONAL,18098.79,53,8782,POOR,0,COMPREHENSIVE,250.0,515.82,0,0.0
1,TRUCK,DIESEL,PERSONAL,32709.1,20,15486,GOOD,0,COMPREHENSIVE,500.0,1165.26,0,0.0
7,SEDAN,PETROL,PERSONAL,10330.45,29,15056,FAIR,0,THIRD_PARTY,2000.0,250.0,1,624.11
12,SEDAN,PETROL,PERSONAL,9338.56,76,11233,FAIR,0,COMPREHENSIVE,1000.0,306.07,0,0.0
9,SUV,PETROL,PERSONAL,18781.47,78,15494,EXCELLENT,0,COMPREHENSIVE,1000.0,615.56,0,0.0
15,SEDAN,DIESEL,PERSONAL,5081.91,32,13492,GOOD,0,ZERO_DEP_PREMIUM,2000.0,250.0,0,0.0
8,SEDAN,PETROL,PERSONAL,11742.01,37,12886,GOOD,0,COMPREHENSIVE,500.0,334.65,0,0.0
7,TRUCK,PETROL,PERSONAL,29767.79,58,16022,EXCELLENT,1,COMPREHENSIVE,500.0,848.38,0,0.0
8,COMMERCIAL_VAN,DIESEL,RIDESHARE,24319.74,38,20651,EXCELLENT,0,ZERO_DEP_PREMIUM,500.0,1276.79,0,0.0
14,SEDAN,HYBRID,PERSONAL,7067.02,49,13768,EXCELLENT,1,COMPREHENSIVE,500.0,250.0,0,0.0
5,TRUCK,PETROL,PERSONAL,20748.5,29,13775,GOOD,0,ZERO_DEP_PREMIUM,1000.0,726.2,0,0.0
10,SUV,PETROL,PERSONAL,12342.14,54,16633,EXCELLENT,1,COMPREHENSIVE,2000.0,351.75,0,0.0
6,SEDAN,DIESEL,PERSONAL,12743.02,57,8213,GOOD,1,ZERO_DEP_PREMIUM,1000.0,446.01,0,0.0
5,HATCHBACK,ELECTRIC,PERSONAL,8659.32,64,11676,FAIR,0,THIRD_PARTY,250.0,250.0,0,0.0
6,SUV,PETROL,PERSONAL,21377.9,24,10762,GOOD,0,COMPREHENSIVE,500.0,761.59,0,0.0
2,COMMERCIAL_VAN,PETROL,COMMERCIAL,34874.44,68,13851,EXCELLENT,0,ZERO_DEP_PREMIUM,1000.0,1647.82,0,0.0
3,SEDAN,PETROL,PERSONAL,15395.21,62,13476,GOOD,0,COMPREHENSIVE,500.0,438.76,0,0.0
8,SUV,PETROL,PERSONAL,22389.56,48,20413,POOR,0,THIRD_PARTY,500.0,279.87,0,0.0
2,SEDAN,DIESEL,PERSONAL,24415.31,18,19246,EXCELLENT,0,THIRD_PARTY,500.0,381.49,0,0.0
1,SEDAN,PETROL,PERSONAL,26453.68,77,5683,EXCELLENT,0,THIRD_PARTY,500.0,380.27,0,0.0
11,SEDAN,ELECTRIC,PERSONAL,12816.98,28,14107,EXCELLENT,1,COMPREHENSIVE,1000.0,365.28,0,0.0
12,COMMERCIAL_VAN,DIESEL,COMMERCIAL,13965.97,62,15686,EXCELLENT,0,ZERO_DEP_PREMIUM,2000.0,659.89,0,0.0
10,HATCHBACK,DIESEL,COMMERCIAL,8413.08,51,12878,GOOD,0,THIRD_PARTY,1000.0,250.0,0,0.0
6,HATCHBACK,PETROL,COMMERCIAL,8180.77,36,10178,POOR,1,THIRD_PARTY,500.0,250.0,0,0.0
5,SUV,DIESEL,PERSONAL,19501.79,28,18704,GOOD,0,THIRD_PARTY,2000.0,250.0,1,3826.19
2,SEDAN,PETROL,COMMERCIAL,22856.09,50,13985,GOOD,0,COMPREHENSIVE,1000.0,879.39,0,0.0
5,SEDAN,HYBRID,PERSONAL,17133.85,50,7804,GOOD,0,ZERO_DEP_PREMIUM,1000.0,599.68,0,0.0
14,SEDAN,CNG,COMMERCIAL,5960.91,25,16892,EXCELLENT,0,COMPREHENSIVE,500.0,250.0,0,0.0
6,SEDAN,PETROL,RIDESHARE,17566.32,62,14604,EXCELLENT,0,COMPREHENSIVE,500.0,750.96,0,0.0
5,HATCHBACK,PETROL,PERSONAL,7196.28,25,9603,FAIR,0,THIRD_PARTY,500.0,250.0,0,0.0
0,SUV,PETROL,PERSONAL,42603.89,51,9064,GOOD,0,THIRD_PARTY,2000.0,532.55,0,0.0
11,SEDAN,DIESEL,PERSONAL,9398.08,57,8917,EXCELLENT,1,THIRD_PARTY,1000.0,250.0,0,0.0
13,SEDAN,DIESEL,PERSONAL,9020.72,44,17826,GOOD,1,THIRD_PARTY,250.0,250.0,0,0.0
0,SEDAN,ELECTRIC,PERSONAL,26882.87,46,15152,GOOD,1,THIRD_PARTY,500.0,336.04,0,0.0
8,SUV,ELECTRIC,RIDESHARE,23432.12,31,16803,FAIR,0,ZERO_DEP_PREMIUM,250.0,1230.19,1,5694.63
5,TRUCK,PETROL,PERSONAL,25652.9,51,13420,GOOD,0,COMPREHENSIVE,500.0,731.11,0,0.0
11,SUV,DIESEL,PERSONAL,17704.56,62,9433,FAIR,1,COMPREHENSIVE,500.0,504.58,1,831.2
1,HATCHBACK,DIESEL,PERSONAL,10854.21,76,8925,GOOD,1,COMPREHENSIVE,250.0,355.75,1,933.52
14,SUV,DIESEL,COMMERCIAL,11330.8,54,17329,EXCELLENT,1,THIRD_PARTY,1000.0,250.0,1,1754.1
10,SEDAN,DIESEL,PERSONAL,10306.59,18,14508,POOR,0,THIRD_PARTY,250.0,250.0,0,0.0
0,SEDAN,DIESEL,PERSONAL,33162.9,26,11304,EXCELLENT,2,THIRD_PARTY,500.0,414.54,0,0.0
10,TRUCK,DIESEL,PERSONAL,21464.68,69,12596,EXCELLENT,1,THIRD_PARTY,1000.0,308.55,0,0.0
11,HATCHBACK,DIESEL,PERSONAL,7144.91,27,16991,FAIR,1,ZERO_DEP_PREMIUM,500.0,250.07,1,1002.69
1,SEDAN,DIESEL,PERSONAL,18131.06,47,15034,EXCELLENT,0,THIRD_PARTY,1000.0,250.0,0,0.0
7,SUV,ELECTRIC,PERSONAL,23731.53,60,12084,GOOD,1,COMPREHENSIVE,500.0,676.35,0,0.0
4,SUV,DIESEL,COMMERCIAL,20979.69,35,12291,FAIR,0,COMPREHENSIVE,1000.0,807.19,0,0.0
6,SUV,DIESEL,RIDESHARE,14677.8,34,9842,GOOD,0,COMPREHENSIVE,500.0,627.48,1,3230.06
6,TRUCK,DIESEL,PERSONAL,21298.7,23,12604,GOOD,1,COMPREHENSIVE,250.0,758.77,0,0.0
1,SUV,PETROL,PERSONAL,33922.97,28,11204,GOOD,1,THIRD_PARTY,500.0,424.04,0,0.0
15,SUV,PETROL,RIDESHARE,10668.35,41,12274,FAIR,0,COMPREHENSIVE,1000.0,456.07,0,0.0
3,SEDAN,PETROL,PERSONAL,16713.53,53,10062,GOOD,0,ZERO_DEP_PREMIUM,1000.0,584.97,0,0.0
1,SEDAN,DIESEL,PERSONAL,18433.63,50,6471,GOOD,2,COMPREHENSIVE,2000.0,525.36,0,0.0
6,SEDAN,DIESEL,PERSONAL,17011.43,50,16792,POOR,1,ZERO_DEP_PREMIUM,500.0,595.4,0,0.0
4,SEDAN,CNG,PERSONAL,24760.32,71,15079,POOR,0,COMPREHENSIVE,1000.0,811.52,0,0.0
0,HATCHBACK,PETROL,PERSONAL,17929.75,35,11305,GOOD,1,COMPREHENSIVE,1000.0,511.0,0,0.0
1,HATCHBACK,PETROL,PERSONAL,17235.26,22,11051,EXCELLENT,1,COMPREHENSIVE,1000.0,614.01,0,0.0
5,SEDAN,PETROL,RIDESHARE,17730.78,48,6250,FAIR,1,ZERO_DEP_PREMIUM,500.0,930.87,0,0.0
13,HATCHBACK,PETROL,PERSONAL,5857.99,33,17296,EXCELLENT,0,COMPREHENSIVE,500.0,250.0,0,0.0
3,SEDAN,ELECTRIC,PERSONAL,27098.14,19,18142,GOOD,0,ZERO_DEP_PREMIUM,1000.0,1185.54,0,0.0
6,SEDAN,PETROL,PERSONAL,15958.92,26,12104,GOOD,0,COMPREHENSIVE,2000.0,454.83,0,0.0
14,SEDAN,DIESEL,COMMERCIAL,6885.83,19,13970,FAIR,0,ZERO_DEP_PREMIUM,250.0,406.69,1,1957.62
1,SEDAN,DIESEL,PERSONAL,30811.0,54,8050,GOOD,0,COMPREHENSIVE,500.0,878.11,0,0.0
12,SEDAN,DIESEL,PERSONAL,11560.44,37,12885,POOR,0,ZERO_DEP_PREMIUM,1000.0,404.62,0,0.0
11,SUV,HYBRID,PERSONAL,10083.69,76,9403,EXCELLENT,0,THIRD_PARTY,500.0,250.0,0,0.0
1,SUV,PETROL,PERSONAL,36190.62,34,9419,EXCELLENT,2,COMPREHENSIVE,500.0,1031.43,0,0.0
11,COMMERCIAL_VAN,PETROL,PERSONAL,16896.1,75,11201,FAIR,0,ZERO_DEP_PREMIUM,1000.0,680.07,1,1035.81
5,SEDAN,HYBRID,COMMERCIAL,17414.73,42,10590,GOOD,2,COMPREHENSIVE,500.0,670.03,0,0.0
7,SEDAN,HYBRID,PERSONAL,13253.57,36,11922,GOOD,0,COMPREHENSIVE,2000.0,377.73,0,0.0
12,SEDAN,PETROL,RIDESHARE,9714.63,59,17254,POOR,1,ZERO_DEP_PREMIUM,500.0,510.02,0,0.0
0,SUV,PETROL,PERSONAL,32007.23,25,3000,GOOD,0,THIRD_PARTY,500.0,400.09,0,0.0
4,SEDAN,PETROL,PERSONAL,16838.06,69,10100,GOOD,0,COMPREHENSIVE,500.0,551.87,0,0.0
0,HATCHBACK,PETROL,PERSONAL,22313.5,28,15342,EXCELLENT,0,THIRD_PARTY,250.0,278.92,0,0.0
14,SUV,CNG,RIDESHARE,11012.52,30,13376,GOOD,1,THIRD_PARTY,500.0,250.0,0,0.0
10,SUV,DIESEL,COMMERCIAL,18379.57,30,8991,GOOD,0,COMPREHENSIVE,1000.0,707.15,0,0.0
15,SUV,PETROL,PERSONAL,11070.42,26,21973,GOOD,0,THIRD_PARTY,500.0,250.0,1,2265.82
5,SEDAN,HYBRID,PERSONAL,18765.5,22,24633,FAIR,1,COMPREHENSIVE,1000.0,668.52,1,1700.92
6,SEDAN,DIESEL,PERSONAL,19024.34,35,12430,GOOD,0,ZERO_DEP_PREMIUM,500.0,665.85,1,3609.2
5,SEDAN,PETROL,PERSONAL,14618.75,57,8038,POOR,0,COMPREHENSIVE,500.0,416.63,0,0.0
15,SUV,HYBRID,PERSONAL,10025.38,78,11369,FAIR,1,ZERO_DEP_PREMIUM,1000.0,403.52,1,1084.65
13,SEDAN,ELECTRIC,COMMERCIAL,8495.16,69,7427,FAIR,1,COMPREHENSIVE,1000.0,375.88,0,0.0
12,SEDAN,ELECTRIC,PERSONAL,9522.07,31,14302,GOOD,0,COMPREHENSIVE,500.0,271.38,0,0.0
8,COMMERCIAL_VAN,DIESEL,PERSONAL,14618.09,51,15090,GOOD,0,COMPREHENSIVE,500.0,416.62,0,0.0
2,SEDAN,ELECTRIC,PERSONAL,19249.87,39,16933,EXCELLENT,0,THIRD_PARTY,500.0,250.0,0,0.0
7,HATCHBACK,PETROL,PERSONAL,7446.82,65,14297,EXCELLENT,0,COMPREHENSIVE,1000.0,250.0,0,0.0
2,HATCHBACK,DIESEL,PERSONAL,14857.6,50,13529,EXCELLENT,1,COMPREHENSIVE,500.0,423.44,0,0.0
10,SEDAN,CNG,PERSONAL,13980.18,41,7966,POOR,0,COMPREHENSIVE,250.0,398.44,0,0.0
14,SEDAN,PETROL,PERSONAL,9497.09,74,6998,GOOD,0,COMPREHENSIVE,500.0,311.27,0,0.0
11,SEDAN,ELECTRIC,RIDESHARE,7914.77,72,3406,FAIR,0,COMPREHENSIVE,500.0,389.11,0,0.0
12,SUV,DIESEL,PERSONAL,10603.67,46,12863,GOOD,0,THIRD_PARTY,2000.0,250.0,0,0.0
12,SUV,PETROL,PERSONAL,8419.44,30,16384,GOOD,0,COMPREHENSIVE,250.0,250.0,0,0.0
6,HATCHBACK,ELECTRIC,PERSONAL,8896.66,74,17682,GOOD,0,THIRD_PARTY,500.0,250.0,0,0.0
13,TRUCK,PETROL,PERSONAL,16582.41,67,16269,GOOD,0,COMPREHENSIVE,500.0,472.6,0,0.0
12,SUV,DIESEL,COMMERCIAL,15568.13,44,10847,FAIR,0,COMPREHENSIVE,1000.0,598.98,0,0.0
4,SEDAN,PETROL,PERSONAL,15432.27,18,20866,POOR,1,ZERO_DEP_PREMIUM,1000.0,675.16,0,0.0
11,SEDAN,HYBRID,COMMERCIAL,8163.75,24,8230,GOOD,2,ZERO_DEP_PREMIUM,1000.0,482.17,0,0.0
12,HATCHBACK,PETROL,COMMERCIAL,4500.0,21,8020,FAIR,0,COMPREHENSIVE,1000.0,250.0,0,0.0
0,SEDAN,PETROL,COMMERCIAL,24571.88,27,15950,EXCELLENT,0,ZERO_DEP_PREMIUM,500.0,1161.02,0,0.0
14,SEDAN,PETROL,PERSONAL,8771.43,57,18828,EXCELLENT,1,COMPREHENSIVE,250.0,250.0,0,0.0
10,HATCHBACK,HYBRID,PERSONAL,7182.7,52,20566,GOOD,1,COMPREHENSIVE,1000.0,250.0,0,0.0
11,SUV,ELECTRIC,PERSONAL,15948.61,72,16986,FAIR,0,COMPREHENSIVE,500.0,522.72,0,0.0
3,TRUCK,ELECTRIC,COMMERCIAL,36742.13,56,15805,GOOD,1,ZERO_DEP_PREMIUM,500.0,1736.07,0,0.0
13,SUV,DIESEL,PERSONAL,9300.95,76,16157,GOOD,0,COMPREHENSIVE,500.0,304.84,0,0.0
12,SEDAN,DIESEL,PERSONAL,7207.16,75,11248,EXCELLENT,1,ZERO_DEP_PREMIUM,250.0,290.09,0,0.0
10,TRUCK,PETROL,PERSONAL,12101.97,74,8894,POOR,0,THIRD_PARTY,500.0,250.0,0,0.0
14,SEDAN,DIESEL,PERSONAL,8655.86,33,13736,FAIR,0,ZERO_DEP_PREMIUM,1000.0,302.96,0,0.0
8,SEDAN,PETROL,COMMERCIAL,15808.76,44,4869,GOOD,0,THIRD_PARTY,1000.0,266.77,0,0.0
15,SUV,CNG,PERSONAL,10828.62,37,11112,POOR,0,COMPREHENSIVE,2000.0,308.62,0,0.0
14,SEDAN,ELECTRIC,PERSONAL,5221.77,27,10111,EXCELLENT,1,ZERO_DEP_PREMIUM,500.0,250.0,0,0.0
7,SUV,PETROL,PERSONAL,22948.32,62,15124,GOOD,0,ZERO_DEP_PREMIUM,500.0,803.19,0,0.0
2,SEDAN,PETROL,PERSONAL,15761.2,50,13490,EXCELLENT,0,COMPREHENSIVE,500.0,449.19,0,0.0
14,SUV,ELECTRIC,PERSONAL,7440.04,24,19189,GOOD,0,ZERO_DEP_PREMIUM,1000.0,325.5,0,0.0
1,SEDAN,PETROL,COMMERCIAL,23857.15,59,16200,EXCELLENT,0,THIRD_PARTY,1000.0,402.59,0,0.0
10,HATCHBACK,PETROL,PERSONAL,6438.16,61,9623,GOOD,0,THIRD_PARTY,500.0,250.0,0,0.0
8,HATCHBACK,PETROL,PERSONAL,9565.19,63,15526,POOR,0,ZERO_DEP_PREMIUM,250.0,334.78,0,0.0
0,SEDAN,DIESEL,PERSONAL,30567.39,39,4727,GOOD,0,ZERO_DEP_PREMIUM,500.0,1069.86,1,9742.77
8,SEDAN,ELECTRIC,RIDESHARE,9870.8,60,15795,GOOD,0,COMPREHENSIVE,500.0,421.98,0,0.0
11,SEDAN,PETROL,RIDESHARE,7908.05,34,9142,GOOD,0,ZERO_DEP_PREMIUM,500.0,415.17,0,0.0
6,SEDAN,PETROL,COMMERCIAL,13287.74,26,9764,GOOD,1,THIRD_PARTY,500.0,250.0,0,0.0
11,HATCHBACK,DIESEL,PERSONAL,4500.0,75,18543,POOR,0,THIRD_PARTY,1000.0,250.0,0,0.0
1,HATCHBACK,ELECTRIC,COMMERCIAL,13123.68,57,14252,GOOD,0,ZERO_DEP_PREMIUM,1000.0,620.09,0,0.0
10,SEDAN,PETROL,COMMERCIAL,12251.22,27,11631,FAIR,0,COMPREHENSIVE,1000.0,471.37,1,2771.12
4,SEDAN,PETROL,PERSONAL,15493.49,53,17073,GOOD,0,ZERO_DEP_PREMIUM,500.0,542.27,0,0.0
13,SEDAN,HYBRID,PERSONAL,9802.36,48,19129,EXCELLENT,0,ZERO_DEP_PREMIUM,1000.0,343.08,1,735.88
1,SUV,CNG,RIDESHARE,33698.96,48,8001,GOOD,0,COMPREHENSIVE,500.0,1440.63,1,1560.95
14,SEDAN,CNG,PERSONAL,6429.68,22,9288,GOOD,1,COMPREHENSIVE,500.0,250.0,0,0.0
4,COMMERCIAL_VAN,ELECTRIC,PERSONAL,25763.83,73,16150,GOOD,0,COMPREHENSIVE,1000.0,844.41,0,0.0
15,HATCHBACK,PETROL,PERSONAL,4652.72,35,13879,GOOD,0,THIRD_PARTY,500.0,250.0,0,0.0
6,SUV,PETROL,PERSONAL,21705.77,23,4124,GOOD,0,COMPREHENSIVE,500.0,773.27,0,0.0
4,SUV,PETROL,PERSONAL,17406.67,59,20522,POOR,0,ZERO_DEP_PREMIUM,250.0,609.23,0,0.0
1,TRUCK,PETROL,PERSONAL,53878.89,67,10332,POOR,0,COMPREHENSIVE,1000.0,1535.55,0,0.0
10,SUV,CNG,COMMERCIAL,10460.92,45,7977,GOOD,0,THIRD_PARTY,500.0,250.0,0,0.0
13,SEDAN,ELECTRIC,COMMERCIAL,10353.86,60,12552,GOOD,2,THIRD_PARTY,500.0,250.0,0,0.0
4,SEDAN,ELECTRIC,COMMERCIAL,12832.01,41,16559,GOOD,0,THIRD_PARTY,500.0,250.0,0,0.0
11,HATCHBACK,PETROL,PERSONAL,7028.89,22,17605,GOOD,0,COMPREHENSIVE,1000.0,250.4,0,0.0
11,SUV,HYBRID,PERSONAL,13704.78,45,12757,POOR,0,COMPREHENSIVE,250.0,390.59,0,0.0
9,SUV,ELECTRIC,PERSONAL,16237.5,75,23911,EXCELLENT,1,COMPREHENSIVE,500.0,532.18,0,0.0
13,TRUCK,PETROL,PERSONAL,9696.14,20,25203,GOOD,0,COMPREHENSIVE,1000.0,345.42,1,3344.1
5,TRUCK,HYBRID,PERSONAL,23808.91,35,14515,EXCELLENT,0,COMPREHENSIVE,2000.0,678.55,0,0.0
14,TRUCK,PETROL,COMMERCIAL,14620.13,21,12220,FAIR,0,ZERO_DEP_PREMIUM,1000.0,863.5,0,0.0
4,SEDAN,PETROL,PERSONAL,23604.14,57,10984,EXCELLENT,0,COMPREHENSIVE,2000.0,672.72,0,0.0
1,SUV,DIESEL,PERSONAL,35065.75,66,11812,FAIR,1,COMPREHENSIVE,1000.0,999.37,0,0.0
5,HATCHBACK,DIESEL,PERSONAL,9458.73,59,19227,GOOD,1,COMPREHENSIVE,1000.0,269.57,0,0.0
5,HATCHBACK,PETROL,PERSONAL,7408.11,49,14011,POOR,0,THIRD_PARTY,500.0,250.0,0,0.0
11,SUV,PETROL,RIDESHARE,15022.01,49,16416,POOR,0,COMPREHENSIVE,250.0,642.19,0,0.0
1,SEDAN,CNG,RIDESHARE,21173.63,36,15622,FAIR,0,ZERO_DEP_PREMIUM,500.0,1111.62,1,1937.62
12,HATCHBACK,DIESEL,PERSONAL,4500.0,46,15228,GOOD,0,THIRD_PARTY,500.0,250.0,1,442.95
15,HATCHBACK,ELECTRIC,PERSONAL,4533.93,50,17400,EXCELLENT,0,THIRD_PARTY,500.0,250.0,0,0.0
12,SEDAN,PETROL,PERSONAL,8719.77,19,16224,POOR,0,COMPREHENSIVE,1000.0,310.64,0,0.0
3,SUV,PETROL,COMMERCIAL,19217.15,75,14645,FAIR,0,ZERO_DEP_PREMIUM,1000.0,1044.21,1,4845.67
15,SEDAN,PETROL,PERSONAL,4913.34,28,20801,GOOD,1,COMPREHENSIVE,500.0,250.0,1,360.07
6,SEDAN,PETROL,PERSONAL,17561.63,64,6563,GOOD,1,COMPREHENSIVE,500.0,500.51,0,0.0
15,SEDAN,PETROL,PERSONAL,4704.35,72,13773,EXCELLENT,0,COMPREHENSIVE,250.0,250.0,0,0.0
15,SUV,PETROL,PERSONAL,11426.8,50,10125,GOOD,0,ZERO_DEP_PREMIUM,2000.0,399.94,0,0.0
0,SUV,DIESEL,PERSONAL,33045.42,58,16638,EXCELLENT,1,ZERO_DEP_PREMIUM,2000.0,1156.59,0,0.0
0,SUV,PETROL,PERSONAL,27434.4,57,5146,GOOD,1,COMPREHENSIVE,500.0,781.88,0,0.0
13,SUV,ELECTRIC,PERSONAL,13013.42,18,13549,GOOD,0,ZERO_DEP_PREMIUM,1000.0,569.34,0,0.0
10,HATCHBACK,PETROL,PERSONAL,6648.73,59,14670,GOOD,0,THIRD_PARTY,500.0,250.0,0,0.0
11,SEDAN,DIESEL,RIDESHARE,8427.19,34,18003,POOR,1,COMPREHENSIVE,500.0,360.26,1,1453.15
10,SEDAN,PETROL,PERSONAL,9965.54,67,10597,FAIR,1,COMPREHENSIVE,1000.0,284.02,1,1514.26
5,TRUCK,DIESEL,PERSONAL,19631.74,33,25056,GOOD,0,COMPREHENSIVE,1000.0,559.5,0,0.0
6,SEDAN,PETROL,RIDESHARE,17184.36,19,9861,POOR,0,THIRD_PARTY,500.0,402.76,0,0.0
11,COMMERCIAL_VAN,CNG,COMMERCIAL,12874.06,71,7378,FAIR,0,ZERO_DEP_PREMIUM,250.0,699.54,0,0.0
4,HATCHBACK,ELECTRIC,PERSONAL,13164.49,66,15226,GOOD,0,THIRD_PARTY,500.0,250.0,1,1865.03
14,SUV,DIESEL,PERSONAL,10956.71,21,11926,EXCELLENT,2,THIRD_PARTY,500.0,250.0,0,0.0
11,COMMERCIAL_VAN,PETROL,PERSONAL,15565.06,49,20786,GOOD,1,ZERO_DEP_PREMIUM,1000.0,544.78,0,0.0
9,SEDAN,DIESEL,PERSONAL,13963.63,24,5345,FAIR,1,THIRD_PARTY,1000.0,250.0,0,0.0
7,SEDAN,ELECTRIC,RIDESHARE,15341.12,46,12660,GOOD,0,COMPREHENSIVE,1000.0,655.83,0,0.0
10,SUV,PETROL,PERSONAL,13922.36,78,16181,GOOD,0,THIRD_PARTY,500.0,250.0,0,0.0
3,SEDAN,DIESEL,PERSONAL,19062.85,77,9500,POOR,1,THIRD_PARTY,1000.0,274.03,0,0.0
15,TRUCK,ELECTRIC,PERSONAL,8379.68,26,6234,EXCELLENT,0,COMPREHENSIVE,500.0,250.0,0,0.0
2,SEDAN,ELECTRIC,PERSONAL,26818.74,75,19016,EXCELLENT,1,COMPREHENSIVE,1000.0,878.98,0,0.0
6,SUV,ELECTRIC,PERSONAL,25202.0,52,8722,FAIR,0,COMPREHENSIVE,500.0,718.26,0,0.0
13,SUV,HYBRID,PERSONAL,9216.39,69,17197,EXCELLENT,0,ZERO_DEP_PREMIUM,500.0,370.96,0,0.0
3,SUV,HYBRID,PERSONAL,35372.31,70,8341,GOOD,0,COMPREHENSIVE,500.0,1159.33,0,0.0
0,SEDAN,PETROL,PERSONAL,28919.86,22,11064,POOR,0,COMPREHENSIVE,500.0,1030.27,1,10015.51
10,SEDAN,DIESEL,PERSONAL,10480.01,67,15907,GOOD,0,THIRD_PARTY,1000.0,250.0,0,0.0
7,HATCHBACK,ELECTRIC,PERSONAL,5888.99,78,14092,GOOD,1,ZERO_DEP_PREMIUM,1000.0,250.0,0,0.0
4,SEDAN,DIESEL,PERSONAL,17257.5,38,8308,GOOD,0,ZERO_DEP_PREMIUM,1000.0,604.01,0,0.0
12,HATCHBACK,CNG,PERSONAL,5925.65,75,14887,GOOD,0,COMPREHENSIVE,250.0,250.0,1,1231.73
7,SUV,PETROL,PERSONAL,14191.11,34,3000,GOOD,0,THIRD_PARTY,1000.0,250.0,0,0.0
7,HATCHBACK,PETROL,PERSONAL,8447.57,56,7098,GOOD,0,COMPREHENSIVE,500.0,250.0,0,0.0
11,HATCHBACK,PETROL,COMMERCIAL,7911.81,31,20355,GOOD,1,COMPREHENSIVE,500.0,304.41,0,0.0
4,SEDAN,PETROL,PERSONAL,21423.51,49,11736,FAIR,1,ZERO_DEP_PREMIUM,500.0,749.82,1,6377.2
7,SUV,PETROL,RIDESHARE,20143.94,32,15730,GOOD,0,COMPREHENSIVE,1000.0,861.15,0,0.0
6,TRUCK,ELECTRIC,COMMERCIAL,26813.32,38,15600,EXCELLENT,0,COMPREHENSIVE,500.0,1031.64,0,0.0
12,SUV,PETROL,PERSONAL,8482.03,71,10951,EXCELLENT,0,THIRD_PARTY,1000.0,250.0,0,0.0
2,COMMERCIAL_VAN,ELECTRIC,PERSONAL,43114.67,31,13027,GOOD,0,THIRD_PARTY,2000.0,538.93,0,0.0
14,SUV,DIESEL,PERSONAL,12975.59,58,7222,POOR,1,COMPREHENSIVE,500.0,369.8,0,0.0
3,SEDAN,PETROL,RIDESHARE,23074.17,33,13084,GOOD,0,COMPREHENSIVE,2000.0,986.42,0,0.0
10,SUV,PETROL,PERSONAL,10784.92,68,10292,EXCELLENT,1,COMPREHENSIVE,2000.0,307.37,0,0.0
11,COMMERCIAL_VAN,DIESEL,PERSONAL,11385.29,18,21912,EXCELLENT,0,COMPREHENSIVE,1000.0,405.6,0,0.0
12,SEDAN,ELECTRIC,PERSONAL,6948.43,57,9344,GOOD,0,THIRD_PARTY,500.0,250.0,0,0.0
6,TRUCK,HYBRID,COMMERCIAL,26577.99,35,14810,EXCELLENT,0,THIRD_PARTY,500.0,448.5,1,3347.13
3,TRUCK,HYBRID,PERSONAL,28033.11,51,11269,EXCELLENT,0,ZERO_DEP_PREMIUM,500.0,981.16,0,0.0
5,SEDAN,CNG,PERSONAL,19259.86,43,16160,FAIR,0,ZERO_DEP_PREMIUM,250.0,674.1,0,0.0
11,SEDAN,DIESEL,PERSONAL,9965.98,78,6395,FAIR,1,ZERO_DEP_PREMIUM,1000.0,401.13,0,0.0
1,HATCHBACK,HYBRID,PERSONAL,10371.97,53,11905,FAIR,0,COMPREHENSIVE,1000.0,295.6,0,0.0
11,SEDAN,ELECTRIC,PERSONAL,11248.31,38,15165,FAIR,0,ZERO_DEP_PREMIUM,1000.0,393.69,0,0.0
1,HATCHBACK,HYBRID,PERSONAL,12116.54,18,13558,GOOD,2,COMPREHENSIVE,500.0,431.65,0,0.0
2,SUV,PETROL,COMMERCIAL,38081.92,44,14730,FAIR,1,COMPREHENSIVE,500.0,1465.2,1,3441.0
9,SUV,CNG,COMMERCIAL,14612.58,68,8768,GOOD,0,THIRD_PARTY,2000.0,250.0,0,0.0
6,HATCHBACK,DIESEL,COMMERCIAL,8513.8,28,10940,EXCELLENT,1,ZERO_DEP_PREMIUM,1000.0,402.28,1,2642.67
2,SUV,ELECTRIC,PERSONAL,21114.73,73,12415,GOOD,1,COMPREHENSIVE,1000.0,692.04,0,0.0
11,SUV,PETROL,COMMERCIAL,17750.6,55,16009,EXCELLENT,0,COMPREHENSIVE,500.0,682.95,0,0.0
2,SEDAN,PETROL,PERSONAL,24295.19,68,18785,EXCELLENT,0,ZERO_DEP_PREMIUM,1000.0,850.33,0,0.0
12,SEDAN,PETROL,PERSONAL,8350.08,31,4137,EXCELLENT,3,COMPREHENSIVE,1000.0,250.0,1,840.05
13,SUV,PETROL,RIDESHARE,8109.52,45,11062,POOR,0,ZERO_DEP_PREMIUM,500.0,425.75,0,0.0
3,HATCHBACK,PETROL,COMMERCIAL,14340.8,72,9534,FAIR,0,COMPREHENSIVE,1000.0,634.53,1,2345.57
14,SEDAN,ELECTRIC,PERSONAL,6234.28,44,9020,GOOD,0,COMPREHENSIVE,2000.0,250.0,1,1257.87
9,SUV,PETROL,COMMERCIAL,21441.28,39,13699,EXCELLENT,0,COMPREHENSIVE,500.0,824.95,0,0.0
5,SUV,PETROL,RIDESHARE,30673.55,38,12646,EXCELLENT,0,COMPREHENSIVE,500.0,1311.29,0,0.0
0,SEDAN,PETROL,PERSONAL,31582.4,73,7451,GOOD,0,COMPREHENSIVE,2000.0,1035.11,1,2764.18
5,SEDAN,DIESEL,PERSONAL,22386.22,41,7230,GOOD,0,COMPREHENSIVE,1000.0,638.01,0,0.0
7,TRUCK,PETROL,COMMERCIAL,17597.53,36,14578,FAIR,0,ZERO_DEP_PREMIUM,1000.0,831.48,0,0.0
11,HATCHBACK,PETROL,PERSONAL,5079.89,41,7588,EXCELLENT,2,COMPREHENSIVE,250.0,250.0,0,0.0
14,SUV,DIESEL,PERSONAL,8433.65,43,9373,GOOD,1,COMPREHENSIVE,500.0,250.0,0,0.0
14,SUV,DIESEL,COMMERCIAL,7214.06,42,16655,POOR,0,THIRD_PARTY,1000.0,250.0,0,0.0
7,SEDAN,PETROL,PERSONAL,18548.89,62,13275,EXCELLENT,0,COMPREHENSIVE,500.0,528.64,0,0.0
5,SUV,PETROL,PERSONAL,16668.74,61,19464,GOOD,0,COMPREHENSIVE,2000.0,475.06,0,0.0
5,SUV,PETROL,PERSONAL,29197.57,46,12018,EXCELLENT,1,COMPREHENSIVE,1000.0,832.13,1,2561.08
12,SUV,CNG,PERSONAL,14368.76,27,22548,EXCELLENT,2,THIRD_PARTY,500.0,250.0,0,0.0
2,SEDAN,PETROL,RIDESHARE,20736.27,68,11673,FAIR,0,ZERO_DEP_PREMIUM,500.0,1088.65,0,0.0
13,SEDAN,DIESEL,PERSONAL,5441.29,28,17890,GOOD,1,ZERO_DEP_PREMIUM,500.0,250.0,0,0.0
1,SEDAN,PETROL,PERSONAL,16662.96,41,8720,GOOD,0,COMPREHENSIVE,1000.0,474.89,0,0.0
6,COMMERCIAL_VAN,DIESEL,RIDESHARE,18186.71,41,9574,GOOD,0,COMPREHENSIVE,500.0,777.48,0,0.0
7,SUV,PETROL,RIDESHARE,19453.83,29,20112,FAIR,0,COMPREHENSIVE,500.0,831.65,0,0.0
9,SUV,PETROL,PERSONAL,15721.85,24,9371,EXCELLENT,1,COMPREHENSIVE,1000.0,560.09,0,0.0
12,SEDAN,DIESEL,RIDESHARE,9304.17,57,11521,EXCELLENT,2,COMPREHENSIVE,250.0,397.75,1,1153.99
13,SEDAN,PETROL,PERSONAL,9463.75,34,9523,POOR,1,COMPREHENSIVE,500.0,269.72,0,0.0
5,HATCHBACK,PETROL,PERSONAL,9626.55,52,17559,FAIR,0,ZERO_DEP_PREMIUM,500.0,336.93,0,0.0
4,SUV,DIESEL,PERSONAL,20052.12,23,7058,FAIR,0,COMPREHENSIVE,2000.0,714.36,0,0.0
3,SUV,CNG,PERSONAL,34182.91,29,18383,GOOD,2,COMPREHENSIVE,500.0,974.21,0,0.0
0,SEDAN,PETROL,PERSONAL,24254.97,32,13601,GOOD,0,ZERO_DEP_PREMIUM,500.0,848.92,0,0.0
8,HATCHBACK,DIESEL,PERSONAL,6777.79,49,13339,POOR,0,COMPREHENSIVE,1000.0,250.0,0,0.0
10,SEDAN,CNG,PERSONAL,12504.34,40,12241,GOOD,0,ZERO_DEP_PREMIUM,250.0,437.65,0,0.0
9,SEDAN,ELECTRIC,PERSONAL,15063.7,24,18128,GOOD,0,ZERO_DEP_PREMIUM,500.0,659.04,0,0.0
3,SUV,DIESEL,PERSONAL,36365.09,76,11513,GOOD,1,ZERO_DEP_PREMIUM,1000.0,1463.69,0,0.0
1,SEDAN,ELECTRIC,PERSONAL,18838.32,55,9300,EXCELLENT,0,ZERO_DEP_PREMIUM,250.0,659.34,0,0.0
3,SEDAN,PETROL,PERSONAL,20615.8,48,14841,EXCELLENT,0,COMPREHENSIVE,500.0,587.55,0,0.0
12,SUV,DIESEL,PERSONAL,8881.08,46,12115,EXCELLENT,0,COMPREHENSIVE,250.0,253.11,0,0.0
10,SUV,PETROL,PERSONAL,19243.62,61,21323,EXCELLENT,0,THIRD_PARTY,500.0,250.0,0,0.0
4,HATCHBACK,PETROL,PERSONAL,9333.43,45,16603,EXCELLENT,0,COMPREHENSIVE,1000.0,266.0,0,0.0
1,SUV,PETROL,PERSONAL,27459.46,29,14060,EXCELLENT,0,COMPREHENSIVE,500.0,782.59,0,0.0
6,SEDAN,PETROL,PERSONAL,19522.05,44,18953,EXCELLENT,0,COMPREHENSIVE,500.0,556.38,1,4929.57
2,SEDAN,DIESEL,COMMERCIAL,29658.3,21,5971,EXCELLENT,0,COMPREHENSIVE,250.0,1426.38,1,5668.24
13,COMMERCIAL_VAN,DIESEL,RIDESHARE,13251.45,38,15024,EXCELLENT,1,COMPREHENSIVE,250.0,566.5,1,770.78
15,SUV,DIESEL,COMMERCIAL,6864.82,26,12959,EXCELLENT,0,COMPREHENSIVE,250.0,264.12,0,0.0
14,HATCHBACK,PETROL,PERSONAL,4500.0,66,11584,GOOD,0,THIRD_PARTY,250.0,250.0,0,0.0
7,SEDAN,PETROL,PERSONAL,17085.26,51,11235,GOOD,1,COMPREHENSIVE,250.0,486.93,0,0.0
3,SUV,DIESEL,PERSONAL,29861.32,54,17509,GOOD,0,COMPREHENSIVE,250.0,851.05,0,0.0
11,SEDAN,CNG,RIDESHARE,7304.68,38,4122,EXCELLENT,1,COMPREHENSIVE,1000.0,312.28,0,0.0
10,SUV,PETROL,PERSONAL,11500.07,77,14626,POOR,0,COMPREHENSIVE,2000.0,376.91,0,0.0
4,TRUCK,PETROL,PERSONAL,39372.7,40,6063,GOOD,1,COMPREHENSIVE,1000.0,1122.12,0,0.0
2,COMMERCIAL_VAN,HYBRID,PERSONAL,33636.57,41,11399,FAIR,1,COMPREHENSIVE,500.0,958.64,1,19795.19
12,SUV,PETROL,COMMERCIAL,13862.28,27,12273,GOOD,1,COMPREHENSIVE,500.0,533.35,0,0.0
10,SUV,HYBRID,PERSONAL,13474.26,55,19774,GOOD,0,ZERO_DEP_PREMIUM,250.0,471.6,0,0.0
4,TRUCK,DIESEL,PERSONAL,32367.76,23,10098,GOOD,0,COMPREHENSIVE,500.0,1153.1,0,0.0
8,SUV,PETROL,COMMERCIAL,23429.39,38,12744,GOOD,0,COMPREHENSIVE,1000.0,901.45,0,0.0
10,SEDAN,PETROL,PERSONAL,9424.1,54,6970,GOOD,1,COMPREHENSIVE,2000.0,268.59,0,0.0
15,SUV,PETROL,PERSONAL,10256.08,46,14776,GOOD,0,ZERO_DEP_PREMIUM,1000.0,358.96,0,0.0
15,SEDAN,PETROL,PERSONAL,5185.7,76,6510,FAIR,0,THIRD_PARTY,500.0,250.0,0,0.0
12,SUV,HYBRID,PERSONAL,9115.69,57,4498,GOOD,0,COMPREHENSIVE,500.0,259.8,1,1784.07
13,SUV,ELECTRIC,PERSONAL,13190.03,38,5709,EXCELLENT,0,THIRD_PARTY,250.0,250.0,0,0.0
1,SUV,DIESEL,PERSONAL,42289.09,39,11222,GOOD,0,THIRD_PARTY,500.0,528.61,0,0.0
6,SEDAN,ELECTRIC,PERSONAL,17242.37,52,11447,EXCELLENT,1,ZERO_DEP_PREMIUM,1000.0,603.48,0,0.0
14,SEDAN,PETROL,COMMERCIAL,5629.02,63,17606,EXCELLENT,0,COMPREHENSIVE,1000.0,250.0,0,0.0
14,SUV,DIESEL,PERSONAL,8348.48,22,19349,GOOD,1,COMPREHENSIVE,1000.0,297.41,0,0.0
9,HATCHBACK,DIESEL,PERSONAL,9159.91,32,19241,EXCELLENT,0,ZERO_DEP_PREMIUM,1000.0,320.6,0,0.0
7,SUV,ELECTRIC,PERSONAL,16781.99,58,17678,POOR,1,ZERO_DEP_PREMIUM,500.0,587.37,0,0.0
2,SEDAN,PETROL,COMMERCIAL,27412.81,64,21839,GOOD,0,THIRD_PARTY,500.0,462.59,0,0.0
10,TRUCK,DIESEL,PERSONAL,15423.55,36,14549,GOOD,0,THIRD_PARTY,500.0,250.0,0,0.0
3,TRUCK,HYBRID,PERSONAL,45014.9,33,14614,EXCELLENT,1,ZERO_DEP_PREMIUM,500.0,1575.52,1,5019.4
12,SEDAN,PETROL,PERSONAL,11236.03,57,20721,EXCELLENT,1,COMPREHENSIVE,250.0,320.23,0,0.0
10,SEDAN,PETROL,PERSONAL,7394.0,64,7485,FAIR,1,ZERO_DEP_PREMIUM,500.0,258.79,0,0.0
9,HATCHBACK,DIESEL,PERSONAL,8485.26,60,16729,GOOD,0,COMPREHENSIVE,1000.0,250.0,0,0.0
1,HATCHBACK,PETROL,COMMERCIAL,11919.15,40,12287,EXCELLENT,0,COMPREHENSIVE,1000.0,458.59,0,0.0
14,COMMERCIAL_VAN,DIESEL,PERSONAL,8632.46,21,18499,FAIR,0,THIRD_PARTY,500.0,250.0,0,0.0
9,TRUCK,CNG,RIDESHARE,19241.11,38,17818,GOOD,0,COMPREHENSIVE,1000.0,822.56,0,0.0
15,SUV,DIESEL,PERSONAL,9653.07,41,11760,GOOD,0,ZERO_DEP_PREMIUM,500.0,337.86,0,0.0
12,SUV,DIESEL,COMMERCIAL,10773.96,59,7078,POOR,1,THIRD_PARTY,1000.0,250.0,0,0.0
8,SEDAN,DIESEL,PERSONAL,13483.07,72,18572,EXCELLENT,0,COMPREHENSIVE,1000.0,441.91,1,1817.61
2,SEDAN,PETROL,PERSONAL,17643.48,43,10370,FAIR,0,THIRD_PARTY,500.0,250.0,0,0.0
14,SUV,PETROL,PERSONAL,6879.78,59,13044,POOR,2,COMPREHENSIVE,500.0,250.0,0,0.0
8,SUV,HYBRID,PERSONAL,18619.58,19,7464,EXCELLENT,0,THIRD_PARTY,1000.0,290.93,0,0.0
12,SUV,DIESEL,COMMERCIAL,12331.1,57,10877,FAIR,0,COMPREHENSIVE,2000.0,474.44,0,0.0
6,HATCHBACK,PETROL,PERSONAL,10746.43,25,17073,GOOD,0,COMPREHENSIVE,250.0,306.27,0,0.0
5,SEDAN,PETROL,PERSONAL,18737.66,26,14233,FAIR,0,COMPREHENSIVE,2000.0,534.02,0,0.0
10,SUV,DIESEL,PERSONAL,18620.58,19,9119,GOOD,0,COMPREHENSIVE,500.0,663.36,0,0.0
11,SEDAN,ELECTRIC,COMMERCIAL,9412.86,31,4045,POOR,1,COMPREHENSIVE,1000.0,362.16,0,0.0
10,SUV,ELECTRIC,PERSONAL,9895.42,37,15596,GOOD,0,COMPREHENSIVE,1000.0,282.02,0,0.0
2,HATCHBACK,PETROL,COMMERCIAL,15123.85,19,10631,GOOD,0,ZERO_DEP_PREMIUM,500.0,893.25,0,0.0
10,SUV,HYBRID,COMMERCIAL,16438.55,21,13286,FAIR,0,ZERO_DEP_PREMIUM,250.0,970.9,0,0.0
6,COMMERCIAL_VAN,DIESEL,COMMERCIAL,22982.67,52,11884,GOOD,0,COMPREHENSIVE,250.0,884.26,0,0.0
14,SEDAN,DIESEL,PERSONAL,8210.3,72,10585,EXCELLENT,0,COMPREHENSIVE,500.0,269.09,0,0.0
10,SUV,DIESEL,PERSONAL,12988.71,31,15289,EXCELLENT,0,COMPREHENSIVE,2000.0,370.18,0,0.0
13,SEDAN,PETROL,PERSONAL,6135.6,38,8592,GOOD,1,COMPREHENSIVE,250.0,250.0,0,0.0
2,SUV,CNG,COMMERCIAL,34736.11,65,13173,GOOD,0,COMPREHENSIVE,2000.0,1336.47,0,0.0
12,TRUCK,PETROL,COMMERCIAL,12367.5,32,14366,FAIR,0,COMPREHENSIVE,1000.0,475.84,0,0.0
10,SUV,PETROL,PERSONAL,14291.24,56,18563,GOOD,0,ZERO_DEP_PREMIUM,250.0,500.19,0,0.0
5,TRUCK,ELECTRIC,COMMERCIAL,28669.27,67,12734,GOOD,0,COMPREHENSIVE,500.0,1103.05,0,0.0
7,SEDAN,DIESEL,PERSONAL,13893.14,37,7136,FAIR,0,COMPREHENSIVE,1000.0,395.95,0,0.0
4,TRUCK,ELECTRIC,PERSONAL,33760.99,23,15536,GOOD,0,THIRD_PARTY,1000.0,527.52,0,0.0
10,SEDAN,DIESEL,PERSONAL,7296.12,45,8503,GOOD,1,ZERO_DEP_PREMIUM,500.0,255.36,0,0.0
10,TRUCK,PETROL,RIDESHARE,23864.28,70,9484,EXCELLENT,0,COMPREHENSIVE,2000.0,1173.23,0,0.0
12,SEDAN,HYBRID,COMMERCIAL,10073.12,65,10250,EXCELLENT,0,THIRD_PARTY,250.0,250.0,0,0.0
2,SEDAN,PETROL,COMMERCIAL,21482.62,60,11668,GOOD,0,ZERO_DEP_PREMIUM,500.0,1015.05,1,2719.98
5,SUV,HYBRID,RIDESHARE,18734.39,19,18317,EXCELLENT,0,COMPREHENSIVE,500.0,1001.12,0,0.0
14,TRUCK,PETROL,PERSONAL,8884.34,45,15433,EXCELLENT,0,COMPREHENSIVE,1000.0,253.2,0,0.0
7,SEDAN,ELECTRIC,RIDESHARE,15727.04,72,7549,GOOD,0,ZERO_DEP_PREMIUM,250.0,949.52,0,0.0
9,SEDAN,PETROL,PERSONAL,10256.87,51,19306,GOOD,1,COMPREHENSIVE,250.0,292.32,0,0.0
2,TRUCK,DIESEL,COMMERCIAL,31358.44,31,17274,GOOD,0,THIRD_PARTY,500.0,529.17,0,0.0
11,SUV,HYBRID,COMMERCIAL,12323.12,26,14374,POOR,0,COMPREHENSIVE,250.0,474.13,0,0.0
12,SEDAN,DIESEL,PERSONAL,9348.95,40,3000,GOOD,0,ZERO_DEP_PREMIUM,1000.0,327.21,0,0.0
13,SUV,ELECTRIC,PERSONAL,12362.27,61,8701,GOOD,0,THIRD_PARTY,500.0,250.0,0,0.0
10,SUV,ELECTRIC,PERSONAL,16144.52,52,12540,GOOD,0,ZERO_DEP_PREMIUM,1000.0,565.06,0,0.0
10,TRUCK,ELECTRIC,RIDESHARE,22348.04,39,19949,GOOD,0,ZERO_DEP_PREMIUM,1000.0,1173.27,1,2583.42
4,HATCHBACK,HYBRID,PERSONAL,9360.54,22,18464,EXCELLENT,0,ZERO_DEP_PREMIUM,500.0,409.52,0,0.0
8,SUV,PETROL,PERSONAL,19396.04,77,8155,GOOD,0,THIRD_PARTY,1000.0,278.82,0,0.0
13,COMMERCIAL_VAN,PETROL,COMMERCIAL,8595.12,58,4938,EXCELLENT,0,COMPREHENSIVE,1000.0,330.7,0,0.0
13,SUV,PETROL,PERSONAL,11446.99,46,11679,EXCELLENT,0,THIRD_PARTY,500.0,250.0,0,0.0
9,SEDAN,PETROL,PERSONAL,12336.38,52,13131,GOOD,0,COMPREHENSIVE,250.0,351.59,0,0.0
14,SEDAN,PETROL,PERSONAL,5911.11,67,6914,GOOD,0,COMPREHENSIVE,250.0,250.0,0,0.0
14,SUV,DIESEL,PERSONAL,9365.34,51,8580,GOOD,0,COMPREHENSIVE,1000.0,266.91,0,0.0
9,SEDAN,PETROL,COMMERCIAL,14230.77,21,22022,GOOD,0,THIRD_PARTY,500.0,300.18,1,4827.42
2,TRUCK,PETROL,PERSONAL,29290.72,62,10816,GOOD,1,COMPREHENSIVE,1000.0,834.79,0,0.0
12,HATCHBACK,PETROL,PERSONAL,5181.04,66,11146,FAIR,1,THIRD_PARTY,500.0,250.0,1,4101.65
11,SEDAN,ELECTRIC,PERSONAL,12465.18,26,25218,EXCELLENT,1,COMPREHENSIVE,500.0,355.26,0,0.0
10,SUV,DIESEL,PERSONAL,14760.25,68,10975,GOOD,0,COMPREHENSIVE,1000.0,420.67,0,0.0
1,HATCHBACK,PETROL,RIDESHARE,17582.56,31,7949,EXCELLENT,0,COMPREHENSIVE,1000.0,751.65,0,0.0
10,TRUCK,HYBRID,COMMERCIAL,21911.46,62,9308,GOOD,1,COMPREHENSIVE,500.0,843.04,0,0.0
12,TRUCK,PETROL,PERSONAL,11956.18,22,13812,GOOD,1,THIRD_PARTY,250.0,250.0,0,0.0
13,SUV,CNG,PERSONAL,9008.73,67,10363,EXCELLENT,0,THIRD_PARTY,250.0,250.0,0,0.0
7,HATCHBACK,DIESEL,PERSONAL,10178.24,73,11914,GOOD,0,ZERO_DEP_PREMIUM,500.0,409.67,0,0.0
13,SUV,PETROL,PERSONAL,12965.72,64,12306,POOR,0,COMPREHENSIVE,1000.0,369.52,0,0.0
13,SUV,DIESEL,PERSONAL,7840.06,44,26665,GOOD,0,THIRD_PARTY,1000.0,250.0,0,0.0
13,SEDAN,ELECTRIC,COMMERCIAL,7063.25,28,15706,FAIR,0,ZERO_DEP_PREMIUM,1000.0,333.74,0,0.0
6,SEDAN,PETROL,PERSONAL,14454.14,47,8220,GOOD,0,COMPREHENSIVE,500.0,411.94,0,0.0
11,SUV,HYBRID,PERSONAL,16333.5,68,11716,FAIR,2,THIRD_PARTY,500.0,250.0,0,0.0
8,SEDAN,PETROL,PERSONAL,12169.14,54,16113,EXCELLENT,1,ZERO_DEP_PREMIUM,1000.0,425.92,0,0.0
14,SEDAN,PETROL,PERSONAL,9360.33,56,17372,GOOD,0,ZERO_DEP_PREMIUM,1000.0,327.61,0,0.0
3,HATCHBACK,PETROL,PERSONAL,16851.36,51,5280,GOOD,0,COMPREHENSIVE,1000.0,480.26,0,0.0
15,SEDAN,PETROL,PERSONAL,7875.7,68,6122,FAIR,1,ZERO_DEP_PREMIUM,500.0,275.65,0,0.0
2,SUV,PETROL,PERSONAL,34774.36,41,14614,GOOD,2,THIRD_PARTY,250.0,434.68,1,3642.97
9,SUV,HYBRID,PERSONAL,15009.98,33,9630,EXCELLENT,0,ZERO_DEP_PREMIUM,500.0,525.35,0,0.0
15,COMMERCIAL_VAN,PETROL,RIDESHARE,6897.36,75,8998,POOR,0,THIRD_PARTY,500.0,250.0,0,0.0
4,SUV,PETROL,PERSONAL,27185.24,47,13341,EXCELLENT,2,COMPREHENSIVE,2000.0,774.78,0,0.0
10,SEDAN,DIESEL,COMMERCIAL,9650.91,41,16058,EXCELLENT,0,COMPREHENSIVE,500.0,371.32,0,0.0
15,SUV,HYBRID,PERSONAL,8272.64,20,11424,GOOD,1,THIRD_PARTY,1000.0,250.0,0,0.0
0,HATCHBACK,CNG,COMMERCIAL,18902.34,46,3756,GOOD,0,ZERO_DEP_PREMIUM,1000.0,893.14,0,0.0
4,COMMERCIAL_VAN,ELECTRIC,COMMERCIAL,26698.16,59,10121,FAIR,0,THIRD_PARTY,500.0,450.53,0,0.0
12,SUV,CNG,PERSONAL,14238.18,29,7278,GOOD,1,ZERO_DEP_PREMIUM,500.0,498.34,0,0.0
12,SEDAN,ELECTRIC,COMMERCIAL,8205.95,72,15027,GOOD,0,COMPREHENSIVE,500.0,363.08,0,0.0
2,TRUCK,CNG,PERSONAL,29353.32,44,21727,EXCELLENT,1,COMPREHENSIVE,500.0,836.57,0,0.0
0,SEDAN,ELECTRIC,PERSONAL,26596.52,46,13795,GOOD,1,COMPREHENSIVE,500.0,758.0,1,2896.04
2,SUV,PETROL,PERSONAL,40713.96,19,14484,GOOD,1,COMPREHENSIVE,500.0,1450.43,1,5733.56
4,SUV,PETROL,PERSONAL,31131.95,74,16158,EXCELLENT,0,ZERO_DEP_PREMIUM,1000.0,1253.06,0,0.0
4,SEDAN,DIESEL,PERSONAL,15048.53,78,18566,POOR,1,COMPREHENSIVE,1000.0,493.22,0,0.0
14,SEDAN,PETROL,COMMERCIAL,6761.95,46,9881,EXCELLENT,0,COMPREHENSIVE,500.0,260.17,0,0.0
9,SEDAN,PETROL,COMMERCIAL,15014.27,57,12261,GOOD,1,THIRD_PARTY,2000.0,253.37,0,0.0
11,SUV,DIESEL,PERSONAL,10034.73,74,16768,POOR,1,THIRD_PARTY,1000.0,250.0,0,0.0
7,TRUCK,HYBRID,COMMERCIAL,19958.17,26,8262,EXCELLENT,1,ZERO_DEP_PREMIUM,1000.0,943.02,0,0.0
10,SEDAN,PETROL,PERSONAL,8945.84,72,5709,EXCELLENT,0,COMPREHENSIVE,500.0,293.2,0,0.0
0,HATCHBACK,ELECTRIC,PERSONAL,17594.45,69,10407,GOOD,0,COMPREHENSIVE,250.0,576.66,0,0.0
6,SEDAN,ELECTRIC,RIDESHARE,14580.24,61,18153,GOOD,0,THIRD_PARTY,1000.0,273.38,1,834.4
4,SUV,CNG,PERSONAL,18661.13,45,13132,FAIR,1,COMPREHENSIVE,1000.0,531.84,0,0.0
2,SEDAN,HYBRID,PERSONAL,24554.08,54,10401,GOOD,0,COMPREHENSIVE,500.0,699.79,0,0.0
3,TRUCK,ELECTRIC,COMMERCIAL,25509.58,40,17070,POOR,0,THIRD_PARTY,1000.0,430.47,0,0.0
2,HATCHBACK,DIESEL,PERSONAL,14899.05,30,14990,FAIR,0,COMPREHENSIVE,2000.0,424.62,0,0.0
15,SUV,PETROL,PERSONAL,9228.63,22,9003,FAIR,0,THIRD_PARTY,500.0,250.0,0,0.0
7,HATCHBACK,DIESEL,PERSONAL,8644.94,49,11645,EXCELLENT,0,COMPREHENSIVE,1000.0,250.0,0,0.0
3,SUV,ELECTRIC,PERSONAL,20271.74,45,7891,EXCELLENT,0,COMPREHENSIVE,500.0,577.74,0,0.0
2,COMMERCIAL_VAN,HYBRID,RIDESHARE,36107.86,75,13145,EXCELLENT,2,COMPREHENSIVE,500.0,1775.15,1,7837.75
1,HATCHBACK,ELECTRIC,PERSONAL,14588.02,32,15363,GOOD,0,THIRD_PARTY,250.0,250.0,0,0.0
2,TRUCK,PETROL,PERSONAL,35990.94,41,3000,EXCELLENT,1,THIRD_PARTY,1000.0,449.89,0,0.0
6,SUV,DIESEL,PERSONAL,22845.71,49,7909,FAIR,0,THIRD_PARTY,1000.0,285.57,0,0.0
5,SEDAN,PETROL,PERSONAL,18242.78,38,20053,GOOD,1,COMPREHENSIVE,500.0,519.92,0,0.0
9,SUV,PETROL,PERSONAL,10945.95,22,10990,GOOD,0,THIRD_PARTY,1000.0,250.0,0,0.0
11,SEDAN,PETROL,PERSONAL,7257.16,54,19964,GOOD,0,COMPREHENSIVE,1000.0,250.0,0,0.0
12,SUV,PETROL,PERSONAL,10048.42,53,6762,GOOD,1,COMPREHENSIVE,500.0,286.38,0,0.0
4,SUV,ELECTRIC,PERSONAL,28996.94,76,10106,EXCELLENT,0,ZERO_DEP_PREMIUM,2000.0,1167.13,0,0.0
7,SUV,PETROL,PERSONAL,20532.92,45,13479,GOOD,0,THIRD_PARTY,1000.0,256.66,0,0.0
10,SEDAN,PETROL,PERSONAL,12456.97,49,11066,GOOD,0,THIRD_PARTY,1000.0,250.0,0,0.0
0,SEDAN,CNG,COMMERCIAL,31679.06,76,18194,GOOD,3,THIRD_PARTY,500.0,614.77,1,5415.75
2,SUV,PETROL,RIDESHARE,38672.44,77,11967,EXCELLENT,2,COMPREHENSIVE,2000.0,1901.23,0,0.0
1,COMMERCIAL_VAN,PETROL,PERSONAL,33327.18,40,15704,FAIR,0,COMPREHENSIVE,500.0,949.82,1,5550.78
1,SUV,PETROL,PERSONAL,30845.0,33,7585,FAIR,0,COMPREHENSIVE,250.0,879.08,0,0.0
11,SUV,PETROL,COMMERCIAL,16351.13,67,13689,EXCELLENT,0,THIRD_PARTY,250.0,275.93,0,0.0
10,HATCHBACK,PETROL,PERSONAL,5397.75,27,11087,GOOD,1,THIRD_PARTY,250.0,250.0,0,0.0
11,SUV,PETROL,PERSONAL,13048.4,46,7993,GOOD,0,COMPREHENSIVE,500.0,371.88,0,0.0
0,SEDAN,DIESEL,COMMERCIAL,21736.73,69,14599,EXCELLENT,2,THIRD_PARTY,500.0,421.83,1,891.18
4,SUV,PETROL,COMMERCIAL,33072.87,44,18629,FAIR,1,ZERO_DEP_PREMIUM,250.0,1562.69,0,0.0
4,SEDAN,PETROL,RIDESHARE,17570.29,52,9821,POOR,0,THIRD_PARTY,1000.0,329.44,0,0.0
2,COMMERCIAL_VAN,HYBRID,COMMERCIAL,26708.01,59,14402,GOOD,0,ZERO_DEP_PREMIUM,1000.0,1261.95,1,822.41
11,SEDAN,PETROL,PERSONAL,10912.66,62,11532,POOR,0,THIRD_PARTY,1000.0,250.0,0,0.0
11,SEDAN,HYBRID,PERSONAL,8027.35,41,12982,GOOD,0,ZERO_DEP_PREMIUM,500.0,280.96,0,0.0
8,SEDAN,DIESEL,RIDESHARE,16633.66,40,16279,GOOD,1,COMPREHENSIVE,500.0,711.09,0,0.0
11,SEDAN,PETROL,PERSONAL,8820.46,20,18988,GOOD,0,COMPREHENSIVE,500.0,314.23,0,0.0
5,HATCHBACK,ELECTRIC,RIDESHARE,11634.44,53,18088,EXCELLENT,0,COMPREHENSIVE,500.0,497.37,0,0.0
13,SEDAN,PETROL,PERSONAL,7184.74,62,9126,EXCELLENT,1,COMPREHENSIVE,1000.0,250.0,0,0.0
9,SEDAN,PETROL,PERSONAL,14075.41,31,6450,GOOD,0,THIRD_PARTY,250.0,250.0,0,0.0
13,SUV,DIESEL,COMMERCIAL,14027.76,21,3448,GOOD,0,ZERO_DEP_PREMIUM,1000.0,828.51,0,0.0
15,SEDAN,DIESEL,PERSONAL,7907.51,61,15348,GOOD,2,COMPREHENSIVE,500.0,250.0,0,0.0
5,SEDAN,ELECTRIC,COMMERCIAL,20994.12,65,10131,GOOD,0,ZERO_DEP_PREMIUM,1000.0,991.97,0,0.0
9,HATCHBACK,HYBRID,PERSONAL,5281.11,59,17280,EXCELLENT,1,COMPREHENSIVE,2000.0,250.0,0,0.0
5,HATCHBACK,PETROL,COMMERCIAL,13447.6,72,7844,GOOD,1,COMPREHENSIVE,1000.0,595.01,0,0.0
13,TRUCK,DIESEL,PERSONAL,14680.99,49,14507,GOOD,1,COMPREHENSIVE,1000.0,418.41,0,0.0
1,TRUCK,DIESEL,PERSONAL,52390.43,73,4533,EXCELLENT,0,COMPREHENSIVE,500.0,1717.1,0,0.0
10,SUV,CNG,PERSONAL,16529.86,37,14770,POOR,0,COMPREHENSIVE,500.0,471.1,1,1916.91
14,SEDAN,ELECTRIC,PERSONAL,5841.18,73,14260,GOOD,0,ZERO_DEP_PREMIUM,1000.0,250.0,0,0.0
9,HATCHBACK,HYBRID,COMMERCIAL,7714.3,34,7552,EXCELLENT,1,ZERO_DEP_PREMIUM,500.0,364.5,0,0.0
9,HATCHBACK,PETROL,PERSONAL,5228.7,46,13365,FAIR,0,THIRD_PARTY,250.0,250.0,0,0.0
7,HATCHBACK,ELECTRIC,PERSONAL,9814.38,74,21812,GOOD,0,ZERO_DEP_PREMIUM,1000.0,395.03,0,0.0
5,SUV,PETROL,PERSONAL,22157.4,56,15596,GOOD,1,THIRD_PARTY,500.0,276.97,0,0.0
12,SEDAN,PETROL,PERSONAL,6759.58,49,25798,POOR,0,THIRD_PARTY,1000.0,250.0,0,0.0
14,HATCHBACK,HYBRID,PERSONAL,5919.62,21,13189,GOOD,0,COMPREHENSIVE,1000.0,250.0,0,0.0
13,HATCHBACK,PETROL,PERSONAL,6248.24,41,15101,FAIR,1,COMPREHENSIVE,1000.0,250.0,0,0.0
2,COMMERCIAL_VAN,CNG,PERSONAL,41709.96,61,10357,POOR,0,ZERO_DEP_PREMIUM,1000.0,1459.85,0,0.0
9,SEDAN,PETROL,COMMERCIAL,13931.91,59,13608,EXCELLENT,0,COMPREHENSIVE,500.0,536.03,0,0.0
8,SEDAN,ELECTRIC,PERSONAL,14480.98,19,8107,EXCELLENT,2,THIRD_PARTY,2000.0,250.0,0,0.0
1,SEDAN,PETROL,RIDESHARE,27411.43,31,16574,GOOD,0,COMPREHENSIVE,500.0,1171.84,0,0.0
6,HATCHBACK,PETROL,PERSONAL,7034.91,57,8874,FAIR,0,COMPREHENSIVE,1000.0,250.0,0,0.0
2,SEDAN,PETROL,PERSONAL,28644.23,59,19997,FAIR,1,COMPREHENSIVE,2000.0,816.36,0,0.0
14,SEDAN,DIESEL,PERSONAL,9142.59,55,6442,FAIR,0,COMPREHENSIVE,250.0,260.56,0,0.0
11,COMMERCIAL_VAN,PETROL,PERSONAL,16475.62,72,11128,GOOD,0,COMPREHENSIVE,1000.0,539.99,0,0.0
14,SEDAN,DIESEL,PERSONAL,9367.07,72,11379,FAIR,1,ZERO_DEP_PREMIUM,1000.0,377.02,1,2232.58
5,HATCHBACK,PETROL,COMMERCIAL,10854.75,51,7469,FAIR,0,COMPREHENSIVE,2000.0,417.64,0,0.0
4,SEDAN,PETROL,PERSONAL,18067.51,63,13555,GOOD,1,COMPREHENSIVE,500.0,514.92,0,0.0
12,HATCHBACK,PETROL,COMMERCIAL,7107.69,60,10099,EXCELLENT,1,ZERO_DEP_PREMIUM,1000.0,335.84,0,0.0
5,SUV,PETROL,PERSONAL,23024.36,19,18819,GOOD,0,COMPREHENSIVE,1000.0,820.24,0,0.0
7,TRUCK,ELECTRIC,PERSONAL,26123.71,53,8845,GOOD,1,COMPREHENSIVE,250.0,744.53,0,0.0
13,TRUCK,HYBRID,PERSONAL,12410.21,23,14394,GOOD,0,COMPREHENSIVE,1000.0,442.11,0,0.0
2,SEDAN,PETROL,RIDESHARE,24661.76,53,12113,EXCELLENT,0,ZERO_DEP_PREMIUM,500.0,1294.74,0,0.0
15,SEDAN,DIESEL,PERSONAL,7607.57,39,11540,EXCELLENT,1,COMPREHENSIVE,1000.0,250.0,0,0.0
1,SEDAN,ELECTRIC,COMMERCIAL,26907.54,22,12911,FAIR,0,COMPREHENSIVE,250.0,1294.08,0,0.0
7,SUV,PETROL,PERSONAL,19723.21,55,15687,POOR,0,COMPREHENSIVE,500.0,562.11,0,0.0
0,TRUCK,PETROL,PERSONAL,40043.41,58,4007,POOR,0,ZERO_DEP_PREMIUM,500.0,1401.52,1,1730.14
1,SUV,DIESEL,PERSONAL,37696.67,71,12714,GOOD,0,ZERO_DEP_PREMIUM,500.0,1517.29,0,0.0
9,SUV,PETROL,COMMERCIAL,20580.17,39,8783,FAIR,0,ZERO_DEP_PREMIUM,2000.0,972.41,0,0.0
0,SEDAN,PETROL,COMMERCIAL,18325.81,65,9125,EXCELLENT,0,COMPREHENSIVE,1000.0,705.09,0,0.0
15,HATCHBACK,PETROL,PERSONAL,4500.0,28,13596,FAIR,1,COMPREHENSIVE,1000.0,250.0,0,0.0
4,COMMERCIAL_VAN,DIESEL,COMMERCIAL,20425.71,60,17450,GOOD,0,ZERO_DEP_PREMIUM,500.0,965.11,0,0.0
7,SEDAN,PETROL,PERSONAL,18087.84,73,19480,FAIR,0,ZERO_DEP_PREMIUM,500.0,728.04,0,0.0
1,SUV,PETROL,RIDESHARE,38130.13,48,9881,EXCELLENT,0,ZERO_DEP_PREMIUM,1000.0,2001.83,0,0.0
3,SEDAN,PETROL,COMMERCIAL,26768.76,70,3000,FAIR,0,COMPREHENSIVE,500.0,1184.42,0,0.0
3,SUV,PETROL,PERSONAL,30057.61,70,12815,GOOD,0,COMPREHENSIVE,500.0,985.14,0,0.0
10,SUV,PETROL,COMMERCIAL,14344.4,59,4318,EXCELLENT,0,COMPREHENSIVE,500.0,551.9,0,0.0
10,SEDAN,HYBRID,PERSONAL,12703.0,46,14485,GOOD,0,THIRD_PARTY,1000.0,250.0,0,0.0
6,SUV,PETROL,PERSONAL,16613.44,76,8453,EXCELLENT,0,COMPREHENSIVE,1000.0,544.51,0,0.0
0,SEDAN,DIESEL,PERSONAL,25140.35,50,14040,GOOD,0,THIRD_PARTY,1000.0,314.25,0,0.0
8,SUV,PETROL,PERSONAL,17375.88,39,8659,GOOD,0,COMPREHENSIVE,500.0,495.21,0,0.0
2,SUV,DIESEL,PERSONAL,27096.39,66,7260,GOOD,0,ZERO_DEP_PREMIUM,500.0,948.37,0,0.0
5,SEDAN,DIESEL,PERSONAL,15574.22,44,7371,FAIR,0,THIRD_PARTY,2000.0,250.0,0,0.0
9,HATCHBACK,PETROL,PERSONAL,5167.16,25,14286,POOR,1,THIRD_PARTY,1000.0,250.0,0,0.0
13,HATCHBACK,ELECTRIC,PERSONAL,4500.0,75,6551,EXCELLENT,1,ZERO_DEP_PREMIUM,250.0,250.0,1,1263.24
4,SEDAN,DIESEL,PERSONAL,16667.86,65,14956,EXCELLENT,0,COMPREHENSIVE,500.0,475.03,0,0.0
3,SEDAN,ELECTRIC,PERSONAL,24630.62,74,20497,GOOD,0,COMPREHENSIVE,500.0,807.27,0,0.0
8,HATCHBACK,PETROL,COMMERCIAL,6228.01,23,20019,EXCELLENT,0,COMPREHENSIVE,1000.0,299.53,1,755.48
10,COMMERCIAL_VAN,CNG,PERSONAL,13949.13,63,5315,FAIR,0,THIRD_PARTY,500.0,250.0,0,0.0
11,SEDAN,ELECTRIC,COMMERCIAL,6868.21,42,6437,GOOD,0,THIRD_PARTY,250.0,250.0,0,0.0
13,SEDAN,CNG,PERSONAL,8316.24,51,14665,GOOD,1,ZERO_DEP_PREMIUM,1000.0,291.07,0,0.0
8,SEDAN,DIESEL,PERSONAL,13790.05,26,7692,EXCELLENT,0,COMPREHENSIVE,500.0,393.02,0,0.0
0,SUV,DIESEL,PERSONAL,47011.01,53,15284,FAIR,0,THIRD_PARTY,500.0,587.64,0,0.0
6,SEDAN,ELECTRIC,PERSONAL,18800.96,48,4803,POOR,0,THIRD_PARTY,250.0,250.0,0,0.0
9,SEDAN,HYBRID,PERSONAL,10010.94,36,12178,GOOD,0,COMPREHENSIVE,1000.0,285.31,0,0.0
8,SUV,CNG,PERSONAL,13473.31,66,16748,POOR,0,COMPREHENSIVE,1000.0,383.99,0,0.0
4,SUV,PETROL,PERSONAL,19978.15,18,5516,EXCELLENT,0,COMPREHENSIVE,500.0,711.72,0,0.0
15,SUV,ELECTRIC,PERSONAL,12057.55,41,11973,EXCELLENT,0,THIRD_PARTY,1000.0,250.0,0,0.0
0,SUV,PETROL,COMMERCIAL,42165.29,51,11913,POOR,0,THIRD_PARTY,500.0,711.54,0,0.0
7,SUV,DIESEL,PERSONAL,13576.75,34,15228,FAIR,0,COMPREHENSIVE,1000.0,386.94,0,0.0
4,SEDAN,PETROL,PERSONAL,14187.74,51,9490,EXCELLENT,0,ZERO_DEP_PREMIUM,500.0,496.57,0,0.0
5,SEDAN,PETROL,PERSONAL,16874.8,52,6073,GOOD,0,COMPREHENSIVE,250.0,480.93,0,0.0
6,TRUCK,HYBRID,PERSONAL,21125.38,53,3000,GOOD,0,THIRD_PARTY,1000.0,264.07,0,0.0
9,SEDAN,PETROL,RIDESHARE,14047.48,30,18463,FAIR,0,THIRD_PARTY,500.0,263.39,0,0.0
6,HATCHBACK,DIESEL,PERSONAL,10005.87,76,16256,FAIR,0,ZERO_DEP_PREMIUM,1000.0,402.74,0,0.0
12,TRUCK,DIESEL,PERSONAL,16017.06,42,12390,EXCELLENT,0,COMPREHENSIVE,500.0,456.49,0,0.0
13,SEDAN,PETROL,PERSONAL,7812.72,72,12269,GOOD,0,COMPREHENSIVE,500.0,256.06,0,0.0
11,SEDAN,PETROL,PERSONAL,8100.99,29,14413,GOOD,0,ZERO_DEP_PREMIUM,1000.0,283.53,0,0.0
6,SUV,DIESEL,PERSONAL,22744.85,38,16846,GOOD,0,COMPREHENSIVE,250.0,648.23,0,0.0
14,TRUCK,PETROL,RIDESHARE,14121.89,54,3422,GOOD,0,COMPREHENSIVE,1000.0,603.71,1,1185.74
0,TRUCK,ELECTRIC,PERSONAL,42225.2,63,4490,GOOD,0,ZERO_DEP_PREMIUM,500.0,1477.88,0,0.0
6,HATCHBACK,CNG,PERSONAL,9571.65,55,3833,EXCELLENT,0,COMPREHENSIVE,1000.0,272.79,0,0.0
10,SEDAN,PETROL,PERSONAL,13038.53,18,10943,GOOD,0,COMPREHENSIVE,250.0,464.5,0,0.0
2,SUV,PETROL,PERSONAL,23970.83,65,13318,EXCELLENT,0,COMPREHENSIVE,500.0,683.17,1,3811.41
4,SUV,DIESEL,PERSONAL,26702.85,23,17056,EXCELLENT,1,ZERO_DEP_PREMIUM,500.0,1168.25,0,0.0
9,SUV,ELECTRIC,PERSONAL,14541.05,62,3000,GOOD,0,ZERO_DEP_PREMIUM,250.0,508.94,0,0.0
4,SEDAN,PETROL,PERSONAL,21251.97,62,6480,EXCELLENT,0,ZERO_DEP_PREMIUM,2000.0,743.82,0,0.0
7,SEDAN,PETROL,PERSONAL,9581.96,28,13087,GOOD,0,COMPREHENSIVE,1000.0,273.09,0,0.0
6,HATCHBACK,DIESEL,PERSONAL,10624.44,33,13645,EXCELLENT,0,ZERO_DEP_PREMIUM,500.0,371.86,0,0.0
6,SUV,CNG,PERSONAL,15782.8,39,11601,GOOD,0,COMPREHENSIVE,500.0,449.81,0,0.0
5,SEDAN,PETROL,PERSONAL,12092.98,63,7436,POOR,0,COMPREHENSIVE,500.0,344.65,0,0.0
6,SUV,PETROL,PERSONAL,24679.89,28,9351,EXCELLENT,0,THIRD_PARTY,250.0,308.5,0,0.0
13,TRUCK,CNG,PERSONAL,14825.97,54,11883,GOOD,2,COMPREHENSIVE,250.0,422.54,0,0.0
6,HATCHBACK,DIESEL,PERSONAL,12052.05,43,4774,GOOD,1,COMPREHENSIVE,250.0,343.48,0,0.0
14,SEDAN,ELECTRIC,COMMERCIAL,7385.77,74,8660,EXCELLENT,0,ZERO_DEP_PREMIUM,1000.0,401.32,0,0.0
4,SEDAN,DIESEL,COMMERCIAL,19095.69,43,6286,GOOD,0,COMPREHENSIVE,1000.0,734.71,0,0.0
4,SEDAN,CNG,RIDESHARE,21304.68,59,14759,EXCELLENT,1,COMPREHENSIVE,1000.0,910.78,0,0.0
3,TRUCK,DIESEL,RIDESHARE,30716.04,38,8385,EXCELLENT,0,COMPREHENSIVE,1000.0,1313.11,0,0.0
13,SUV,HYBRID,COMMERCIAL,7667.98,74,6617,FAIR,1,COMPREHENSIVE,500.0,339.28,0,0.0
3,SUV,DIESEL,RIDESHARE,23358.56,43,10171,EXCELLENT,0,COMPREHENSIVE,500.0,998.58,1,1412.7
4,SUV,ELECTRIC,COMMERCIAL,21393.97,32,15887,GOOD,1,ZERO_DEP_PREMIUM,250.0,1010.87,0,0.0
9,SEDAN,PETROL,COMMERCIAL,10402.54,56,12396,EXCELLENT,0,THIRD_PARTY,1000.0,250.0,0,0.0
8,HATCHBACK,PETROL,PERSONAL,10235.88,52,17459,GOOD,0,COMPREHENSIVE,2000.0,291.72,0,0.0
13,SUV,ELECTRIC,PERSONAL,13346.83,28,16769,GOOD,0,ZERO_DEP_PREMIUM,1000.0,467.14,0,0.0
10,SEDAN,PETROL,COMMERCIAL,13720.84,26,9125,GOOD,1,ZERO_DEP_PREMIUM,1000.0,648.31,0,0.0
11,SEDAN,DIESEL,PERSONAL,12890.05,59,13105,GOOD,0,ZERO_DEP_PREMIUM,1000.0,451.15,0,0.0
15,SUV,PETROL,COMMERCIAL,8780.18,40,17439,FAIR,0,ZERO_DEP_PREMIUM,2000.0,414.86,0,0.0
5,TRUCK,ELECTRIC,PERSONAL,23584.58,21,10327,GOOD,0,COMPREHENSIVE,500.0,840.2,0,0.0
7,SEDAN,PETROL,PERSONAL,14671.92,47,13580,GOOD,0,THIRD_PARTY,1000.0,250.0,0,0.0
8,TRUCK,ELECTRIC,PERSONAL,27245.93,45,8441,FAIR,0,THIRD_PARTY,500.0,340.57,0,0.0
11,HATCHBACK,DIESEL,RIDESHARE,5817.39,42,11485,POOR,1,THIRD_PARTY,250.0,250.0,1,147.62
13,SEDAN,PETROL,PERSONAL,8040.1,39,11338,GOOD,0,THIRD_PARTY,2000.0,250.0,0,0.0
3,SEDAN,DIESEL,COMMERCIAL,15558.82,42,15322,POOR,0,ZERO_DEP_PREMIUM,250.0,735.15,0,0.0
11,SEDAN,PETROL,COMMERCIAL,9161.24,69,10774,GOOD,0,COMPREHENSIVE,1000.0,405.35,0,0.0
12,HATCHBACK,PETROL,PERSONAL,5009.44,43,13469,FAIR,0,THIRD_PARTY,500.0,250.0,0,0.0
6,SEDAN,PETROL,PERSONAL,13970.0,67,14215,GOOD,1,ZERO_DEP_PREMIUM,2000.0,488.95,1,4875.43
4,SEDAN,PETROL,PERSONAL,23554.7,46,8949,FAIR,0,COMPREHENSIVE,500.0,671.31,0,0.0
3,SUV,CNG,PERSONAL,20116.12,63,10688,GOOD,1,THIRD_PARTY,250.0,251.45,0,0.0
11,HATCHBACK,PETROL,PERSONAL,7827.31,58,14583,GOOD,0,THIRD_PARTY,500.0,250.0,0,0.0
6,SEDAN,DIESEL,PERSONAL,10420.45,49,20773,GOOD,0,COMPREHENSIVE,500.0,296.98,0,0.0
2,SUV,PETROL,PERSONAL,40600.89,43,6842,FAIR,2,ZERO_DEP_PREMIUM,1000.0,1421.03,0,0.0
0,SUV,DIESEL,COMMERCIAL,39010.8,45,14864,POOR,0,COMPREHENSIVE,1000.0,1500.94,0,0.0
6,SUV,PETROL,PERSONAL,24362.51,37,17963,EXCELLENT,0,COMPREHENSIVE,500.0,694.33,0,0.0
8,HATCHBACK,DIESEL,PERSONAL,6252.42,65,12930,GOOD,0,THIRD_PARTY,500.0,250.0,0,0.0
1,SEDAN,ELECTRIC,PERSONAL,27397.05,76,8435,EXCELLENT,0,COMPREHENSIVE,1000.0,897.94,0,0.0
15,HATCHBACK,DIESEL,COMMERCIAL,5122.11,19,12264,EXCELLENT,0,THIRD_PARTY,1000.0,250.0,0,0.0
6,SUV,PETROL,COMMERCIAL,16306.31,40,8147,POOR,0,THIRD_PARTY,1000.0,275.17,0,0.0
9,SUV,DIESEL,PERSONAL,12154.26,56,10237,GOOD,0,COMPREHENSIVE,500.0,346.4,1,1762.03
1,SUV,PETROL,RIDESHARE,29902.82,22,14234,GOOD,0,COMPREHENSIVE,1000.0,1597.93,0,0.0
12,SUV,PETROL,COMMERCIAL,9440.63,38,12227,GOOD,0,THIRD_PARTY,500.0,250.0,0,0.0
12,SEDAN,PETROL,COMMERCIAL,6518.44,73,13382,GOOD,0,THIRD_PARTY,1000.0,250.0,0,0.0
2,SUV,PETROL,COMMERCIAL,35023.36,39,7238,GOOD,1,ZERO_DEP_PREMIUM,500.0,1654.85,0,0.0
12,SUV,DIESEL,PERSONAL,9864.02,66,9750,EXCELLENT,1,THIRD_PARTY,1000.0,250.0,0,0.0
9,SUV,ELECTRIC,PERSONAL,17976.81,28,15258,GOOD,0,ZERO_DEP_PREMIUM,1000.0,629.19,0,0.0
13,SEDAN,PETROL,PERSONAL,9944.26,47,4963,EXCELLENT,1,COMPREHENSIVE,1000.0,283.41,0,0.0
11,TRUCK,PETROL,PERSONAL,18031.12,45,6531,EXCELLENT,0,COMPREHENSIVE,500.0,513.89,0,0.0
9,SUV,PETROL,PERSONAL,12071.07,53,11124,GOOD,0,THIRD_PARTY,1000.0,250.0,0,0.0
2,SEDAN,DIESEL,COMMERCIAL,23716.05,34,10171,FAIR,0,THIRD_PARTY,1000.0,400.21,1,2146.95
11,SUV,DIESEL,PERSONAL,12445.23,38,15962,EXCELLENT,1,COMPREHENSIVE,1000.0,354.69,0,0.0
12,HATCHBACK,PETROL,RIDESHARE,4851.89,54,3000,FAIR,0,COMPREHENSIVE,1000.0,250.0,1,485.64
3,HATCHBACK,ELECTRIC,PERSONAL,11128.4,53,12128,GOOD,1,COMPREHENSIVE,1000.0,317.16,0,0.0
5,SUV,DIESEL,PERSONAL,30341.5,42,18669,EXCELLENT,0,ZERO_DEP_PREMIUM,500.0,1061.95,0,0.0
2,TRUCK,DIESEL,PERSONAL,44443.49,41,13971,GOOD,0,COMPREHENSIVE,500.0,1266.64,0,0.0
12,SEDAN,DIESEL,PERSONAL,6654.62,47,5598,GOOD,1,ZERO_DEP_PREMIUM,500.0,250.0,1,580.25
8,SUV,DIESEL,RIDESHARE,17491.2,59,23424,FAIR,0,COMPREHENSIVE,1000.0,747.75,1,2049.53
1,TRUCK,DIESEL,COMMERCIAL,36947.16,52,10039,POOR,0,THIRD_PARTY,500.0,623.48,0,0.0
6,TRUCK,PETROL,PERSONAL,34594.88,38,3000,GOOD,1,COMPREHENSIVE,500.0,985.95,0,0.0
5,SUV,PETROL,RIDESHARE,31105.71,23,16154,FAIR,0,ZERO_DEP_PREMIUM,2000.0,2041.31,1,4312.78
13,TRUCK,PETROL,COMMERCIAL,11926.41,38,8863,GOOD,1,THIRD_PARTY,1000.0,250.0,0,0.0
14,SEDAN,DIESEL,PERSONAL,6571.49,25,20920,GOOD,0,COMPREHENSIVE,1000.0,250.0,0,0.0
1,TRUCK,HYBRID,PERSONAL,44828.38,22,15747,EXCELLENT,1,THIRD_PARTY,500.0,700.44,0,0.0
10,SEDAN,PETROL,PERSONAL,10484.4,57,22089,GOOD,0,ZERO_DEP_PREMIUM,1000.0,366.95,0,0.0
2,SEDAN,PETROL,PERSONAL,18283.15,27,7759,EXCELLENT,0,COMPREHENSIVE,1000.0,521.07,0,0.0
5,SEDAN,ELECTRIC,COMMERCIAL,18857.94,48,18250,GOOD,0,THIRD_PARTY,250.0,318.23,0,0.0
9,SUV,ELECTRIC,PERSONAL,14387.02,75,8840,FAIR,0,ZERO_DEP_PREMIUM,1000.0,579.08,0,0.0
3,SEDAN,HYBRID,PERSONAL,22680.71,47,14046,FAIR,0,THIRD_PARTY,500.0,283.51,0,0.0
0,SEDAN,DIESEL,PERSONAL,25183.0,68,13275,FAIR,0,COMPREHENSIVE,250.0,717.72,0,0.0
0,SEDAN,HYBRID,RIDESHARE,30943.82,38,18742,EXCELLENT,0,COMPREHENSIVE,500.0,1322.85,0,0.0
2,SEDAN,PETROL,COMMERCIAL,25136.11,53,16144,GOOD,0,ZERO_DEP_PREMIUM,1000.0,1187.68,0,0.0
7,SUV,PETROL,PERSONAL,19648.33,78,10408,POOR,0,COMPREHENSIVE,1000.0,643.97,0,0.0
10,SUV,PETROL,PERSONAL,16729.1,44,17398,EXCELLENT,0,ZERO_DEP_PREMIUM,2000.0,585.52,1,4060.57
3,SEDAN,ELECTRIC,PERSONAL,20037.13,55,12086,FAIR,0,THIRD_PARTY,1000.0,250.46,0,0.0
10,HATCHBACK,PETROL,COMMERCIAL,4867.99,52,15621,EXCELLENT,1,THIRD_PARTY,1000.0,250.0,1,448.67
0,TRUCK,DIESEL,PERSONAL,36408.87,77,13830,GOOD,1,THIRD_PARTY,250.0,523.38,0,0.0
7,HATCHBACK,DIESEL,COMMERCIAL,7211.46,49,11540,FAIR,0,COMPREHENSIVE,250.0,277.46,0,0.0
9,SEDAN,PETROL,RIDESHARE,8280.77,43,6543,POOR,0,THIRD_PARTY,500.0,250.0,0,0.0
5,HATCHBACK,HYBRID,PERSONAL,11961.12,21,13415,GOOD,0,THIRD_PARTY,500.0,250.0,0,0.0
0,SEDAN,PETROL,PERSONAL,24886.5,44,9462,FAIR,1,ZERO_DEP_PREMIUM,1000.0,871.03,0,0.0
11,SEDAN,PETROL,PERSONAL,7052.69,53,6964,EXCELLENT,1,THIRD_PARTY,1000.0,250.0,0,0.0
9,SEDAN,ELECTRIC,PERSONAL,14174.42,54,16237,GOOD,0,COMPREHENSIVE,1000.0,403.97,0,0.0
9,HATCHBACK,PETROL,PERSONAL,8069.44,44,9661,GOOD,1,COMPREHENSIVE,1000.0,250.0,0,0.0
5,SEDAN,DIESEL,PERSONAL,16493.47,64,4376,GOOD,0,THIRD_PARTY,1000.0,250.0,0,0.0
0,SEDAN,ELECTRIC,PERSONAL,22703.14,65,12510,GOOD,0,COMPREHENSIVE,500.0,647.04,0,0.0
14,SEDAN,HYBRID,PERSONAL,5597.67,23,11815,POOR,0,COMPREHENSIVE,2000.0,250.0,0,0.0
9,TRUCK,HYBRID,COMMERCIAL,19221.72,35,12222,EXCELLENT,0,COMPREHENSIVE,1000.0,739.56,0,0.0
9,SUV,PETROL,PERSONAL,20330.17,43,12216,EXCELLENT,0,ZERO_DEP_PREMIUM,500.0,711.56,1,1454.72
2,SEDAN,DIESEL,PERSONAL,17910.81,61,7972,POOR,0,COMPREHENSIVE,250.0,510.46,0,0.0
1,SUV,PETROL,COMMERCIAL,35972.49,41,10703,GOOD,0,ZERO_DEP_PREMIUM,1000.0,1699.7,0,0.0
3,SUV,PETROL,PERSONAL,37252.4,69,17176,GOOD,0,COMPREHENSIVE,500.0,1220.95,0,0.0
1,SUV,PETROL,PERSONAL,37542.36,24,16347,EXCELLENT,1,COMPREHENSIVE,2000.0,1337.45,0,0.0
10,SEDAN,PETROL,COMMERCIAL,10205.57,72,10909,GOOD,0,THIRD_PARTY,500.0,250.0,0,0.0
12,TRUCK,HYBRID,PERSONAL,17047.44,61,15133,EXCELLENT,0,COMPREHENSIVE,250.0,485.85,0,0.0
4,SEDAN,PETROL,PERSONAL,22771.91,31,12918,EXCELLENT,1,COMPREHENSIVE,500.0,649.0,0,0.0
3,SUV,DIESEL,PERSONAL,30203.89,30,11016,GOOD,0,ZERO_DEP_PREMIUM,250.0,1057.14,0,0.0
5,SEDAN,PETROL,PERSONAL,21259.12,43,18109,FAIR,1,COMPREHENSIVE,250.0,605.88,0,0.0
13,SEDAN,DIESEL,PERSONAL,8089.19,60,8473,FAIR,0,COMPREHENSIVE,1000.0,250.0,1,833.75
14,SEDAN,CNG,RIDESHARE,8894.24,60,13879,EXCELLENT,0,COMPREHENSIVE,500.0,380.23,0,0.0
6,SUV,PETROL,PERSONAL,27933.99,19,5014,GOOD,0,ZERO_DEP_PREMIUM,1000.0,1222.11,1,23512.03
11,SEDAN,DIESEL,PERSONAL,9682.28,63,14122,GOOD,2,COMPREHENSIVE,1000.0,275.94,0,0.0
15,HATCHBACK,PETROL,RIDESHARE,4500.0,64,9529,EXCELLENT,0,THIRD_PARTY,250.0,250.0,0,0.0
1,SEDAN,PETROL,COMMERCIAL,26656.0,40,10782,FAIR,0,ZERO_DEP_PREMIUM,500.0,1259.5,1,4462.16
1,SUV,DIESEL,PERSONAL,40851.86,45,11189,GOOD,0,ZERO_DEP_PREMIUM,250.0,1429.82,0,0.0
7,HATCHBACK,ELECTRIC,PERSONAL,10550.82,18,3000,POOR,1,COMPREHENSIVE,500.0,375.87,1,2093.54
12,SUV,PETROL,PERSONAL,8347.66,49,5236,EXCELLENT,1,ZERO_DEP_PREMIUM,500.0,292.17,1,1047.64
12,HATCHBACK,PETROL,RIDESHARE,6260.42,29,16235,EXCELLENT,0,COMPREHENSIVE,250.0,267.63,0,0.0
8,SUV,PETROL,PERSONAL,21138.86,63,12970,GOOD,0,THIRD_PARTY,500.0,264.24,0,0.0
4,SEDAN,ELECTRIC,COMMERCIAL,21222.45,67,19062,EXCELLENT,1,COMPREHENSIVE,250.0,816.53,0,0.0
15,HATCHBACK,ELECTRIC,PERSONAL,4664.15,70,6344,GOOD,0,ZERO_DEP_PREMIUM,1000.0,250.0,0,0.0
6,SEDAN,DIESEL,COMMERCIAL,10763.13,73,16330,POOR,1,COMPREHENSIVE,500.0,476.23,0,0.0
12,SUV,DIESEL,PERSONAL,11718.56,77,14573,EXCELLENT,0,THIRD_PARTY,1000.0,250.0,0,0.0
11,HATCHBACK,HYBRID,RIDESHARE,7216.23,72,17740,EXCELLENT,0,THIRD_PARTY,1000.0,250.0,0,0.0
8,SEDAN,ELECTRIC,RIDESHARE,16552.39,52,12015,EXCELLENT,2,COMPREHENSIVE,2000.0,707.61,1,8353.86
13,SEDAN,ELECTRIC,PERSONAL,6566.39,78,13015,GOOD,0,ZERO_DEP_PREMIUM,1000.0,264.3,0,0.0
0,SUV,ELECTRIC,COMMERCIAL,39795.71,43,8551,GOOD,0,COMPREHENSIVE,1000.0,1531.14,0,0.0
7,HATCHBACK,DIESEL,COMMERCIAL,10442.96,48,11282,FAIR,0,COMPREHENSIVE,500.0,401.79,1,2859.36
9,TRUCK,DIESEL,RIDESHARE,23097.15,74,10288,FAIR,0,ZERO_DEP_PREMIUM,500.0,1394.49,1,1672.15
9,SUV,HYBRID,PERSONAL,17457.84,29,6535,GOOD,0,COMPREHENSIVE,500.0,497.55,0,0.0
8,SUV,HYBRID,PERSONAL,12071.86,46,13112,GOOD,0,THIRD_PARTY,1000.0,250.0,0,0.0
8,TRUCK,PETROL,COMMERCIAL,24968.38,22,16738,FAIR,1,ZERO_DEP_PREMIUM,1000.0,1474.69,0,0.0
9,SEDAN,PETROL,COMMERCIAL,13810.58,52,17809,GOOD,0,COMPREHENSIVE,1000.0,531.36,0,0.0
6,SEDAN,CNG,PERSONAL,17806.03,24,8852,EXCELLENT,1,COMPREHENSIVE,1000.0,634.34,0,0.0
15,HATCHBACK,PETROL,COMMERCIAL,4805.99,33,12336,EXCELLENT,0,THIRD_PARTY,1000.0,250.0,0,0.0
11,HATCHBACK,HYBRID,PERSONAL,5679.2,49,11894,EXCELLENT,0,COMPREHENSIVE,1000.0,250.0,0,0.0
11,TRUCK,PETROL,COMMERCIAL,21760.92,69,19135,GOOD,1,ZERO_DEP_PREMIUM,2000.0,1182.43,0,0.0
11,SUV,PETROL,PERSONAL,15813.29,34,20538,GOOD,1,COMPREHENSIVE,1000.0,450.68,0,0.0
11,SEDAN,PETROL,PERSONAL,10181.71,38,6628,EXCELLENT,0,COMPREHENSIVE,1000.0,290.18,0,0.0
9,SUV,PETROL,PERSONAL,20857.99,44,14689,FAIR,0,COMPREHENSIVE,1000.0,594.45,0,0.0
15,SEDAN,PETROL,PERSONAL,8439.48,57,14890,GOOD,0,COMPREHENSIVE,1000.0,250.0,0,0.0
14,SEDAN,DIESEL,PERSONAL,8819.09,64,11597,EXCELLENT,1,COMPREHENSIVE,500.0,251.34,0,0.0
2,HATCHBACK,ELECTRIC,PERSONAL,14502.83,77,6816,FAIR,0,THIRD_PARTY,250.0,250.0,0,0.0
12,SEDAN,CNG,PERSONAL,8962.64,69,15674,GOOD,0,THIRD_PARTY,500.0,250.0,0,0.0
12,HATCHBACK,PETROL,PERSONAL,4798.93,32,17973,EXCELLENT,0,ZERO_DEP_PREMIUM,1000.0,250.0,0,0.0
4,SUV,DIESEL,COMMERCIAL,21616.28,40,10038,POOR,0,COMPREHENSIVE,250.0,831.69,0,0.0
12,SUV,DIESEL,PERSONAL,12290.01,25,17883,EXCELLENT,0,THIRD_PARTY,500.0,250.0,0,0.0
1,SEDAN,DIESEL,PERSONAL,26131.22,42,12518,FAIR,2,THIRD_PARTY,250.0,326.64,0,0.0
10,SEDAN,DIESEL,PERSONAL,8820.42,28,18898,POOR,0,COMPREHENSIVE,250.0,251.38,0,0.0
9,SEDAN,PETROL,RIDESHARE,14973.84,74,18889,FAIR,0,THIRD_PARTY,1000.0,322.87,0,0.0
2,COMMERCIAL_VAN,PETROL,PERSONAL,34302.79,38,12393,GOOD,1,COMPREHENSIVE,500.0,977.63,0,0.0
9,HATCHBACK,PETROL,PERSONAL,7316.26,71,14378,POOR,0,ZERO_DEP_PREMIUM,1000.0,294.48,0,0.0
6,SUV,PETROL,COMMERCIAL,20544.42,72,9339,EXCELLENT,0,ZERO_DEP_PREMIUM,250.0,1116.33,1,3441.14
0,SEDAN,ELECTRIC,RIDESHARE,19256.9,27,5194,EXCELLENT,1,THIRD_PARTY,500.0,361.07,0,0.0
2,TRUCK,PETROL,PERSONAL,48011.55,67,13628,GOOD,1,COMPREHENSIVE,250.0,1368.33,0,0.0
4,SEDAN,HYBRID,RIDESHARE,16436.93,26,5901,FAIR,2,THIRD_PARTY,250.0,308.19,0,0.0
10,SEDAN,HYBRID,PERSONAL,11640.73,65,21918,GOOD,0,THIRD_PARTY,1000.0,250.0,0,0.0
13,SUV,CNG,PERSONAL,11886.98,18,17623,POOR,0,THIRD_PARTY,500.0,250.0,0,0.0
3,TRUCK,HYBRID,PERSONAL,36775.92,39,11817,EXCELLENT,2,ZERO_DEP_PREMIUM,500.0,1287.16,0,0.0
2,SEDAN,PETROL,PERSONAL,22994.65,23,24502,FAIR,0,COMPREHENSIVE,250.0,819.18,0,0.0
5,SEDAN,DIESEL,PERSONAL,13418.07,47,9663,POOR,0,COMPREHENSIVE,1000.0,382.41,0,0.0
11,TRUCK,PETROL,PERSONAL,13977.24,72,10734,GOOD,0,COMPREHENSIVE,1000.0,458.1,0,0.0
5,SEDAN,ELECTRIC,PERSONAL,17310.79,51,10679,POOR,0,COMPREHENSIVE,250.0,493.36,0,0.0
3,SEDAN,HYBRID,PERSONAL,24540.82,30,12212,EXCELLENT,0,ZERO_DEP_PREMIUM,500.0,858.93,0,0.0
8,SUV,HYBRID,PERSONAL,16969.59,39,11104,POOR,0,ZERO_DEP_PREMIUM,500.0,593.94,0,0.0
10,TRUCK,PETROL,PERSONAL,14439.87,23,14554,POOR,0,THIRD_PARTY,1000.0,250.0,0,0.0
5,SUV,ELECTRIC,PERSONAL,17108.59,58,8005,EXCELLENT,1,COMPREHENSIVE,500.0,487.59,1,1957.37
14,COMMERCIAL_VAN,PETROL,RIDESHARE,11812.89,63,13075,GOOD,0,COMPREHENSIVE,2000.0,505.0,0,0.0
8,SUV,PETROL,PERSONAL,16867.1,41,10058,GOOD,1,COMPREHENSIVE,1000.0,480.71,0,0.0
12,SEDAN,ELECTRIC,PERSONAL,6604.86,38,12782,EXCELLENT,0,ZERO_DEP_PREMIUM,250.0,250.0,0,0.0
10,COMMERCIAL_VAN,PETROL,PERSONAL,17344.91,56,7626,EXCELLENT,0,THIRD_PARTY,500.0,250.0,0,0.0
9,SUV,CNG,PERSONAL,13022.32,40,8609,EXCELLENT,0,ZERO_DEP_PREMIUM,1000.0,455.78,0,0.0
9,SEDAN,PETROL,PERSONAL,11752.7,22,22063,GOOD,1,THIRD_PARTY,1000.0,250.0,0,0.0
1,SUV,HYBRID,PERSONAL,29953.5,24,8354,GOOD,0,COMPREHENSIVE,1000.0,1067.09,0,0.0
14,SEDAN,DIESEL,COMMERCIAL,9388.33,20,14855,POOR,0,ZERO_DEP_PREMIUM,500.0,554.5,0,0.0
5,SEDAN,ELECTRIC,PERSONAL,13950.14,72,10084,GOOD,0,ZERO_DEP_PREMIUM,2000.0,561.49,0,0.0
13,SEDAN,ELECTRIC,PERSONAL,7583.56,30,7921,GOOD,0,COMPREHENSIVE,500.0,250.0,0,0.0
3,SUV,HYBRID,PERSONAL,37210.76,71,12788,EXCELLENT,0,COMPREHENSIVE,250.0,1219.58,1,7443.17
1,HATCHBACK,PETROL,COMMERCIAL,13440.45,29,8589,GOOD,1,ZERO_DEP_PREMIUM,2000.0,635.06,1,4050.04
4,SUV,HYBRID,COMMERCIAL,28420.03,23,14831,POOR,0,COMPREHENSIVE,1000.0,1366.83,1,1810.91
13,COMMERCIAL_VAN,PETROL,PERSONAL,10278.16,51,11938,GOOD,0,THIRD_PARTY,1000.0,250.0,0,0.0
14,SEDAN,PETROL,PERSONAL,5398.06,32,18512,GOOD,0,ZERO_DEP_PREMIUM,1000.0,250.0,1,1041.03
2,SEDAN,PETROL,RIDESHARE,24529.45,64,6624,GOOD,0,COMPREHENSIVE,500.0,1048.63,0,0.0
5,SEDAN,ELECTRIC,PERSONAL,21761.11,35,13742,GOOD,1,COMPREHENSIVE,500.0,620.19,0,0.0
10,SEDAN,DIESEL,PERSONAL,10294.87,72,14166,GOOD,0,ZERO_DEP_PREMIUM,2000.0,414.37,0,0.0
14,SEDAN,ELECTRIC,PERSONAL,7903.48,66,8015,EXCELLENT,0,THIRD_PARTY,500.0,250.0,0,0.0
13,HATCHBACK,ELECTRIC,PERSONAL,5287.92,74,9511,GOOD,1,COMPREHENSIVE,250.0,250.0,0,0.0
7,TRUCK,PETROL,RIDESHARE,22522.91,20,6094,GOOD,1,COMPREHENSIVE,500.0,1203.57,0,0.0
3,COMMERCIAL_VAN,HYBRID,RIDESHARE,32370.58,39,5479,POOR,0,ZERO_DEP_PREMIUM,1000.0,1699.46,1,2759.54
11,SEDAN,PETROL,COMMERCIAL,8121.98,52,11966,GOOD,1,COMPREHENSIVE,250.0,312.49,0,0.0
3,TRUCK,HYBRID,PERSONAL,31984.24,45,16130,EXCELLENT,1,COMPREHENSIVE,1000.0,911.55,0,0.0
4,SEDAN,PETROL,PERSONAL,18001.07,58,11907,EXCELLENT,0,COMPREHENSIVE,500.0,513.03,0,0.0
5,SEDAN,DIESEL,PERSONAL,21170.26,59,12095,POOR,0,THIRD_PARTY,1000.0,264.63,0,0.0
10,TRUCK,PETROL,RIDESHARE,16171.93,29,6657,POOR,0,COMPREHENSIVE,500.0,691.35,0,0.0
6,SUV,PETROL,PERSONAL,23399.31,72,3042,EXCELLENT,0,COMPREHENSIVE,1000.0,766.91,0,0.0
5,SEDAN,PETROL,PERSONAL,13781.09,18,14039,POOR,1,THIRD_PARTY,500.0,250.0,0,0.0
6,SUV,PETROL,PERSONAL,17924.66,53,9526,POOR,0,ZERO_DEP_PREMIUM,500.0,627.36,1,7246.68
8,SEDAN,PETROL,PERSONAL,14108.24,47,4395,GOOD,1,COMPREHENSIVE,250.0,402.08,0,0.0
3,HATCHBACK,PETROL,RIDESHARE,14873.89,70,10051,FAIR,0,COMPREHENSIVE,1000.0,731.24,0,0.0
9,SUV,DIESEL,PERSONAL,15767.22,72,13622,GOOD,0,THIRD_PARTY,1000.0,250.0,0,0.0
14,COMMERCIAL_VAN,ELECTRIC,PERSONAL,9483.63,40,14311,GOOD,1,THIRD_PARTY,500.0,250.0,0,0.0
0,SEDAN,DIESEL,PERSONAL,34766.94,54,13395,EXCELLENT,0,ZERO_DEP_PREMIUM,1000.0,1216.84,0,0.0
14,SEDAN,HYBRID,PERSONAL,5520.21,45,9370,GOOD,1,ZERO_DEP_PREMIUM,1000.0,250.0,0,0.0
8,SUV,DIESEL,RIDESHARE,20391.09,66,15174,POOR,1,ZERO_DEP_PREMIUM,250.0,1070.53,1,6016.46
6,SUV,DIESEL,RIDESHARE,24186.86,70,12408,FAIR,0,COMPREHENSIVE,1000.0,1189.09,0,0.0
3,SEDAN,DIESEL,RIDESHARE,23181.7,22,8556,GOOD,1,ZERO_DEP_PREMIUM,500.0,1521.3,0,0.0
9,HATCHBACK,PETROL,COMMERCIAL,9276.11,53,7473,GOOD,0,ZERO_DEP_PREMIUM,500.0,438.3,1,345.56
7,TRUCK,DIESEL,PERSONAL,27506.29,78,13383,GOOD,1,COMPREHENSIVE,500.0,901.52,0,0.0
11,TRUCK,PETROL,PERSONAL,14206.0,71,16410,GOOD,0,COMPREHENSIVE,1000.0,465.6,1,968.35
6,HATCHBACK,HYBRID,PERSONAL,8607.87,64,15171,FAIR,0,ZERO_DEP_PREMIUM,500.0,301.28,0,0.0
11,TRUCK,ELECTRIC,PERSONAL,15183.36,73,13234,GOOD,1,COMPREHENSIVE,250.0,497.63,0,0.0
1,SUV,PETROL,PERSONAL,23638.5,27,15350,EXCELLENT,1,COMPREHENSIVE,1000.0,673.7,0,0.0
0,HATCHBACK,ELECTRIC,PERSONAL,21431.32,22,23171,EXCELLENT,1,COMPREHENSIVE,2000.0,763.49,1,1254.98
8,SEDAN,PETROL,PERSONAL,9188.1,31,13795,GOOD,0,COMPREHENSIVE,1000.0,261.86,0,0.0
6,SUV,PETROL,PERSONAL,24324.57,41,13208,GOOD,2,COMPREHENSIVE,500.0,693.25,0,0.0
13,SEDAN,PETROL,COMMERCIAL,9240.51,45,14950,GOOD,1,COMPREHENSIVE,500.0,355.53,0,0.0
9,SUV,ELECTRIC,RIDESHARE,19882.31,38,15876,GOOD,0,COMPREHENSIVE,1000.0,849.97,1,2856.56
0,SEDAN,ELECTRIC,PERSONAL,28271.19,62,6488,FAIR,2,THIRD_PARTY,1000.0,353.39,0,0.0
12,COMMERCIAL_VAN,ELECTRIC,PERSONAL,14799.06,68,13297,GOOD,0,ZERO_DEP_PREMIUM,1000.0,517.97,0,0.0
3,SEDAN,PETROL,RIDESHARE,17866.83,57,17017,POOR,0,COMPREHENSIVE,1000.0,763.81,0,0.0
14,SEDAN,DIESEL,PERSONAL,8483.82,29,20355,EXCELLENT,0,ZERO_DEP_PREMIUM,1000.0,296.93,0,0.0
4,SUV,ELECTRIC,PERSONAL,23215.42,37,12590,POOR,0,THIRD_PARTY,1000.0,290.19,0,0.0
4,SEDAN,PETROL,PERSONAL,23748.65,68,10455,EXCELLENT,0,THIRD_PARTY,500.0,296.86,0,0.0
13,SEDAN,DIESEL,PERSONAL,6213.43,49,13242,GOOD,0,COMPREHENSIVE,500.0,250.0,0,0.0
13,SEDAN,PETROL,PERSONAL,7027.25,68,9602,GOOD,0,COMPREHENSIVE,500.0,250.0,0,0.0
13,SUV,PETROL,COMMERCIAL,11083.41,55,19561,GOOD,1,THIRD_PARTY,1000.0,250.0,0,0.0
4,SUV,DIESEL,PERSONAL,30688.28,57,14663,POOR,0,COMPREHENSIVE,1000.0,874.62,1,5684.64
10,HATCHBACK,DIESEL,PERSONAL,7627.32,59,12263,EXCELLENT,0,COMPREHENSIVE,500.0,250.0,0,0.0
15,HATCHBACK,PETROL,PERSONAL,4500.0,38,17511,GOOD,1,THIRD_PARTY,250.0,250.0,0,0.0
2,SUV,PETROL,PERSONAL,23878.05,34,7309,FAIR,0,ZERO_DEP_PREMIUM,1000.0,835.73,0,0.0
4,SEDAN,PETROL,PERSONAL,16274.38,18,3176,EXCELLENT,1,ZERO_DEP_PREMIUM,500.0,712.0,0,0.0
3,SEDAN,PETROL,PERSONAL,20349.68,68,14397,POOR,0,COMPREHENSIVE,500.0,579.97,0,0.0
14,HATCHBACK,PETROL,PERSONAL,4602.96,61,17332,GOOD,0,ZERO_DEP_PREMIUM,250.0,250.0,0,0.0
4,SEDAN,PETROL,PERSONAL,17836.56,45,11859,POOR,1,COMPREHENSIVE,2000.0,508.34,0,0.0
6,SEDAN,DIESEL,PERSONAL,17188.4,71,9443,GOOD,1,COMPREHENSIVE,250.0,563.35,0,0.0
4,HATCHBACK,PETROL,PERSONAL,10964.22,19,8194,GOOD,0,COMPREHENSIVE,500.0,390.6,0,0.0
13,SUV,ELECTRIC,PERSONAL,14393.12,34,6944,GOOD,0,COMPREHENSIVE,1000.0,410.2,0,0.0
14,SEDAN,ELECTRIC,PERSONAL,6128.51,56,15493,FAIR,1,ZERO_DEP_PREMIUM,500.0,250.0,0,0.0
13,SEDAN,PETROL,PERSONAL,8691.53,31,16180,EXCELLENT,0,THIRD_PARTY,500.0,250.0,0,0.0
13,TRUCK,PETROL,PERSONAL,14564.19,31,16631,GOOD,0,ZERO_DEP_PREMIUM,1000.0,509.75,0,0.0
7,TRUCK,HYBRID,RIDESHARE,20397.85,61,12532,EXCELLENT,0,COMPREHENSIVE,2000.0,872.01,0,0.0
7,HATCHBACK,PETROL,RIDESHARE,8170.46,65,7297,GOOD,0,THIRD_PARTY,500.0,250.0,0,0.0
2,SUV,PETROL,PERSONAL,28494.87,35,9282,EXCELLENT,1,THIRD_PARTY,500.0,356.19,0,0.0
4,SUV,PETROL,COMMERCIAL,20261.83,57,15193,POOR,0,ZERO_DEP_PREMIUM,500.0,957.37,0,0.0
11,COMMERCIAL_VAN,DIESEL,PERSONAL,13925.29,51,7832,GOOD,0,COMPREHENSIVE,500.0,396.87,0,0.0
3,COMMERCIAL_VAN,DIESEL,PERSONAL,27795.63,60,12041,GOOD,0,ZERO_DEP_PREMIUM,500.0,972.85,0,0.0
13,SEDAN,CNG,PERSONAL,6293.2,18,7921,FAIR,0,COMPREHENSIVE,500.0,250.0,0,0.0
13,HATCHBACK,HYBRID,PERSONAL,4765.28,59,9364,FAIR,0,COMPREHENSIVE,500.0,250.0,0,0.0
4,SEDAN,PETROL,PERSONAL,17745.53,35,7316,EXCELLENT,0,ZERO_DEP_PREMIUM,2000.0,621.09,1,4632.18
7,SEDAN,PETROL,PERSONAL,10640.55,65,12573,GOOD,0,COMPREHENSIVE,500.0,303.26,0,0.0
3,SUV,PETROL,COMMERCIAL,21481.24,51,5916,POOR,0,COMPREHENSIVE,1000.0,826.49,0,0.0
4,SUV,PETROL,PERSONAL,28470.39,40,9078,EXCELLENT,1,THIRD_PARTY,500.0,355.88,1,3595.74
15,TRUCK,PETROL,PERSONAL,12773.16,66,16330,GOOD,0,COMPREHENSIVE,1000.0,364.04,0,0.0
6,SEDAN,PETROL,PERSONAL,20062.53,33,17219,GOOD,1,COMPREHENSIVE,500.0,571.78,0,0.0
2,SUV,PETROL,PERSONAL,22683.74,36,15518,GOOD,1,COMPREHENSIVE,500.0,646.49,0,0.0
12,TRUCK,PETROL,RIDESHARE,11102.87,54,18869,POOR,0,COMPREHENSIVE,1000.0,474.65,0,0.0
5,TRUCK,PETROL,COMMERCIAL,20216.14,77,6561,GOOD,0,COMPREHENSIVE,1000.0,894.49,1,2488.49
8,SEDAN,CNG,RIDESHARE,13113.72,72,12088,EXCELLENT,0,THIRD_PARTY,500.0,282.76,0,0.0
10,SEDAN,DIESEL,PERSONAL,11501.01,23,12839,POOR,0,COMPREHENSIVE,1000.0,409.72,0,0.0
3,SUV,CNG,PERSONAL,26652.9,41,21283,FAIR,0,THIRD_PARTY,2000.0,333.16,0,0.0
3,SEDAN,PETROL,PERSONAL,24658.21,34,11431,GOOD,0,ZERO_DEP_PREMIUM,500.0,863.04,1,4513.14
5,COMMERCIAL_VAN,DIESEL,PERSONAL,27997.95,65,16105,GOOD,0,THIRD_PARTY,500.0,349.97,0,0.0
5,TRUCK,PETROL,PERSONAL,38168.23,33,20121,POOR,0,ZERO_DEP_PREMIUM,1000.0,1335.89,0,0.0
2,SEDAN,PETROL,COMMERCIAL,17149.69,56,13086,EXCELLENT,1,COMPREHENSIVE,500.0,659.83,0,0.0
13,SEDAN,PETROL,PERSONAL,5652.29,65,10388,GOOD,0,COMPREHENSIVE,250.0,250.0,0,0.0
0,SEDAN,HYBRID,PERSONAL,23201.43,58,10778,EXCELLENT,1,COMPREHENSIVE,500.0,661.24,0,0.0
2,TRUCK,CNG,COMMERCIAL,25991.36,72,4798,POOR,1,THIRD_PARTY,1000.0,504.39,0,0.0
7,SEDAN,PETROL,COMMERCIAL,18176.31,23,10433,FAIR,1,ZERO_DEP_PREMIUM,1000.0,1073.54,0,0.0
7,SUV,PETROL,PERSONAL,16980.55,33,6103,GOOD,0,COMPREHENSIVE,1000.0,483.95,0,0.0
15,SUV,PETROL,PERSONAL,9506.78,26,16019,FAIR,2,COMPREHENSIVE,250.0,270.94,0,0.0
5,SUV,PETROL,PERSONAL,20727.45,46,5470,POOR,1,ZERO_DEP_PREMIUM,500.0,725.46,0,0.0
6,SEDAN,PETROL,PERSONAL,12875.71,21,14265,POOR,1,COMPREHENSIVE,500.0,458.7,1,12875.71
1,SEDAN,PETROL,PERSONAL,19085.46,77,17619,FAIR,0,THIRD_PARTY,2000.0,274.35,0,0.0
8,TRUCK,DIESEL,PERSONAL,19123.89,43,15780,FAIR,0,COMPREHENSIVE,500.0,545.03,0,0.0
2,TRUCK,PETROL,PERSONAL,41202.04,71,10326,GOOD,0,COMPREHENSIVE,1000.0,1350.4,0,0.0
1,HATCHBACK,PETROL,PERSONAL,20094.76,55,15937,GOOD,0,ZERO_DEP_PREMIUM,1000.0,703.32,0,0.0
15,SEDAN,PETROL,COMMERCIAL,6891.05,43,12543,FAIR,0,ZERO_DEP_PREMIUM,1000.0,325.6,0,0.0
15,SEDAN,PETROL,COMMERCIAL,6778.79,31,10442,FAIR,0,COMPREHENSIVE,1000.0,260.81,0,0.0
4,SUV,CNG,PERSONAL,17890.27,52,10864,POOR,0,COMPREHENSIVE,500.0,509.87,0,0.0
0,SEDAN,PETROL,COMMERCIAL,33489.8,72,14493,EXCELLENT,0,COMPREHENSIVE,250.0,1481.8,1,1739.77
4,TRUCK,HYBRID,PERSONAL,22068.19,66,5495,GOOD,0,ZERO_DEP_PREMIUM,1000.0,772.39,0,0.0
15,SUV,ELECTRIC,PERSONAL,11673.4,60,10231,GOOD,0,THIRD_PARTY,500.0,250.0,0,0.0
9,SEDAN,CNG,PERSONAL,11983.67,41,14186,FAIR,0,COMPREHENSIVE,250.0,341.53,0,0.0
3,TRUCK,ELECTRIC,PERSONAL,27120.09,25,10193,EXCELLENT,0,THIRD_PARTY,500.0,339.0,0,0.0
15,COMMERCIAL_VAN,DIESEL,PERSONAL,9383.86,57,6686,FAIR,0,COMPREHENSIVE,500.0,267.44,0,0.0
11,SEDAN,HYBRID,RIDESHARE,12866.67,42,8489,GOOD,0,THIRD_PARTY,500.0,250.0,0,0.0
5,SUV,PETROL,PERSONAL,20523.22,21,13274,GOOD,0,ZERO_DEP_PREMIUM,1000.0,897.89,0,0.0
11,SEDAN,DIESEL,RIDESHARE,8187.39,32,14672,GOOD,0,COMPREHENSIVE,500.0,350.01,0,0.0
4,SUV,CNG,PERSONAL,19320.14,33,17380,GOOD,1,COMPREHENSIVE,500.0,550.62,0,0.0
8,SEDAN,ELECTRIC,PERSONAL,13669.3,71,16013,FAIR,0,ZERO_DEP_PREMIUM,500.0,550.19,0,0.0
4,SUV,CNG,PERSONAL,18822.81,28,15960,POOR,0,COMPREHENSIVE,2000.0,536.45,0,0.0
12,COMMERCIAL_VAN,ELECTRIC,PERSONAL,15148.55,45,3852,GOOD,0,COMPREHENSIVE,2000.0,431.73,1,609.77
7,SUV,HYBRID,PERSONAL,24992.85,24,15888,FAIR,0,THIRD_PARTY,1000.0,390.51,1,2575.83
15,SEDAN,ELECTRIC,PERSONAL,8544.18,67,10172,GOOD,0,COMPREHENSIVE,500.0,250.0,1,774.95
11,SUV,ELECTRIC,PERSONAL,9893.79,55,6013,FAIR,1,THIRD_PARTY,1000.0,250.0,0,0.0
12,SEDAN,DIESEL,PERSONAL,9145.53,41,15010,GOOD,0,ZERO_DEP_PREMIUM,500.0,320.09,0,0.0
1,TRUCK,HYBRID,PERSONAL,30749.8,48,13305,GOOD,0,ZERO_DEP_PREMIUM,500.0,1076.24,1,2751.81
2,SUV,ELECTRIC,PERSONAL,32805.02,21,16481,FAIR,0,COMPREHENSIVE,250.0,1168.68,0,0.0
2,SEDAN,ELECTRIC,PERSONAL,27354.33,54,10095,GOOD,1,ZERO_DEP_PREMIUM,250.0,957.4,0,0.0
2,SEDAN,DIESEL,COMMERCIAL,23176.68,73,12474,EXCELLENT,0,COMPREHENSIVE,2000.0,1025.48,1,3446.62
5,HATCHBACK,PETROL,RIDESHARE,13084.08,52,4396,POOR,1,COMPREHENSIVE,1000.0,559.34,0,0.0
15,SEDAN,PETROL,PERSONAL,7968.35,23,21324,GOOD,0,COMPREHENSIVE,250.0,283.87,0,0.0
6,HATCHBACK,HYBRID,PERSONAL,8119.02,63,6477,GOOD,1,COMPREHENSIVE,1000.0,250.0,0,0.0
6,SEDAN,DIESEL,PERSONAL,16847.47,50,8853,GOOD,1,ZERO_DEP_PREMIUM,250.0,589.66,0,0.0
11,SEDAN,PETROL,RIDESHARE,6497.31,69,7861,FAIR,0,ZERO_DEP_PREMIUM,1000.0,392.28,0,0.0
6,SUV,PETROL,PERSONAL,19977.79,49,13429,EXCELLENT,1,COMPREHENSIVE,1000.0,569.37,0,0.0
11,TRUCK,ELECTRIC,PERSONAL,13511.78,63,8683,EXCELLENT,0,COMPREHENSIVE,250.0,385.09,0,0.0
2,TRUCK,ELECTRIC,PERSONAL,49407.08,55,17351,GOOD,0,THIRD_PARTY,500.0,617.59,0,0.0
15,SEDAN,ELECTRIC,PERSONAL,6215.68,52,13916,GOOD,0,COMPREHENSIVE,250.0,250.0,1,410.97
0,SEDAN,DIESEL,PERSONAL,30103.97,34,5794,GOOD,0,COMPREHENSIVE,250.0,857.96,1,2976.82
5,SEDAN,PETROL,COMMERCIAL,19670.78,71,16009,GOOD,0,THIRD_PARTY,250.0,381.74,0,0.0
2,SUV,PETROL,PERSONAL,37003.61,49,16603,EXCELLENT,0,COMPREHENSIVE,500.0,1054.6,0,0.0
15,SUV,PETROL,RIDESHARE,10629.55,31,9221,FAIR,1,COMPREHENSIVE,1000.0,454.41,0,0.0
12,TRUCK,ELECTRIC,PERSONAL,12804.3,36,7350,FAIR,0,COMPREHENSIVE,500.0,364.92,0,0.0
15,TRUCK,PETROL,RIDESHARE,12619.63,41,14294,EXCELLENT,0,COMPREHENSIVE,1000.0,539.49,0,0.0
14,SUV,DIESEL,COMMERCIAL,10423.99,56,15463,GOOD,0,ZERO_DEP_PREMIUM,250.0,492.53,0,0.0
2,SUV,DIESEL,PERSONAL,33334.16,28,7984,FAIR,0,COMPREHENSIVE,2000.0,950.02,0,0.0
14,TRUCK,DIESEL,COMMERCIAL,8231.59,24,16656,FAIR,0,COMPREHENSIVE,500.0,395.89,1,1004.71
2,HATCHBACK,HYBRID,PERSONAL,11669.99,62,9918,FAIR,0,COMPREHENSIVE,250.0,332.59,0,0.0
14,SEDAN,PETROL,PERSONAL,9383.44,77,17824,GOOD,0,COMPREHENSIVE,500.0,307.54,1,1164.2
8,SEDAN,ELECTRIC,PERSONAL,11041.24,41,5390,POOR,0,COMPREHENSIVE,500.0,314.68,0,0.0
11,SUV,PETROL,PERSONAL,12841.61,72,9200,FAIR,1,THIRD_PARTY,500.0,250.0,0,0.0
15,SEDAN,PETROL,PERSONAL,5248.36,70,11562,EXCELLENT,0,COMPREHENSIVE,1000.0,250.0,0,0.0
14,SEDAN,PETROL,PERSONAL,5533.79,75,8039,GOOD,0,COMPREHENSIVE,500.0,250.0,0,0.0
3,SEDAN,PETROL,COMMERCIAL,16576.89,41,12357,GOOD,1,ZERO_DEP_PREMIUM,500.0,783.26,1,2252.53
4,SUV,ELECTRIC,PERSONAL,26848.41,31,10939,EXCELLENT,3,COMPREHENSIVE,500.0,765.18,1,3626.81
2,SEDAN,DIESEL,PERSONAL,28922.49,41,11556,POOR,0,COMPREHENSIVE,500.0,824.29,0,0.0
9,SEDAN,PETROL,PERSONAL,10328.87,28,10682,FAIR,1,ZERO_DEP_PREMIUM,250.0,361.51,1,880.39
12,SEDAN,PETROL,PERSONAL,7767.15,25,6692,EXCELLENT,0,THIRD_PARTY,500.0,250.0,0,0.0
14,HATCHBACK,DIESEL,PERSONAL,4678.14,61,12396,POOR,0,ZERO_DEP_PREMIUM,250.0,250.0,0,0.0
11,TRUCK,ELECTRIC,PERSONAL,14808.24,32,11935,GOOD,1,COMPREHENSIVE,2000.0,422.03,0,0.0
0,SUV,PETROL,COMMERCIAL,48142.48,59,7959,GOOD,1,ZERO_DEP_PREMIUM,500.0,2274.73,0,0.0
14,SUV,DIESEL,PERSONAL,9272.17,71,18120,FAIR,0,THIRD_PARTY,250.0,250.0,0,0.0
11,COMMERCIAL_VAN,ELECTRIC,PERSONAL,14049.22,19,13917,GOOD,0,COMPREHENSIVE,500.0,500.5,0,0.0
3,SEDAN,DIESEL,COMMERCIAL,21030.42,41,15738,GOOD,0,THIRD_PARTY,2000.0,354.89,0,0.0
14,SEDAN,PETROL,PERSONAL,8661.14,62,8860,EXCELLENT,0,COMPREHENSIVE,500.0,250.0,0,0.0
0,SEDAN,DIESEL,PERSONAL,28463.09,27,3000,GOOD,0,THIRD_PARTY,500.0,355.79,0,0.0
10,SEDAN,DIESEL,PERSONAL,8782.35,49,20347,GOOD,0,ZERO_DEP_PREMIUM,500.0,307.38,0,0.0
10,SEDAN,ELECTRIC,COMMERCIAL,7966.12,34,13258,GOOD,1,COMPREHENSIVE,500.0,306.5,1,999.57
6,TRUCK,DIESEL,RIDESHARE,33892.4,74,14136,GOOD,0,COMPREHENSIVE,500.0,1666.24,0,0.0
6,SUV,CNG,COMMERCIAL,25780.92,74,13942,GOOD,0,COMPREHENSIVE,1000.0,1140.71,0,0.0
14,SUV,PETROL,PERSONAL,6884.0,71,14295,GOOD,1,COMPREHENSIVE,500.0,250.0,0,0.0
3,TRUCK,CNG,PERSONAL,42277.66,27,7713,GOOD,0,ZERO_DEP_PREMIUM,1000.0,1479.72,0,0.0
14,SEDAN,DIESEL,COMMERCIAL,7730.57,39,7870,GOOD,0,ZERO_DEP_PREMIUM,500.0,365.27,1,1155.5
4,SEDAN,DIESEL,PERSONAL,18956.78,23,7883,EXCELLENT,0,THIRD_PARTY,250.0,296.2,0,0.0
9,SUV,PETROL,PERSONAL,10915.71,44,14980,GOOD,0,COMPREHENSIVE,2000.0,311.1,0,0.0
6,SUV,PETROL,PERSONAL,25484.71,37,7040,EXCELLENT,0,COMPREHENSIVE,500.0,726.31,0,0.0
12,SEDAN,ELECTRIC,PERSONAL,7031.51,18,5620,EXCELLENT,0,COMPREHENSIVE,250.0,250.5,0,0.0
5,SUV,ELECTRIC,PERSONAL,27173.56,34,9608,EXCELLENT,2,COMPREHENSIVE,250.0,774.45,0,0.0
12,SUV,PETROL,RIDESHARE,8255.33,18,11274,EXCELLENT,0,ZERO_DEP_PREMIUM,500.0,541.76,0,0.0
3,SUV,DIESEL,PERSONAL,34112.74,54,12276,GOOD,1,THIRD_PARTY,1000.0,426.41,0,0.0
3,SUV,PETROL,PERSONAL,19427.51,78,10311,GOOD,1,COMPREHENSIVE,500.0,636.74,0,0.0
1,SEDAN,CNG,PERSONAL,20468.86,32,14679,EXCELLENT,0,COMPREHENSIVE,1000.0,583.36,0,0.0
9,SEDAN,HYBRID,COMMERCIAL,9877.76,72,17751,EXCELLENT,0,COMPREHENSIVE,500.0,437.05,0,0.0
1,SUV,PETROL,PERSONAL,26543.99,18,12721,EXCELLENT,0,COMPREHENSIVE,250.0,945.63,0,0.0
11,SEDAN,HYBRID,PERSONAL,9552.1,34,17728,GOOD,1,ZERO_DEP_PREMIUM,250.0,334.32,0,0.0
3,TRUCK,HYBRID,COMMERCIAL,29794.38,63,14974,FAIR,0,COMPREHENSIVE,1000.0,1146.34,0,0.0
4,SUV,PETROL,PERSONAL,34445.79,62,8202,EXCELLENT,0,ZERO_DEP_PREMIUM,2000.0,1205.6,0,0.0
3,SEDAN,ELECTRIC,PERSONAL,21669.26,77,8689,GOOD,0,COMPREHENSIVE,250.0,710.21,0,0.0
13,HATCHBACK,PETROL,PERSONAL,5148.5,60,8462,EXCELLENT,0,ZERO_DEP_PREMIUM,250.0,250.0,0,0.0
2,SUV,DIESEL,COMMERCIAL,25477.25,61,11640,EXCELLENT,1,COMPREHENSIVE,2000.0,980.24,0,0.0
10,SEDAN,PETROL,COMMERCIAL,9983.91,55,11245,GOOD,1,ZERO_DEP_PREMIUM,250.0,471.74,1,2933.13
1,HATCHBACK,PETROL,PERSONAL,11455.58,60,15176,GOOD,0,COMPREHENSIVE,500.0,326.48,0,0.0
3,TRUCK,PETROL,COMMERCIAL,40908.28,19,11794,EXCELLENT,0,COMPREHENSIVE,1000.0,1967.43,0,0.0
13,SUV,PETROL,COMMERCIAL,9843.93,35,13614,GOOD,0,COMPREHENSIVE,2000.0,378.75,1,523.69
15,SEDAN,ELECTRIC,PERSONAL,7748.5,29,7244,EXCELLENT,1,ZERO_DEP_PREMIUM,500.0,271.2,0,0.0
10,SUV,PETROL,PERSONAL,13460.85,46,13587,FAIR,0,THIRD_PARTY,500.0,250.0,0,0.0
4,HATCHBACK,PETROL,PERSONAL,15274.44,40,10347,GOOD,1,THIRD_PARTY,1000.0,250.0,0,0.0
15,SEDAN,HYBRID,RIDESHARE,5179.58,64,10019,EXCELLENT,0,COMPREHENSIVE,500.0,250.0,1,790.36
0,SEDAN,DIESEL,PERSONAL,18227.73,26,9590,FAIR,0,THIRD_PARTY,500.0,250.0,0,0.0
14,TRUCK,DIESEL,PERSONAL,13117.27,25,19300,EXCELLENT,0,COMPREHENSIVE,500.0,373.84,0,0.0
12,SEDAN,CNG,PERSONAL,11461.99,67,7191,GOOD,1,COMPREHENSIVE,1000.0,326.67,0,0.0
0,HATCHBACK,HYBRID,PERSONAL,18447.01,33,15545,EXCELLENT,1,THIRD_PARTY,500.0,250.0,0,0.0
5,SUV,PETROL,COMMERCIAL,17073.66,40,12290,EXCELLENT,2,ZERO_DEP_PREMIUM,500.0,806.73,0,0.0
4,SUV,DIESEL,PERSONAL,26620.87,70,6379,EXCELLENT,0,THIRD_PARTY,500.0,382.68,0,0.0
10,SEDAN,CNG,RIDESHARE,13533.25,46,11161,POOR,0,THIRD_PARTY,1000.0,253.75,0,0.0
3,HATCHBACK,PETROL,PERSONAL,8494.91,76,3000,FAIR,0,COMPREHENSIVE,1000.0,278.42,0,0.0
0,SEDAN,PETROL,PERSONAL,21237.8,27,20238,GOOD,0,THIRD_PARTY,1000.0,265.47,0,0.0
11,SUV,PETROL,RIDESHARE,16204.2,29,10843,GOOD,0,ZERO_DEP_PREMIUM,1000.0,850.72,0,0.0
13,SUV,PETROL,PERSONAL,14005.46,78,17519,GOOD,0,COMPREHENSIVE,1000.0,459.03,0,0.0
6,HATCHBACK,ELECTRIC,PERSONAL,10857.77,69,18555,GOOD,0,ZERO_DEP_PREMIUM,250.0,437.03,0,0.0
14,COMMERCIAL_VAN,ELECTRIC,RIDESHARE,14146.68,29,9943,FAIR,0,COMPREHENSIVE,1000.0,604.77,0,0.0
3,SUV,CNG,PERSONAL,20703.19,47,12631,GOOD,0,ZERO_DEP_PREMIUM,1000.0,724.61,0,0.0
2,SUV,ELECTRIC,PERSONAL,32255.36,27,13334,EXCELLENT,0,COMPREHENSIVE,1000.0,919.28,0,0.0
13,COMMERCIAL_VAN,PETROL,PERSONAL,13152.8,31,21051,EXCELLENT,1,THIRD_PARTY,1000.0,250.0,0,0.0
15,SUV,PETROL,PERSONAL,10426.67,21,11639,POOR,0,THIRD_PARTY,500.0,250.0,1,1755.21
6,SEDAN,CNG,COMMERCIAL,18536.06,64,12258,EXCELLENT,0,COMPREHENSIVE,500.0,713.17,1,3163.43
1,SEDAN,PETROL,RIDESHARE,31759.72,37,6204,FAIR,0,COMPREHENSIVE,500.0,1357.73,1,5601.27
9,HATCHBACK,PETROL,PERSONAL,6526.09,58,8476,GOOD,0,THIRD_PARTY,500.0,250.0,0,0.0
0,SEDAN,HYBRID,COMMERCIAL,18981.93,56,10251,GOOD,0,THIRD_PARTY,500.0,320.32,0,0.0
10,SUV,DIESEL,RIDESHARE,13370.03,24,18356,EXCELLENT,2,COMPREHENSIVE,1000.0,714.46,0,0.0
3,SUV,PETROL,PERSONAL,31743.95,47,21019,GOOD,2,COMPREHENSIVE,1000.0,904.7,0,0.0
12,SEDAN,HYBRID,PERSONAL,7121.84,69,14754,GOOD,3,ZERO_DEP_PREMIUM,1000.0,286.65,1,426.08
7,SUV,CNG,PERSONAL,23570.15,58,14079,GOOD,0,THIRD_PARTY,1000.0,294.63,0,0.0
12,SEDAN,PETROL,RIDESHARE,7158.86,41,15581,GOOD,0,COMPREHENSIVE,500.0,306.04,0,0.0
5,SUV,HYBRID,RIDESHARE,15883.86,27,9419,GOOD,1,COMPREHENSIVE,500.0,679.04,0,0.0
8,SUV,PETROL,PERSONAL,17871.31,69,18754,GOOD,1,THIRD_PARTY,500.0,256.9,0,0.0
0,SUV,DIESEL,COMMERCIAL,43506.83,62,6060,FAIR,0,COMPREHENSIVE,1000.0,1673.93,1,7303.39
0,HATCHBACK,HYBRID,PERSONAL,15116.14,55,10453,POOR,2,COMPREHENSIVE,500.0,430.81,0,0.0
10,HATCHBACK,CNG,PERSONAL,7627.74,53,15439,POOR,3,COMPREHENSIVE,1000.0,250.0,0,0.0
4,HATCHBACK,PETROL,RIDESHARE,11047.51,34,10334,GOOD,3,COMPREHENSIVE,500.0,472.28,0,0.0
5,SEDAN,PETROL,PERSONAL,13307.61,38,23608,EXCELLENT,0,COMPREHENSIVE,500.0,379.27,0,0.0
7,SEDAN,PETROL,PERSONAL,10256.76,75,15504,EXCELLENT,1,COMPREHENSIVE,1000.0,336.17,0,0.0
2,SUV,DIESEL,PERSONAL,35696.74,63,16925,GOOD,2,THIRD_PARTY,1000.0,446.21,0,0.0
5,TRUCK,PETROL,PERSONAL,26633.7,76,9084,FAIR,0,COMPREHENSIVE,500.0,872.92,0,0.0
2,HATCHBACK,PETROL,PERSONAL,17740.44,20,16842,GOOD,0,COMPREHENSIVE,1000.0,632.0,0,0.0
15,HATCHBACK,PETROL,PERSONAL,4500.0,18,16145,GOOD,0,COMPREHENSIVE,1000.0,250.0,0,0.0
7,SEDAN,PETROL,RIDESHARE,12682.08,35,19540,FAIR,0,THIRD_PARTY,1000.0,250.0,0,0.0
11,SUV,PETROL,RIDESHARE,12046.61,19,3000,EXCELLENT,0,THIRD_PARTY,500.0,282.34,0,0.0
10,SUV,ELECTRIC,PERSONAL,11103.12,57,8987,POOR,0,THIRD_PARTY,500.0,250.0,0,0.0
10,SEDAN,PETROL,PERSONAL,11295.78,65,14013,GOOD,0,THIRD_PARTY,1000.0,250.0,0,0.0
15,SEDAN,PETROL,PERSONAL,6997.53,21,14148,EXCELLENT,1,COMPREHENSIVE,1000.0,250.0,0,0.0
3,TRUCK,HYBRID,PERSONAL,41777.83,49,12297,FAIR,0,THIRD_PARTY,2000.0,522.22,0,0.0
1,SEDAN,ELECTRIC,PERSONAL,19894.22,36,5624,POOR,0,ZERO_DEP_PREMIUM,500.0,696.3,1,3213.53
11,SEDAN,PETROL,PERSONAL,8324.96,37,13384,FAIR,0,COMPREHENSIVE,2000.0,250.0,0,0.0
8,SEDAN,PETROL,PERSONAL,9390.82,59,13888,FAIR,0,COMPREHENSIVE,500.0,267.64,0,0.0
14,TRUCK,ELECTRIC,PERSONAL,10654.05,66,12486,FAIR,0,THIRD_PARTY,500.0,250.0,1,2345.09
9,SUV,PETROL,PERSONAL,15400.41,66,12334,GOOD,0,COMPREHENSIVE,500.0,438.91,0,0.0
14,SUV,ELECTRIC,PERSONAL,13216.85,70,16739,GOOD,0,COMPREHENSIVE,2000.0,433.18,0,0.0
15,TRUCK,PETROL,COMMERCIAL,12372.62,24,11806,GOOD,1,COMPREHENSIVE,250.0,595.05,0,0.0
12,SEDAN,PETROL,COMMERCIAL,10463.78,26,6874,EXCELLENT,2,COMPREHENSIVE,500.0,402.59,1,1397.02
7,SUV,DIESEL,PERSONAL,17261.29,24,18815,GOOD,0,ZERO_DEP_PREMIUM,500.0,755.18,0,0.0
14,SEDAN,ELECTRIC,COMMERCIAL,5562.52,44,18561,FAIR,0,ZERO_DEP_PREMIUM,500.0,262.83,1,571.88
5,SEDAN,HYBRID,PERSONAL,14273.05,38,12321,GOOD,1,COMPREHENSIVE,1000.0,406.78,0,0.0
2,HATCHBACK,PETROL,PERSONAL,11653.39,52,16437,GOOD,0,ZERO_DEP_PREMIUM,1000.0,407.87,1,3523.06
1,HATCHBACK,DIESEL,COMMERCIAL,16135.11,41,5641,POOR,0,COMPREHENSIVE,500.0,620.8,1,1031.76
12,SEDAN,PETROL,PERSONAL,7873.17,49,11849,GOOD,0,THIRD_PARTY,500.0,250.0,0,0.0
3,SEDAN,DIESEL,PERSONAL,25474.21,29,4786,POOR,0,COMPREHENSIVE,1000.0,726.01,0,0.0
3,SUV,HYBRID,PERSONAL,37762.44,40,17560,FAIR,1,COMPREHENSIVE,500.0,1076.23,0,0.0
0,SEDAN,PETROL,RIDESHARE,24448.03,53,5768,GOOD,0,COMPREHENSIVE,2000.0,1045.15,0,0.0
14,SEDAN,HYBRID,PERSONAL,8286.87,66,10648,EXCELLENT,0,ZERO_DEP_PREMIUM,500.0,290.04,0,0.0
8,SEDAN,DIESEL,COMMERCIAL,14185.76,46,13470,GOOD,0,COMPREHENSIVE,2000.0,545.8,0,0.0
15,SEDAN,HYBRID,RIDESHARE,5282.81,20,16207,GOOD,0,THIRD_PARTY,500.0,250.0,1,302.87
9,HATCHBACK,ELECTRIC,PERSONAL,9192.66,60,14872,GOOD,0,COMPREHENSIVE,250.0,261.99,1,578.62
7,SEDAN,PETROL,PERSONAL,11280.82,25,17643,GOOD,0,COMPREHENSIVE,1000.0,321.5,1,2156.24
6,SEDAN,PETROL,PERSONAL,17951.83,51,16117,FAIR,0,ZERO_DEP_PREMIUM,1000.0,628.31,0,0.0
5,SUV,PETROL,PERSONAL,21191.98,74,18388,GOOD,0,THIRD_PARTY,500.0,304.63,0,0.0
2,TRUCK,PETROL,PERSONAL,34868.07,31,4602,GOOD,0,COMPREHENSIVE,500.0,993.74,0,0.0
3,SEDAN,DIESEL,COMMERCIAL,19961.47,53,10319,FAIR,0,THIRD_PARTY,1000.0,336.85,0,0.0
15,SEDAN,DIESEL,PERSONAL,8246.25,65,14531,GOOD,1,ZERO_DEP_PREMIUM,500.0,288.62,0,0.0
1,SEDAN,CNG,RIDESHARE,18884.85,63,19581,EXCELLENT,0,COMPREHENSIVE,1000.0,807.33,1,1707.91
6,HATCHBACK,PETROL,PERSONAL,6707.21,49,10227,EXCELLENT,1,COMPREHENSIVE,500.0,250.0,0,0.0
1,SUV,ELECTRIC,COMMERCIAL,32151.6,24,21343,EXCELLENT,0,COMPREHENSIVE,1000.0,1546.29,1,4461.64
13,HATCHBACK,HYBRID,PERSONAL,4500.0,27,14088,FAIR,1,COMPREHENSIVE,1000.0,250.0,0,0.0
14,COMMERCIAL_VAN,HYBRID,PERSONAL,11987.56,29,9297,GOOD,1,THIRD_PARTY,500.0,250.0,0,0.0
9,HATCHBACK,PETROL,COMMERCIAL,8436.91,72,7304,GOOD,1,ZERO_DEP_PREMIUM,1000.0,458.44,0,0.0
0,SUV,DIESEL,PERSONAL,46738.75,77,15810,GOOD,2,THIRD_PARTY,500.0,671.87,0,0.0
5,SUV,PETROL,PERSONAL,27422.98,57,9619,GOOD,0,COMPREHENSIVE,1000.0,781.55,0,0.0
3,SEDAN,PETROL,PERSONAL,26282.74,40,11275,GOOD,0,COMPREHENSIVE,500.0,749.06,0,0.0
14,COMMERCIAL_VAN,PETROL,PERSONAL,12418.74,28,13229,FAIR,0,ZERO_DEP_PREMIUM,250.0,434.66,0,0.0
7,SUV,ELECTRIC,COMMERCIAL,25212.31,69,13397,GOOD,0,THIRD_PARTY,1000.0,489.28,0,0.0
0,SEDAN,DIESEL,RIDESHARE,21714.62,30,21106,FAIR,0,COMPREHENSIVE,1000.0,928.3,1,8590.99
8,SUV,DIESEL,PERSONAL,17773.92,29,14272,FAIR,2,COMPREHENSIVE,500.0,506.56,0,0.0
5,SEDAN,CNG,PERSONAL,22645.84,24,9778,EXCELLENT,1,COMPREHENSIVE,250.0,806.76,0,0.0
15,SUV,PETROL,PERSONAL,10297.66,70,9141,GOOD,0,COMPREHENSIVE,500.0,337.51,0,0.0
13,SUV,DIESEL,RIDESHARE,13892.57,61,20002,FAIR,0,COMPREHENSIVE,250.0,593.91,0,0.0
1,SUV,ELECTRIC,RIDESHARE,23628.99,27,10180,FAIR,1,THIRD_PARTY,500.0,443.04,0,0.0
7,HATCHBACK,PETROL,PERSONAL,10833.22,24,15131,EXCELLENT,0,ZERO_DEP_PREMIUM,1000.0,473.95,1,712.73
4,SEDAN,DIESEL,PERSONAL,21188.55,68,13364,EXCELLENT,0,COMPREHENSIVE,2000.0,603.87,0,0.0
4,SUV,PETROL,PERSONAL,20231.7,75,14392,GOOD,0,THIRD_PARTY,500.0,290.83,0,0.0
4,SUV,HYBRID,PERSONAL,17724.68,44,18792,EXCELLENT,0,COMPREHENSIVE,500.0,505.15,0,0.0
6,SUV,PETROL,PERSONAL,18029.93,24,13772,EXCELLENT,1,THIRD_PARTY,2000.0,281.72,0,0.0
6,HATCHBACK,PETROL,COMMERCIAL,12184.58,72,16178,EXCELLENT,0,COMPREHENSIVE,250.0,539.12,1,555.43
9,SUV,DIESEL,PERSONAL,17988.86,67,13875,EXCELLENT,1,COMPREHENSIVE,1000.0,512.68,0,0.0
10,SUV,PETROL,PERSONAL,18836.3,41,10458,GOOD,1,COMPREHENSIVE,500.0,536.83,1,5050.58
6,SEDAN,PETROL,PERSONAL,14946.29,40,14723,FAIR,1,COMPREHENSIVE,1000.0,425.97,0,0.0
11,TRUCK,PETROL,COMMERCIAL,21137.42,42,9571,EXCELLENT,1,ZERO_DEP_PREMIUM,500.0,998.74,0,0.0
9,SUV,PETROL,PERSONAL,15776.31,61,7263,GOOD,1,COMPREHENSIVE,500.0,449.62,1,1319.57
1,HATCHBACK,DIESEL,PERSONAL,12273.76,53,15116,GOOD,1,COMPREHENSIVE,1000.0,349.8,0,0.0
7,SEDAN,DIESEL,PERSONAL,10828.91,74,14588,FAIR,0,THIRD_PARTY,1000.0,250.0,0,0.0
0,SEDAN,DIESEL,COMMERCIAL,36287.37,50,14126,GOOD,1,COMPREHENSIVE,500.0,1396.16,1,2396.86
15,SUV,DIESEL,PERSONAL,8168.32,54,12396,EXCELLENT,0,COMPREHENSIVE,500.0,250.0,1,1136.33
12,TRUCK,PETROL,COMMERCIAL,11521.93,59,12174,FAIR,0,COMPREHENSIVE,250.0,443.31,0,0.0
13,SUV,PETROL,PERSONAL,7457.19,56,7624,FAIR,0,ZERO_DEP_PREMIUM,1000.0,261.0,1,978.51
1,TRUCK,ELECTRIC,PERSONAL,36031.94,69,4119,GOOD,0,THIRD_PARTY,2000.0,517.96,0,0.0
10,SUV,HYBRID,RIDESHARE,18538.44,78,16495,EXCELLENT,0,THIRD_PARTY,500.0,399.74,1,1514.73
6,SUV,PETROL,PERSONAL,21952.14,24,16434,EXCELLENT,0,COMPREHENSIVE,500.0,782.04,0,0.0
3,SEDAN,PETROL,PERSONAL,22388.83,47,11370,EXCELLENT,1,COMPREHENSIVE,500.0,638.08,0,0.0
10,HATCHBACK,DIESEL,PERSONAL,8384.43,77,19123,EXCELLENT,0,COMPREHENSIVE,500.0,274.8,0,0.0
9,SEDAN,DIESEL,RIDESHARE,11782.48,48,14749,EXCELLENT,1,COMPREHENSIVE,500.0,503.7,0,0.0
9,TRUCK,DIESEL,PERSONAL,24228.97,74,14020,EXCELLENT,0,ZERO_DEP_PREMIUM,500.0,975.22,0,0.0
8,TRUCK,PETROL,PERSONAL,19174.11,62,21578,GOOD,1,ZERO_DEP_PREMIUM,500.0,671.09,0,0.0
10,TRUCK,ELECTRIC,PERSONAL,23713.39,63,6852,FAIR,1,ZERO_DEP_PREMIUM,250.0,829.97,0,0.0
8,SUV,PETROL,PERSONAL,12784.34,54,12287,FAIR,1,COMPREHENSIVE,1000.0,364.35,0,0.0
13,SUV,DIESEL,PERSONAL,12755.13,38,8665,EXCELLENT,1,COMPREHENSIVE,1000.0,363.52,1,2835.56
2,HATCHBACK,ELECTRIC,PERSONAL,15401.29,51,10845,POOR,0,COMPREHENSIVE,1000.0,438.94,0,0.0
12,SEDAN,DIESEL,PERSONAL,6993.98,63,12197,FAIR,0,THIRD_PARTY,1000.0,250.0,0,0.0
13,SUV,PETROL,PERSONAL,10270.51,38,12299,EXCELLENT,0,ZERO_DEP_PREMIUM,2000.0,359.47,0,0.0
12,SEDAN,CNG,COMMERCIAL,7705.06,57,7669,EXCELLENT,0,COMPREHENSIVE,250.0,296.45,0,0.0
2,SUV,HYBRID,COMMERCIAL,22840.01,37,12806,EXCELLENT,2,ZERO_DEP_PREMIUM,500.0,1079.19,0,0.0
8,SEDAN,ELECTRIC,RIDESHARE,13563.56,51,8787,FAIR,2,ZERO_DEP_PREMIUM,500.0,712.09,0,0.0
12,SEDAN,PETROL,PERSONAL,11700.96,25,17884,EXCELLENT,2,COMPREHENSIVE,500.0,333.48,0,0.0
9,SEDAN,PETROL,PERSONAL,12146.58,49,15940,EXCELLENT,0,THIRD_PARTY,1000.0,250.0,0,0.0
14,SUV,HYBRID,COMMERCIAL,10398.76,69,14047,GOOD,0,ZERO_DEP_PREMIUM,500.0,565.04,0,0.0
11,SUV,DIESEL,PERSONAL,9290.1,47,10358,FAIR,0,COMPREHENSIVE,500.0,264.77,0,0.0
7,SEDAN,HYBRID,PERSONAL,10714.42,46,13196,GOOD,0,COMPREHENSIVE,1000.0,305.36,0,0.0
0,SUV,PETROL,COMMERCIAL,38133.12,22,15680,GOOD,1,ZERO_DEP_PREMIUM,1000.0,2252.24,1,3315.39
5,SEDAN,PETROL,PERSONAL,22546.44,47,10968,EXCELLENT,0,ZERO_DEP_PREMIUM,1000.0,789.13,0,0.0
6,SUV,CNG,PERSONAL,26854.83,29,5344,GOOD,1,COMPREHENSIVE,500.0,765.36,0,0.0
13,SUV,DIESEL,PERSONAL,9910.86,56,15736,GOOD,0,THIRD_PARTY,1000.0,250.0,0,0.0
10,SUV,PETROL,COMMERCIAL,15141.94,44,14883,GOOD,0,THIRD_PARTY,500.0,255.52,0,0.0
13,HATCHBACK,PETROL,PERSONAL,5103.22,70,13945,GOOD,0,COMPREHENSIVE,500.0,250.0,0,0.0
7,SEDAN,DIESEL,COMMERCIAL,15850.9,30,9085,EXCELLENT,0,COMPREHENSIVE,500.0,609.86,0,0.0
11,HATCHBACK,PETROL,PERSONAL,6698.69,64,16819,EXCELLENT,0,COMPREHENSIVE,250.0,250.0,0,0.0
11,SUV,DIESEL,PERSONAL,15983.01,27,17669,EXCELLENT,0,COMPREHENSIVE,500.0,455.52,0,0.0
1,SUV,PETROL,PERSONAL,23504.64,53,13767,EXCELLENT,1,COMPREHENSIVE,500.0,669.88,0,0.0
13,SUV,ELECTRIC,PERSONAL,14373.53,48,10716,EXCELLENT,0,COMPREHENSIVE,250.0,409.65,0,0.0
0,SEDAN,PETROL,PERSONAL,19475.13,33,10811,EXCELLENT,1,ZERO_DEP_PREMIUM,500.0,681.63,0,0.0
3,SUV,CNG,PERSONAL,28032.26,56,10720,GOOD,0,COMPREHENSIVE,2000.0,798.92,0,0.0
0,SUV,PETROL,RIDESHARE,48373.4,62,10515,EXCELLENT,0,ZERO_DEP_PREMIUM,500.0,2539.6,0,0.0
1,SEDAN,DIESEL,PERSONAL,24638.77,53,10907,FAIR,1,ZERO_DEP_PREMIUM,500.0,862.36,0,0.0
2,SEDAN,PETROL,PERSONAL,16030.52,43,13954,FAIR,0,COMPREHENSIVE,500.0,456.87,0,0.0
3,SEDAN,ELECTRIC,PERSONAL,16859.02,61,16534,GOOD,0,COMPREHENSIVE,1000.0,480.48,0,0.0
15,TRUCK,CNG,COMMERCIAL,11815.77,37,19030,GOOD,1,ZERO_DEP_PREMIUM,250.0,558.3,0,0.0
15,SUV,ELECTRIC,PERSONAL,6661.85,51,8390,POOR,1,ZERO_DEP_PREMIUM,1000.0,250.0,1,561.02
11,SEDAN,DIESEL,PERSONAL,9182.02,54,9126,GOOD,0,ZERO_DEP_PREMIUM,1000.0,321.37,0,0.0
11,SEDAN,DIESEL,COMMERCIAL,8572.0,25,16298,FAIR,0,COMPREHENSIVE,2000.0,329.81,0,0.0
5,SUV,ELECTRIC,PERSONAL,28545.25,21,8391,FAIR,0,COMPREHENSIVE,500.0,1016.92,1,1160.04
15,HATCHBACK,HYBRID,PERSONAL,4500.0,76,7286,POOR,0,ZERO_DEP_PREMIUM,1000.0,250.0,0,0.0
7,SEDAN,CNG,PERSONAL,15826.8,46,8257,GOOD,0,ZERO_DEP_PREMIUM,1000.0,553.94,0,0.0
8,SEDAN,PETROL,PERSONAL,12038.43,48,11707,EXCELLENT,0,COMPREHENSIVE,250.0,343.1,0,0.0
14,TRUCK,CNG,PERSONAL,13059.08,19,19860,EXCELLENT,0,COMPREHENSIVE,1000.0,465.23,0,0.0
3,SEDAN,PETROL,PERSONAL,16533.86,42,11924,GOOD,0,THIRD_PARTY,500.0,250.0,0,0.0
0,SEDAN,PETROL,COMMERCIAL,29296.61,55,13734,GOOD,0,COMPREHENSIVE,500.0,1127.19,0,0.0
13,COMMERCIAL_VAN,PETROL,PERSONAL,13066.81,20,7108,GOOD,0,COMPREHENSIVE,2000.0,465.51,0,0.0
4,SUV,PETROL,COMMERCIAL,18494.55,78,17334,EXCELLENT,0,COMPREHENSIVE,500.0,818.31,0,0.0
15,SEDAN,ELECTRIC,PERSONAL,8068.62,63,16421,FAIR,0,THIRD_PARTY,1000.0,250.0,1,217.05
4,SEDAN,HYBRID,PERSONAL,23229.65,59,10390,GOOD,1,THIRD_PARTY,500.0,290.37,0,0.0
8,SEDAN,ELECTRIC,PERSONAL,9102.53,60,9407,GOOD,0,ZERO_DEP_PREMIUM,250.0,318.59,0,0.0
5,SEDAN,DIESEL,PERSONAL,18208.02,22,16810,FAIR,0,THIRD_PARTY,2000.0,284.5,0,0.0
4,TRUCK,DIESEL,PERSONAL,33667.26,39,11483,GOOD,1,ZERO_DEP_PREMIUM,500.0,1178.35,1,5958.49
9,SUV,ELECTRIC,PERSONAL,10918.18,33,9512,EXCELLENT,1,THIRD_PARTY,500.0,250.0,0,0.0
9,HATCHBACK,PETROL,PERSONAL,6433.62,26,10850,FAIR,0,ZERO_DEP_PREMIUM,500.0,250.0,0,0.0
4,TRUCK,ELECTRIC,RIDESHARE,41585.85,70,13573,EXCELLENT,0,ZERO_DEP_PREMIUM,500.0,2510.75,0,0.0
7,SUV,DIESEL,PERSONAL,20255.67,65,15793,FAIR,0,ZERO_DEP_PREMIUM,250.0,708.95,1,1205.31
10,SEDAN,DIESEL,COMMERCIAL,13701.39,26,13954,FAIR,0,ZERO_DEP_PREMIUM,1000.0,647.39,0,0.0
0,SUV,DIESEL,RIDESHARE,42226.24,66,13721,GOOD,1,COMPREHENSIVE,500.0,1805.17,0,0.0
4,TRUCK,HYBRID,RIDESHARE,21720.73,29,11417,GOOD,0,ZERO_DEP_PREMIUM,500.0,1140.34,1,2927.8
0,HATCHBACK,PETROL,COMMERCIAL,12070.39,64,13155,GOOD,0,COMPREHENSIVE,1000.0,464.41,0,0.0
14,SEDAN,PETROL,PERSONAL,8370.07,59,10738,FAIR,0,ZERO_DEP_PREMIUM,500.0,292.95,1,4839.55
6,SUV,ELECTRIC,RIDESHARE,22246.34,21,11285,EXCELLENT,1,COMPREHENSIVE,1000.0,1188.79,1,4621.78
13,SUV,DIESEL,COMMERCIAL,8335.3,66,18897,GOOD,1,THIRD_PARTY,1000.0,250.0,0,0.0
14,TRUCK,HYBRID,COMMERCIAL,13275.49,35,12689,EXCELLENT,0,ZERO_DEP_PREMIUM,2000.0,627.27,0,0.0
6,SEDAN,PETROL,PERSONAL,18709.72,35,10845,POOR,0,ZERO_DEP_PREMIUM,250.0,654.84,0,0.0
12,SUV,PETROL,RIDESHARE,14245.41,59,9466,POOR,0,THIRD_PARTY,500.0,267.1,0,0.0
9,TRUCK,HYBRID,COMMERCIAL,16424.72,60,3000,FAIR,0,ZERO_DEP_PREMIUM,500.0,776.07,0,0.0
7,SUV,DIESEL,COMMERCIAL,16384.69,70,21889,GOOD,0,THIRD_PARTY,500.0,317.97,0,0.0
13,SUV,DIESEL,PERSONAL,14552.18,50,22380,EXCELLENT,1,THIRD_PARTY,2000.0,250.0,0,0.0
6,SEDAN,PETROL,PERSONAL,19506.74,59,15324,GOOD,0,ZERO_DEP_PREMIUM,250.0,682.74,0,0.0
10,SEDAN,PETROL,RIDESHARE,9343.55,20,7841,FAIR,0,COMPREHENSIVE,500.0,499.3,0,0.0
8,SEDAN,DIESEL,PERSONAL,15611.35,76,24805,GOOD,0,THIRD_PARTY,500.0,250.0,0,0.0
7,TRUCK,PETROL,PERSONAL,18490.51,55,6182,GOOD,0,ZERO_DEP_PREMIUM,1000.0,647.17,0,0.0
15,SEDAN,HYBRID,COMMERCIAL,5293.33,34,14269,FAIR,0,COMPREHENSIVE,1000.0,250.0,0,0.0
7,SUV,ELECTRIC,PERSONAL,15381.98,29,4791,GOOD,0,COMPREHENSIVE,1000.0,438.39,0,0.0
2,SUV,PETROL,PERSONAL,22698.69,28,3000,FAIR,0,COMPREHENSIVE,500.0,646.91,0,0.0
14,SEDAN,DIESEL,PERSONAL,9014.04,34,13544,GOOD,0,COMPREHENSIVE,1000.0,256.9,0,0.0
9,SUV,DIESEL,PERSONAL,17025.59,52,14115,EXCELLENT,0,ZERO_DEP_PREMIUM,500.0,595.9,1,2604.69
14,HATCHBACK,PETROL,PERSONAL,4500.0,58,13035,FAIR,0,COMPREHENSIVE,1000.0,250.0,1,908.41
15,TRUCK,PETROL,PERSONAL,13836.54,67,19219,FAIR,0,COMPREHENSIVE,250.0,394.34,0,0.0
3,SUV,PETROL,PERSONAL,34232.24,77,12283,GOOD,0,THIRD_PARTY,500.0,492.09,0,0.0
3,SUV,DIESEL,PERSONAL,20907.06,23,16155,GOOD,0,COMPREHENSIVE,500.0,744.81,0,0.0
0,SEDAN,DIESEL,RIDESHARE,29923.34,52,8977,FAIR,0,COMPREHENSIVE,1000.0,1279.22,0,0.0
5,TRUCK,DIESEL,PERSONAL,33093.97,23,18327,FAIR,0,COMPREHENSIVE,500.0,1178.97,0,0.0
1,SEDAN,ELECTRIC,PERSONAL,28417.53,49,18711,POOR,0,COMPREHENSIVE,250.0,809.9,0,0.0
14,HATCHBACK,ELECTRIC,PERSONAL,5153.7,28,11354,GOOD,0,ZERO_DEP_PREMIUM,2000.0,250.0,0,0.0
8,SEDAN,DIESEL,COMMERCIAL,10008.92,60,14188,GOOD,0,THIRD_PARTY,500.0,250.0,0,0.0
13,TRUCK,ELECTRIC,RIDESHARE,11886.2,56,9355,FAIR,2,THIRD_PARTY,2000.0,250.0,0,0.0
0,HATCHBACK,PETROL,PERSONAL,20654.8,30,11507,GOOD,0,THIRD_PARTY,500.0,258.18,0,0.0
0,HATCHBACK,HYBRID,PERSONAL,21261.99,30,15817,GOOD,0,ZERO_DEP_PREMIUM,1000.0,744.17,0,0.0
10,SEDAN,DIESEL,PERSONAL,9066.09,56,14681,GOOD,0,THIRD_PARTY,1000.0,250.0,0,0.0
12,SUV,ELECTRIC,COMMERCIAL,8313.45,63,4718,GOOD,0,ZERO_DEP_PREMIUM,500.0,392.81,0,0.0
9,SUV,DIESEL,PERSONAL,20055.41,51,7382,EXCELLENT,1,ZERO_DEP_PREMIUM,250.0,701.94,0,0.0
10,HATCHBACK,PETROL,PERSONAL,6006.13,20,9854,EXCELLENT,0,THIRD_PARTY,1000.0,250.0,0,0.0
5,SEDAN,DIESEL,PERSONAL,15099.23,49,13489,GOOD,0,COMPREHENSIVE,500.0,430.33,0,0.0
12,COMMERCIAL_VAN,PETROL,RIDESHARE,11554.36,21,8371,GOOD,0,THIRD_PARTY,1000.0,270.81,0,0.0
0,TRUCK,DIESEL,PERSONAL,43603.45,57,6137,FAIR,1,COMPREHENSIVE,250.0,1242.7,0,0.0
11,SEDAN,DIESEL,RIDESHARE,8889.14,70,3000,EXCELLENT,0,COMPREHENSIVE,500.0,437.01,0,0.0
14,HATCHBACK,ELECTRIC,PERSONAL,4684.99,18,21887,GOOD,0,ZERO_DEP_PREMIUM,500.0,250.0,0,0.0
2,SUV,DIESEL,COMMERCIAL,22515.46,26,13408,POOR,1,THIRD_PARTY,1000.0,379.95,0,0.0
15,SUV,DIESEL,PERSONAL,12073.33,66,6008,GOOD,0,ZERO_DEP_PREMIUM,1000.0,422.57,0,0.0
9,SEDAN,PETROL,PERSONAL,15081.7,67,17148,GOOD,0,ZERO_DEP_PREMIUM,500.0,527.86,0,0.0
1,SUV,CNG,PERSONAL,44359.81,24,19221,FAIR,0,COMPREHENSIVE,500.0,1580.32,1,30128.08
12,HATCHBACK,ELECTRIC,PERSONAL,6787.43,44,13460,FAIR,0,COMPREHENSIVE,500.0,250.0,0,0.0
10,SUV,ELECTRIC,PERSONAL,16293.26,20,15303,GOOD,0,COMPREHENSIVE,1000.0,580.45,1,652.64
8,SUV,PETROL,PERSONAL,14470.58,39,18389,FAIR,0,THIRD_PARTY,1000.0,250.0,0,0.0
15,SUV,DIESEL,PERSONAL,6426.83,33,15225,EXCELLENT,1,COMPREHENSIVE,250.0,250.0,0,0.0
4,HATCHBACK,PETROL,PERSONAL,8443.22,25,15346,GOOD,1,COMPREHENSIVE,2000.0,250.0,0,0.0
5,SEDAN,DIESEL,RIDESHARE,15037.09,22,5595,FAIR,0,COMPREHENSIVE,2000.0,803.54,0,0.0
1,TRUCK,PETROL,PERSONAL,42150.83,66,3000,GOOD,0,COMPREHENSIVE,1000.0,1201.3,0,0.0
7,SUV,DIESEL,PERSONAL,25956.89,75,16376,POOR,0,COMPREHENSIVE,1000.0,850.74,0,0.0
5,SEDAN,DIESEL,PERSONAL,16302.88,47,11490,EXCELLENT,0,COMPREHENSIVE,250.0,464.63,0,0.0
15,SEDAN,PETROL,PERSONAL,6743.13,45,10453,GOOD,0,COMPREHENSIVE,500.0,250.0,0,0.0
10,SUV,DIESEL,PERSONAL,16635.06,68,16879,GOOD,0,COMPREHENSIVE,1000.0,474.1,0,0.0
11,TRUCK,HYBRID,PERSONAL,12887.19,44,8203,GOOD,2,COMPREHENSIVE,250.0,367.28,0,0.0
7,SEDAN,PETROL,PERSONAL,18178.34,67,12335,EXCELLENT,1,ZERO_DEP_PREMIUM,250.0,636.24,0,0.0
7,HATCHBACK,ELECTRIC,PERSONAL,8849.63,39,12756,EXCELLENT,0,COMPREHENSIVE,1000.0,252.21,0,0.0
13,SEDAN,PETROL,COMMERCIAL,6816.28,47,15604,POOR,0,COMPREHENSIVE,250.0,262.26,0,0.0
14,SUV,PETROL,PERSONAL,13022.23,54,14035,FAIR,0,COMPREHENSIVE,500.0,371.13,0,0.0
0,COMMERCIAL_VAN,PETROL,PERSONAL,43236.99,24,14037,GOOD,0,THIRD_PARTY,250.0,675.58,0,0.0
6,HATCHBACK,ELECTRIC,PERSONAL,9436.47,67,10679,GOOD,0,THIRD_PARTY,500.0,250.0,0,0.0
1,SEDAN,PETROL,COMMERCIAL,26170.54,47,10796,GOOD,0,COMPREHENSIVE,1000.0,1006.91,0,0.0
14,SUV,HYBRID,PERSONAL,11765.12,30,14031,FAIR,0,ZERO_DEP_PREMIUM,500.0,411.78,0,0.0
10,SEDAN,DIESEL,RIDESHARE,8182.64,39,10247,GOOD,0,COMPREHENSIVE,500.0,349.81,0,0.0
7,SUV,PETROL,PERSONAL,24284.53,28,8771,FAIR,1,ZERO_DEP_PREMIUM,250.0,849.96,1,3312.03
11,HATCHBACK,ELECTRIC,PERSONAL,7777.14,22,18288,POOR,1,THIRD_PARTY,500.0,250.0,1,3274.85
1,HATCHBACK,PETROL,COMMERCIAL,15970.86,39,9464,GOOD,0,COMPREHENSIVE,500.0,614.48,0,0.0
3,SEDAN,ELECTRIC,COMMERCIAL,23072.33,32,10436,GOOD,0,THIRD_PARTY,500.0,389.35,0,0.0
1,TRUCK,PETROL,PERSONAL,52127.41,70,18019,GOOD,0,COMPREHENSIVE,500.0,1708.48,0,0.0
12,SUV,PETROL,PERSONAL,11172.24,56,9395,FAIR,0,COMPREHENSIVE,1000.0,318.41,0,0.0
6,SEDAN,ELECTRIC,PERSONAL,20596.36,54,13945,GOOD,0,COMPREHENSIVE,2000.0,587.0,0,0.0
4,SUV,CNG,RIDESHARE,29040.56,48,14341,FAIR,0,COMPREHENSIVE,1000.0,1241.48,0,0.0
12,SUV,PETROL,PERSONAL,11571.96,46,12094,FAIR,0,COMPREHENSIVE,250.0,329.8,0,0.0
10,SUV,ELECTRIC,PERSONAL,16460.2,56,10752,GOOD,0,THIRD_PARTY,1000.0,250.0,0,0.0
15,SUV,PETROL,PERSONAL,9318.47,34,7431,GOOD,1,COMPREHENSIVE,1000.0,265.58,0,0.0
12,SUV,ELECTRIC,PERSONAL,9033.62,58,15325,GOOD,0,THIRD_PARTY,250.0,250.0,0,0.0
10,SEDAN,DIESEL,PERSONAL,12727.97,23,17461,EXCELLENT,1,COMPREHENSIVE,500.0,453.43,0,0.0
8,HATCHBACK,PETROL,PERSONAL,8239.3,58,16983,GOOD,1,THIRD_PARTY,500.0,250.0,0,0.0
4,SUV,PETROL,PERSONAL,31033.81,34,14169,EXCELLENT,0,COMPREHENSIVE,500.0,884.46,0,0.0
10,SEDAN,PETROL,PERSONAL,8185.29,51,3608,FAIR,1,COMPREHENSIVE,500.0,250.0,0,0.0
7,HATCHBACK,PETROL,PERSONAL,8903.59,40,15962,POOR,1,COMPREHENSIVE,250.0,253.75,1,1656.95
1,TRUCK,PETROL,PERSONAL,49514.95,69,12012,EXCELLENT,0,COMPREHENSIVE,500.0,1622.85,0,0.0
2,TRUCK,DIESEL,PERSONAL,50712.66,47,9835,GOOD,0,THIRD_PARTY,1000.0,633.91,0,0.0
5,SEDAN,CNG,PERSONAL,21401.83,30,15458,GOOD,1,ZERO_DEP_PREMIUM,500.0,749.06,0,0.0
10,SEDAN,PETROL,PERSONAL,13213.34,75,13517,FAIR,1,COMPREHENSIVE,500.0,433.07,0,0.0
6,SUV,DIESEL,PERSONAL,17851.54,47,17040,GOOD,0,COMPREHENSIVE,1000.0,508.77,0,0.0
13,SEDAN,DIESEL,COMMERCIAL,9816.38,66,14033,EXCELLENT,0,ZERO_DEP_PREMIUM,500.0,463.82,0,0.0
9,TRUCK,HYBRID,PERSONAL,15411.41,70,11298,GOOD,2,ZERO_DEP_PREMIUM,500.0,620.31,0,0.0
7,SEDAN,DIESEL,PERSONAL,11268.26,37,10929,EXCELLENT,2,COMPREHENSIVE,500.0,321.15,0,0.0
14,SEDAN,DIESEL,PERSONAL,5395.35,23,15250,POOR,0,THIRD_PARTY,500.0,250.0,0,0.0
2,SUV,DIESEL,PERSONAL,38764.55,78,6479,GOOD,0,COMPREHENSIVE,1000.0,1270.51,0,0.0
6,SUV,PETROL,PERSONAL,15859.46,72,10242,POOR,0,THIRD_PARTY,500.0,250.0,0,0.0
7,HATCHBACK,PETROL,PERSONAL,6587.07,48,3000,GOOD,0,ZERO_DEP_PREMIUM,1000.0,250.0,0,0.0
9,SUV,PETROL,PERSONAL,13435.44,76,14396,GOOD,1,COMPREHENSIVE,500.0,440.35,0,0.0
14,SEDAN,PETROL,PERSONAL,7643.4,36,15402,FAIR,2,ZERO_DEP_PREMIUM,1000.0,267.52,1,2664.25
5,SEDAN,DIESEL,PERSONAL,21353.93,23,9038,FAIR,0,COMPREHENSIVE,2000.0,760.73,0,0.0
3,SUV,PETROL,COMMERCIAL,26932.14,51,7579,EXCELLENT,0,ZERO_DEP_PREMIUM,500.0,1272.54,0,0.0
12,SEDAN,DIESEL,COMMERCIAL,9075.24,45,16789,GOOD,1,COMPREHENSIVE,500.0,349.17,0,0.0
5,SUV,PETROL,RIDESHARE,18343.76,75,9286,EXCELLENT,1,COMPREHENSIVE,500.0,901.83,0,0.0
15,SUV,HYBRID,PERSONAL,7752.41,30,15394,FAIR,0,COMPREHENSIVE,500.0,250.0,0,0.0
8,HATCHBACK,HYBRID,COMMERCIAL,5972.19,69,12436,FAIR,1,ZERO_DEP_PREMIUM,500.0,324.51,0,0.0
2,TRUCK,PETROL,COMMERCIAL,35960.66,27,10119,EXCELLENT,1,ZERO_DEP_PREMIUM,500.0,1699.14,0,0.0
14,TRUCK,PETROL,RIDESHARE,13080.34,78,15110,EXCELLENT,0,COMPREHENSIVE,500.0,643.06,0,0.0
1,TRUCK,DIESEL,PERSONAL,35988.5,58,12642,GOOD,0,COMPREHENSIVE,500.0,1025.67,1,3483.88
4,SEDAN,PETROL,COMMERCIAL,23039.22,62,19224,GOOD,0,THIRD_PARTY,1000.0,388.79,1,1440.13
15,SEDAN,PETROL,PERSONAL,8762.52,24,9191,GOOD,0,COMPREHENSIVE,250.0,312.16,0,0.0
6,SEDAN,PETROL,PERSONAL,11577.05,35,6538,POOR,1,COMPREHENSIVE,500.0,329.95,0,0.0
2,TRUCK,HYBRID,PERSONAL,25961.01,39,12427,FAIR,0,COMPREHENSIVE,500.0,739.89,0,0.0
4,COMMERCIAL_VAN,HYBRID,COMMERCIAL,32647.21,31,14643,EXCELLENT,1,ZERO_DEP_PREMIUM,1000.0,1542.58,0,0.0
3,TRUCK,DIESEL,COMMERCIAL,27634.8,53,11655,GOOD,0,COMPREHENSIVE,1000.0,1063.25,0,0.0
10,SEDAN,DIESEL,PERSONAL,9590.26,25,20592,GOOD,0,COMPREHENSIVE,1000.0,273.32,0,0.0
6,TRUCK,HYBRID,PERSONAL,24385.62,29,17957,GOOD,0,COMPREHENSIVE,2000.0,694.99,0,0.0
1,SUV,HYBRID,PERSONAL,43951.46,57,10135,FAIR,1,ZERO_DEP_PREMIUM,250.0,1538.3,0,0.0
11,SEDAN,CNG,PERSONAL,10698.69,65,12789,GOOD,0,THIRD_PARTY,500.0,250.0,0,0.0
10,SUV,PETROL,PERSONAL,10211.8,50,4376,GOOD,0,ZERO_DEP_PREMIUM,1000.0,357.41,0,0.0
12,SEDAN,PETROL,PERSONAL,5955.98,41,17232,GOOD,0,THIRD_PARTY,500.0,250.0,0,0.0
6,SUV,DIESEL,COMMERCIAL,17166.19,59,9437,EXCELLENT,0,COMPREHENSIVE,1000.0,660.47,0,0.0
11,SEDAN,DIESEL,PERSONAL,8501.56,56,13395,GOOD,0,COMPREHENSIVE,1000.0,250.0,0,0.0
1,SUV,PETROL,PERSONAL,34043.1,31,11341,FAIR,0,COMPREHENSIVE,2000.0,970.23,0,0.0
2,SUV,PETROL,COMMERCIAL,38352.25,66,5797,FAIR,0,ZERO_DEP_PREMIUM,500.0,1812.14,0,0.0
4,TRUCK,HYBRID,RIDESHARE,27770.38,68,16251,EXCELLENT,0,THIRD_PARTY,500.0,520.69,1,15875.07
6,SUV,HYBRID,COMMERCIAL,19698.67,22,7736,GOOD,0,COMPREHENSIVE,500.0,947.38,0,0.0
12,SUV,PETROL,PERSONAL,10802.71,36,10163,GOOD,0,COMPREHENSIVE,500.0,307.88,0,0.0
15,HATCHBACK,HYBRID,COMMERCIAL,4500.0,20,16338,FAIR,1,ZERO_DEP_PREMIUM,1000.0,265.78,0,0.0
5,TRUCK,DIESEL,PERSONAL,37579.35,18,8129,GOOD,1,COMPREHENSIVE,500.0,1338.76,0,0.0
11,SEDAN,ELECTRIC,RIDESHARE,7345.97,57,19208,FAIR,1,COMPREHENSIVE,1000.0,314.04,1,1161.41
6,SUV,PETROL,PERSONAL,18426.91,58,8058,EXCELLENT,1,THIRD_PARTY,1000.0,250.0,0,0.0
10,SEDAN,PETROL,COMMERCIAL,8003.79,54,7236,GOOD,1,ZERO_DEP_PREMIUM,500.0,378.18,0,0.0
5,SEDAN,PETROL,PERSONAL,16928.67,50,12709,FAIR,0,THIRD_PARTY,2000.0,250.0,0,0.0
12,SUV,DIESEL,PERSONAL,15701.52,66,19853,FAIR,1,THIRD_PARTY,2000.0,250.0,0,0.0
11,TRUCK,DIESEL,COMMERCIAL,12013.66,74,12473,EXCELLENT,2,COMPREHENSIVE,1000.0,531.56,1,3212.73
0,SEDAN,PETROL,COMMERCIAL,26224.32,63,16916,GOOD,1,ZERO_DEP_PREMIUM,2000.0,1239.1,0,0.0
14,HATCHBACK,CNG,PERSONAL,4500.0,34,6466,EXCELLENT,1,ZERO_DEP_PREMIUM,250.0,250.0,0,0.0
4,TRUCK,PETROL,RIDESHARE,37403.3,26,10851,FAIR,0,THIRD_PARTY,250.0,701.31,0,0.0
11,TRUCK,PETROL,PERSONAL,17913.25,48,11137,FAIR,1,COMPREHENSIVE,250.0,510.53,0,0.0
0,SEDAN,DIESEL,PERSONAL,30934.52,52,6823,EXCELLENT,0,ZERO_DEP_PREMIUM,2000.0,1082.71,0,0.0
6,TRUCK,DIESEL,PERSONAL,25751.71,20,5339,GOOD,0,THIRD_PARTY,1000.0,402.37,0,0.0
3,SEDAN,PETROL,PERSONAL,26163.17,30,11412,GOOD,0,COMPREHENSIVE,2000.0,745.65,0,0.0
4,SUV,ELECTRIC,PERSONAL,24358.41,69,19608,EXCELLENT,1,COMPREHENSIVE,250.0,798.35,0,0.0
0,SEDAN,DIESEL,COMMERCIAL,27556.35,54,13483,FAIR,1,COMPREHENSIVE,250.0,1060.23,0,0.0
7,SEDAN,DIESEL,PERSONAL,15944.28,55,9426,EXCELLENT,2,COMPREHENSIVE,500.0,454.41,0,0.0
14,HATCHBACK,ELECTRIC,PERSONAL,4547.8,31,3332,GOOD,0,COMPREHENSIVE,500.0,250.0,0,0.0
3,SUV,PETROL,COMMERCIAL,22585.47,23,10825,GOOD,0,COMPREHENSIVE,1000.0,1086.22,0,0.0
2,SEDAN,DIESEL,COMMERCIAL,19850.12,75,10521,FAIR,2,COMPREHENSIVE,500.0,878.29,1,5545.52
0,SEDAN,HYBRID,PERSONAL,19879.76,46,14230,EXCELLENT,0,COMPREHENSIVE,1000.0,566.57,0,0.0
3,SUV,PETROL,PERSONAL,27205.31,78,11358,GOOD,1,COMPREHENSIVE,500.0,891.65,1,9993.71
2,SEDAN,PETROL,PERSONAL,24255.82,74,15343,EXCELLENT,0,COMPREHENSIVE,500.0,794.98,0,0.0
7,HATCHBACK,HYBRID,PERSONAL,6473.74,66,15953,FAIR,2,ZERO_DEP_PREMIUM,1000.0,250.0,0,0.0
8,SEDAN,PETROL,PERSONAL,13955.54,26,12185,EXCELLENT,0,ZERO_DEP_PREMIUM,500.0,488.44,1,2572.47
11,SEDAN,DIESEL,PERSONAL,12208.1,53,12248,FAIR,1,ZERO_DEP_PREMIUM,2000.0,427.28,1,2319.91
4,SUV,CNG,COMMERCIAL,23117.06,40,12654,GOOD,2,COMPREHENSIVE,500.0,889.43,1,4911.79
8,SUV,PETROL,PERSONAL,14481.54,32,4648,EXCELLENT,0,COMPREHENSIVE,500.0,412.72,0,0.0
0,SEDAN,PETROL,PERSONAL,34452.71,71,15741,EXCELLENT,0,ZERO_DEP_PREMIUM,1000.0,1386.72,0,0.0
6,SEDAN,HYBRID,RIDESHARE,17486.63,74,20137,EXCELLENT,0,COMPREHENSIVE,1000.0,859.69,1,1673.98
10,COMMERCIAL_VAN,HYBRID,PERSONAL,11450.2,67,12766,FAIR,0,ZERO_DEP_PREMIUM,2000.0,400.76,0,0.0
13,SUV,DIESEL,PERSONAL,10413.0,64,8977,GOOD,0,COMPREHENSIVE,1000.0,296.77,0,0.0
6,SEDAN,DIESEL,RIDESHARE,17302.08,76,12468,POOR,0,THIRD_PARTY,500.0,373.08,1,5414.13
5,SUV,ELECTRIC,RIDESHARE,24758.15,67,10542,EXCELLENT,0,COMPREHENSIVE,250.0,1058.41,1,2489.31
3,TRUCK,ELECTRIC,PERSONAL,37566.46,24,12623,EXCELLENT,0,ZERO_DEP_PREMIUM,250.0,1643.53,0,0.0
12,SEDAN,PETROL,PERSONAL,9197.6,64,11095,POOR,0,COMPREHENSIVE,500.0,262.13,0,0.0
10,SEDAN,PETROL,RIDESHARE,12743.53,77,3000,FAIR,0,COMPREHENSIVE,500.0,626.5,0,0.0
8,HATCHBACK,DIESEL,PERSONAL,6954.46,42,12929,FAIR,1,COMPREHENSIVE,1000.0,250.0,0,0.0
13,SUV,HYBRID,PERSONAL,12634.09,54,22509,POOR,1,THIRD_PARTY,1000.0,250.0,1,4111.45
2,SUV,HYBRID,PERSONAL,41550.08,40,6487,POOR,0,COMPREHENSIVE,2000.0,1184.18,0,0.0
10,SEDAN,CNG,PERSONAL,9851.16,28,17437,EXCELLENT,0,THIRD_PARTY,500.0,250.0,0,0.0
14,SEDAN,HYBRID,COMMERCIAL,8704.79,73,14302,EXCELLENT,1,ZERO_DEP_PREMIUM,500.0,473.0,1,2277.86
10,SUV,DIESEL,PERSONAL,12228.43,63,8364,EXCELLENT,1,COMPREHENSIVE,1000.0,348.51,0,0.0
0,SEDAN,PETROL,COMMERCIAL,23330.52,25,6455,FAIR,0,COMPREHENSIVE,1000.0,897.64,0,0.0
14,SUV,ELECTRIC,COMMERCIAL,13020.58,53,13682,GOOD,0,COMPREHENSIVE,250.0,500.97,1,416.81
1,SUV,ELECTRIC,COMMERCIAL,23526.82,59,14124,GOOD,1,ZERO_DEP_PREMIUM,250.0,1111.64,0,0.0
2,SEDAN,DIESEL,COMMERCIAL,18348.36,56,5712,FAIR,1,COMPREHENSIVE,1000.0,705.95,0,0.0
1,TRUCK,PETROL,COMMERCIAL,41563.3,18,16668,GOOD,1,COMPREHENSIVE,1000.0,1998.93,0,0.0
5,HATCHBACK,HYBRID,PERSONAL,9797.74,69,10275,EXCELLENT,1,ZERO_DEP_PREMIUM,1000.0,394.36,0,0.0
12,HATCHBACK,DIESEL,PERSONAL,5884.11,61,14717,GOOD,0,THIRD_PARTY,1000.0,250.0,1,1552.43
14,SEDAN,PETROL,COMMERCIAL,5796.82,30,15664,EXCELLENT,0,THIRD_PARTY,250.0,250.0,0,0.0
13,SEDAN,DIESEL,PERSONAL,5717.62,33,16531,GOOD,1,COMPREHENSIVE,500.0,250.0,1,1010.02
6,SUV,DIESEL,PERSONAL,19595.58,63,8047,EXCELLENT,1,COMPREHENSIVE,500.0,558.47,0,0.0
4,SEDAN,PETROL,PERSONAL,19024.93,30,21551,EXCELLENT,0,COMPREHENSIVE,1000.0,542.21,0,0.0
4,COMMERCIAL_VAN,ELECTRIC,PERSONAL,28492.38,54,8356,FAIR,0,COMPREHENSIVE,500.0,812.03,0,0.0
6,SEDAN,PETROL,COMMERCIAL,16551.79,31,16525,POOR,1,COMPREHENSIVE,1000.0,636.83,0,0.0
5,SUV,PETROL,PERSONAL,24353.65,75,10253,POOR,0,ZERO_DEP_PREMIUM,500.0,980.23,0,0.0
11,SEDAN,PETROL,PERSONAL,8034.49,30,12733,GOOD,0,COMPREHENSIVE,500.0,250.0,0,0.0
7,SUV,ELECTRIC,COMMERCIAL,22978.63,63,11938,FAIR,0,COMPREHENSIVE,1000.0,884.1,0,0.0
8,SEDAN,CNG,PERSONAL,9309.87,29,14601,GOOD,0,THIRD_PARTY,500.0,250.0,0,0.0
1,SUV,ELECTRIC,COMMERCIAL,27480.65,72,17216,FAIR,0,COMPREHENSIVE,500.0,1215.92,1,10486.34
11,SEDAN,HYBRID,PERSONAL,11218.14,45,9744,FAIR,0,COMPREHENSIVE,1000.0,319.72,0,0.0
1,TRUCK,PETROL,COMMERCIAL,35868.16,39,8553,POOR,0,COMPREHENSIVE,1000.0,1380.03,1,18094.93
14,SEDAN,PETROL,PERSONAL,7258.53,37,3218,EXCELLENT,0,ZERO_DEP_PREMIUM,500.0,254.05,1,1176.58
0,TRUCK,DIESEL,PERSONAL,40877.69,64,13311,FAIR,2,ZERO_DEP_PREMIUM,500.0,1430.72,0,0.0
6,HATCHBACK,PETROL,COMMERCIAL,9584.6,36,11739,FAIR,0,ZERO_DEP_PREMIUM,500.0,452.87,0,0.0
10,SEDAN,ELECTRIC,PERSONAL,9544.25,28,12989,GOOD,0,COMPREHENSIVE,1000.0,272.01,0,0.0
14,HATCHBACK,DIESEL,RIDESHARE,5964.42,47,12043,GOOD,0,COMPREHENSIVE,250.0,254.98,0,0.0
13,SEDAN,CNG,PERSONAL,7250.07,71,15915,EXCELLENT,2,THIRD_PARTY,1000.0,250.0,0,0.0
3,COMMERCIAL_VAN,PETROL,PERSONAL,32614.19,43,10221,POOR,0,ZERO_DEP_PREMIUM,1000.0,1141.5,0,0.0
14,SUV,DIESEL,PERSONAL,12707.52,32,14071,FAIR,1,COMPREHENSIVE,500.0,362.16,0,0.0
8,SEDAN,DIESEL,PERSONAL,14018.42,47,12356,GOOD,0,THIRD_PARTY,1000.0,250.0,0,0.0
5,SEDAN,PETROL,PERSONAL,17784.04,46,8175,GOOD,0,COMPREHENSIVE,500.0,506.85,0,0.0
11,SEDAN,DIESEL,RIDESHARE,10120.76,77,9411,EXCELLENT,1,THIRD_PARTY,250.0,250.0,1,1949.13
6,COMMERCIAL_VAN,PETROL,PERSONAL,22604.52,49,16640,FAIR,0,ZERO_DEP_PREMIUM,500.0,791.16,0,0.0
12,SEDAN,PETROL,COMMERCIAL,10608.79,70,16207,EXCELLENT,0,COMPREHENSIVE,250.0,469.4,0,0.0
6,SUV,PETROL,PERSONAL,15031.89,47,15824,GOOD,0,COMPREHENSIVE,1000.0,428.41,0,0.0
7,SUV,PETROL,PERSONAL,24548.87,61,11740,FAIR,0,COMPREHENSIVE,1000.0,699.64,0,0.0
3,TRUCK,DIESEL,PERSONAL,36817.82,68,3000,GOOD,0,COMPREHENSIVE,2000.0,1049.31,0,0.0
2,SEDAN,PETROL,PERSONAL,27865.14,33,5012,GOOD,0,ZERO_DEP_PREMIUM,1000.0,975.28,0,0.0
2,SUV,PETROL,RIDESHARE,21085.0,53,11316,EXCELLENT,0,COMPREHENSIVE,2000.0,901.38,0,0.0
9,SUV,PETROL,PERSONAL,20157.96,35,5670,GOOD,0,COMPREHENSIVE,250.0,574.5,0,0.0
7,HATCHBACK,PETROL,PERSONAL,6483.05,58,17651,GOOD,1,COMPREHENSIVE,1000.0,250.0,0,0.0
11,SEDAN,PETROL,PERSONAL,11101.01,65,8859,EXCELLENT,1,THIRD_PARTY,500.0,250.0,0,0.0
14,SEDAN,PETROL,PERSONAL,6884.53,56,11263,GOOD,0,COMPREHENSIVE,500.0,250.0,0,0.0
12,SEDAN,DIESEL,PERSONAL,9866.3,45,20308,GOOD,0,COMPREHENSIVE,1000.0,281.19,0,0.0
14,HATCHBACK,DIESEL,PERSONAL,4869.7,75,17137,GOOD,0,COMPREHENSIVE,500.0,250.0,0,0.0
2,SEDAN,DIESEL,PERSONAL,17534.04,36,14058,GOOD,0,COMPREHENSIVE,500.0,499.72,0,0.0
7,SUV,ELECTRIC,RIDESHARE,19723.87,73,13495,GOOD,0,THIRD_PARTY,500.0,425.3,0,0.0
1,SEDAN,DIESEL,COMMERCIAL,21153.49,73,9097,GOOD,0,COMPREHENSIVE,250.0,935.96,0,0.0
14,TRUCK,DIESEL,PERSONAL,12834.42,28,15925,EXCELLENT,2,COMPREHENSIVE,250.0,365.78,0,0.0
4,TRUCK,ELECTRIC,PERSONAL,36708.52,34,13457,EXCELLENT,0,THIRD_PARTY,250.0,458.86,0,0.0
4,SUV,PETROL,COMMERCIAL,18685.11,38,11890,FAIR,0,THIRD_PARTY,500.0,315.31,0,0.0
6,SEDAN,ELECTRIC,RIDESHARE,15665.74,54,15384,GOOD,2,COMPREHENSIVE,1000.0,669.71,1,957.02
4,SEDAN,PETROL,RIDESHARE,20189.06,61,15465,GOOD,1,COMPREHENSIVE,500.0,863.08,0,0.0
8,SEDAN,PETROL,COMMERCIAL,11086.53,68,8129,GOOD,1,COMPREHENSIVE,500.0,426.55,1,1478.03
2,SEDAN,ELECTRIC,PERSONAL,29434.54,51,16625,EXCELLENT,0,COMPREHENSIVE,250.0,838.88,0,0.0
8,SUV,PETROL,RIDESHARE,18016.14,50,12114,EXCELLENT,1,THIRD_PARTY,250.0,337.8,0,0.0
0,SUV,PETROL,COMMERCIAL,29799.43,46,12874,GOOD,1,COMPREHENSIVE,500.0,1146.53,1,14245.68
2,TRUCK,PETROL,PERSONAL,28254.67,21,6579,GOOD,2,ZERO_DEP_PREMIUM,1000.0,1236.14,1,4239.34
3,SUV,PETROL,PERSONAL,29276.1,49,6716,GOOD,0,THIRD_PARTY,2000.0,365.95,0,0.0
5,SUV,PETROL,PERSONAL,21626.46,77,5953,EXCELLENT,2,COMPREHENSIVE,1000.0,708.81,0,0.0
9,SUV,DIESEL,PERSONAL,12860.23,28,23268,EXCELLENT,1,COMPREHENSIVE,1000.0,366.52,0,0.0
7,SUV,ELECTRIC,PERSONAL,13422.14,43,22707,GOOD,1,COMPREHENSIVE,1000.0,382.53,1,3853.67
6,SEDAN,ELECTRIC,PERSONAL,16191.16,35,4842,GOOD,0,COMPREHENSIVE,500.0,461.45,0,0.0
7,SUV,PETROL,PERSONAL,20817.58,70,5685,FAIR,0,THIRD_PARTY,1000.0,299.25,0,0.0
5,SUV,CNG,PERSONAL,17955.54,49,10194,EXCELLENT,1,THIRD_PARTY,1000.0,250.0,0,0.0
5,HATCHBACK,DIESEL,PERSONAL,11194.8,77,17482,POOR,1,COMPREHENSIVE,500.0,366.91,0,0.0
13,TRUCK,PETROL,COMMERCIAL,17642.6,44,15313,POOR,0,COMPREHENSIVE,2000.0,678.8,0,0.0
5,SEDAN,ELECTRIC,PERSONAL,22468.26,33,22253,GOOD,1,COMPREHENSIVE,2000.0,640.35,0,0.0
2,SEDAN,ELECTRIC,RIDESHARE,28462.27,27,11129,FAIR,0,COMPREHENSIVE,1000.0,1216.76,0,0.0
13,SUV,ELECTRIC,COMMERCIAL,13363.36,61,9361,POOR,0,COMPREHENSIVE,500.0,514.16,0,0.0
9,SUV,PETROL,RIDESHARE,13041.62,51,12751,EXCELLENT,0,COMPREHENSIVE,500.0,557.53,0,0.0
14,SEDAN,DIESEL,COMMERCIAL,5620.46,50,11717,GOOD,0,COMPREHENSIVE,1000.0,250.0,0,0.0
3,HATCHBACK,HYBRID,PERSONAL,12195.35,27,12377,EXCELLENT,0,COMPREHENSIVE,250.0,347.57,0,0.0
10,COMMERCIAL_VAN,DIESEL,PERSONAL,16776.9,59,12980,GOOD,0,COMPREHENSIVE,500.0,478.14,0,0.0
5,TRUCK,DIESEL,PERSONAL,35570.4,77,22040,EXCELLENT,1,COMPREHENSIVE,250.0,1165.82,1,5254.9
12,SEDAN,DIESEL,RIDESHARE,7230.46,43,13040,POOR,0,COMPREHENSIVE,1000.0,309.1,1,999.42
6,TRUCK,ELECTRIC,PERSONAL,25879.59,59,7715,GOOD,0,COMPREHENSIVE,1000.0,737.57,0,0.0
2,HATCHBACK,PETROL,PERSONAL,15279.55,42,11192,POOR,0,COMPREHENSIVE,1000.0,435.47,0,0.0
3,SUV,DIESEL,COMMERCIAL,27451.81,19,15765,EXCELLENT,0,COMPREHENSIVE,500.0,1320.26,1,6156.59
5,SUV,PETROL,RIDESHARE,22868.08,43,15201,GOOD,0,ZERO_DEP_PREMIUM,2000.0,1200.57,0,0.0
0,HATCHBACK,DIESEL,COMMERCIAL,13721.31,37,14956,GOOD,0,COMPREHENSIVE,500.0,527.93,0,0.0
10,SUV,ELECTRIC,PERSONAL,19495.67,20,4854,GOOD,0,COMPREHENSIVE,1000.0,694.53,0,0.0
14,SEDAN,PETROL,PERSONAL,7169.68,49,5482,FAIR,0,THIRD_PARTY,500.0,250.0,0,0.0
6,SUV,DIESEL,PERSONAL,21934.0,18,11908,GOOD,0,COMPREHENSIVE,500.0,781.4,0,0.0
12,SUV,PETROL,PERSONAL,9902.48,41,14507,EXCELLENT,0,COMPREHENSIVE,2000.0,282.22,0,0.0
14,SEDAN,PETROL,COMMERCIAL,7358.95,67,8760,POOR,1,COMPREHENSIVE,1000.0,283.14,0,0.0
10,TRUCK,PETROL,PERSONAL,15056.68,60,19224,GOOD,0,THIRD_PARTY,500.0,250.0,0,0.0
0,SUV,PETROL,PERSONAL,30298.87,73,14933,EXCELLENT,0,COMPREHENSIVE,1000.0,993.05,1,591.81
10,SUV,PETROL,RIDESHARE,12519.03,61,10168,GOOD,0,COMPREHENSIVE,500.0,535.19,0,0.0
12,SEDAN,PETROL,PERSONAL,5885.25,50,25010,GOOD,1,ZERO_DEP_PREMIUM,500.0,250.0,1,1145.12
11,SUV,ELECTRIC,COMMERCIAL,14021.59,55,10405,GOOD,0,ZERO_DEP_PREMIUM,500.0,662.52,0,0.0
12,SEDAN,ELECTRIC,COMMERCIAL,8143.19,65,10837,GOOD,0,COMPREHENSIVE,250.0,313.31,0,0.0
11,SEDAN,DIESEL,COMMERCIAL,12245.61,69,10627,GOOD,0,COMPREHENSIVE,500.0,541.82,0,0.0
12,SUV,PETROL,PERSONAL,8457.18,52,12687,EXCELLENT,0,THIRD_PARTY,500.0,250.0,0,0.0
9,SUV,HYBRID,PERSONAL,11249.7,34,7663,GOOD,0,THIRD_PARTY,1000.0,250.0,0,0.0
10,SUV,DIESEL,COMMERCIAL,18506.62,75,15817,FAIR,0,THIRD_PARTY,500.0,359.14,1,574.87
15,SEDAN,PETROL,COMMERCIAL,4982.87,65,16436,GOOD,0,COMPREHENSIVE,500.0,250.0,1,705.43
14,SUV,ELECTRIC,PERSONAL,6743.99,60,15502,EXCELLENT,0,THIRD_PARTY,500.0,250.0,0,0.0
10,SEDAN,PETROL,PERSONAL,8355.4,65,10461,GOOD,1,ZERO_DEP_PREMIUM,250.0,292.44,1,698.41
8,COMMERCIAL_VAN,DIESEL,PERSONAL,22814.35,61,10481,POOR,0,COMPREHENSIVE,1000.0,650.21,0,0.0
9,SUV,DIESEL,RIDESHARE,19440.16,50,15258,FAIR,2,ZERO_DEP_PREMIUM,500.0,1020.61,0,0.0
8,SUV,PETROL,PERSONAL,15881.05,28,13470,GOOD,0,ZERO_DEP_PREMIUM,500.0,555.84,1,1061.17
10,SEDAN,HYBRID,PERSONAL,11821.96,40,8891,EXCELLENT,0,ZERO_DEP_PREMIUM,250.0,413.77,0,0.0
8,SEDAN,PETROL,PERSONAL,12899.94,55,3391,GOOD,0,COMPREHENSIVE,2000.0,367.65,1,5445.07
3,COMMERCIAL_VAN,PETROL,PERSONAL,38180.39,49,10723,EXCELLENT,1,ZERO_DEP_PREMIUM,500.0,1336.31,1,12540.0
1,SEDAN,HYBRID,RIDESHARE,17496.49,36,14849,GOOD,0,COMPREHENSIVE,250.0,747.97,0,0.0
6,SUV,HYBRID,PERSONAL,25947.15,29,14727,FAIR,2,THIRD_PARTY,500.0,324.34,0,0.0
12,SUV,DIESEL,PERSONAL,9512.73,45,5684,GOOD,0,COMPREHENSIVE,1000.0,271.11,0,0.0
3,SEDAN,DIESEL,PERSONAL,19086.07,19,16267,EXCELLENT,0,ZERO_DEP_PREMIUM,500.0,835.02,0,0.0
13,HATCHBACK,PETROL,PERSONAL,4500.0,27,20829,GOOD,0,ZERO_DEP_PREMIUM,1000.0,250.0,0,0.0
4,SUV,ELECTRIC,PERSONAL,29422.69,36,10919,FAIR,1,COMPREHENSIVE,1000.0,838.55,0,0.0
0,SEDAN,PETROL,PERSONAL,30545.54,45,11584,GOOD,0,COMPREHENSIVE,500.0,870.55,0,0.0
10,SEDAN,PETROL,PERSONAL,10970.53,64,10145,FAIR,1,COMPREHENSIVE,1000.0,312.66,0,0.0
11,SEDAN,DIESEL,COMMERCIAL,10952.32,25,10910,EXCELLENT,0,COMPREHENSIVE,250.0,421.39,0,0.0
9,TRUCK,PETROL,PERSONAL,21609.85,60,17951,FAIR,0,ZERO_DEP_PREMIUM,2000.0,756.34,0,0.0
12,SUV,PETROL,RIDESHARE,14436.05,40,8970,GOOD,1,COMPREHENSIVE,1000.0,617.14,1,1687.6
5,SEDAN,PETROL,PERSONAL,14076.42,65,13590,GOOD,1,COMPREHENSIVE,1000.0,401.18,0,0.0
11,SEDAN,PETROL,PERSONAL,9215.79,62,11262,GOOD,1,THIRD_PARTY,250.0,250.0,0,0.0
14,SUV,PETROL,PERSONAL,7749.82,47,13358,GOOD,0,ZERO_DEP_PREMIUM,250.0,271.24,0,0.0
6,SUV,PETROL,PERSONAL,20457.92,45,11212,GOOD,0,ZERO_DEP_PREMIUM,500.0,716.03,0,0.0
2,SUV,PETROL,PERSONAL,35511.11,30,16193,EXCELLENT,1,COMPREHENSIVE,1000.0,1012.07,0,0.0
9,SEDAN,ELECTRIC,PERSONAL,13173.1,72,17184,GOOD,0,COMPREHENSIVE,250.0,431.75,0,0.0
1,SEDAN,ELECTRIC,PERSONAL,28311.53,54,14183,POOR,1,ZERO_DEP_PREMIUM,2000.0,990.9,0,0.0
12,SUV,DIESEL,PERSONAL,10635.55,29,11530,GOOD,1,COMPREHENSIVE,1000.0,303.11,0,0.0
11,COMMERCIAL_VAN,DIESEL,PERSONAL,15668.37,27,16040,EXCELLENT,0,COMPREHENSIVE,1000.0,446.55,0,0.0
11,SEDAN,PETROL,PERSONAL,8819.49,68,9128,FAIR,1,COMPREHENSIVE,1000.0,251.36,0,0.0
15,SUV,PETROL,PERSONAL,11907.69,34,14432,EXCELLENT,1,THIRD_PARTY,1000.0,250.0,0,0.0
9,SUV,PETROL,COMMERCIAL,14486.64,18,10184,GOOD,0,COMPREHENSIVE,500.0,696.72,1,11482.39
6,SUV,DIESEL,PERSONAL,22939.68,39,13467,EXCELLENT,0,COMPREHENSIVE,2000.0,653.78,0,0.0
15,SEDAN,ELECTRIC,COMMERCIAL,7740.45,32,8181,POOR,0,ZERO_DEP_PREMIUM,1000.0,365.74,0,0.0
0,HATCHBACK,DIESEL,PERSONAL,21351.76,33,17827,GOOD,0,COMPREHENSIVE,500.0,608.53,0,0.0
1,SUV,PETROL,RIDESHARE,32974.58,37,6844,FAIR,0,THIRD_PARTY,1000.0,618.27,0,0.0
2,SUV,PETROL,PERSONAL,28390.77,72,11921,GOOD,0,COMPREHENSIVE,1000.0,930.51,0,0.0
3,SEDAN,ELECTRIC,RIDESHARE,19612.83,27,5853,EXCELLENT,1,COMPREHENSIVE,250.0,838.45,0,0.0
14,SEDAN,PETROL,PERSONAL,6433.38,59,17731,GOOD,2,THIRD_PARTY,2000.0,250.0,0,0.0
4,SEDAN,ELECTRIC,PERSONAL,20642.04,43,19493,GOOD,0,COMPREHENSIVE,500.0,588.3,0,0.0
15,HATCHBACK,DIESEL,PERSONAL,5260.26,66,7140,POOR,1,COMPREHENSIVE,500.0,250.0,0,0.0
3,SEDAN,ELECTRIC,PERSONAL,15444.06,78,13959,FAIR,0,COMPREHENSIVE,250.0,506.18,0,0.0
14,SUV,HYBRID,RIDESHARE,10504.16,71,11168,FAIR,1,COMPREHENSIVE,1000.0,516.41,0,0.0
9,SUV,HYBRID,PERSONAL,20463.92,40,14804,GOOD,0,COMPREHENSIVE,500.0,583.22,0,0.0
2,SUV,DIESEL,PERSONAL,22957.32,34,19593,GOOD,0,COMPREHENSIVE,2000.0,654.28,0,0.0
0,SUV,DIESEL,PERSONAL,37645.41,51,14234,GOOD,0,COMPREHENSIVE,1000.0,1072.89,0,0.0
14,SEDAN,PETROL,PERSONAL,9065.32,58,9054,GOOD,0,COMPREHENSIVE,1000.0,258.36,0,0.0
6,SEDAN,HYBRID,PERSONAL,19641.59,74,9392,FAIR,1,THIRD_PARTY,2000.0,282.35,0,0.0
11,SEDAN,DIESEL,PERSONAL,9766.83,39,10907,FAIR,0,THIRD_PARTY,1000.0,250.0,0,0.0
9,SUV,PETROL,PERSONAL,11052.91,76,9225,FAIR,0,THIRD_PARTY,500.0,250.0,0,0.0
5,SUV,PETROL,PERSONAL,17386.85,21,15921,EXCELLENT,0,THIRD_PARTY,250.0,271.67,1,5229.09
1,SEDAN,PETROL,PERSONAL,26279.2,24,16304,FAIR,0,THIRD_PARTY,1000.0,410.61,1,3528.86
1,SUV,DIESEL,PERSONAL,25772.33,22,18168,GOOD,0,THIRD_PARTY,500.0,402.69,0,0.0
2,SEDAN,DIESEL,PERSONAL,17323.36,48,10588,GOOD,0,COMPREHENSIVE,1000.0,493.72,0,0.0
7,SEDAN,PETROL,PERSONAL,16666.85,36,17694,GOOD,0,COMPREHENSIVE,2000.0,475.01,0,0.0
7,SEDAN,PETROL,PERSONAL,16465.35,21,20074,FAIR,0,THIRD_PARTY,250.0,257.27,0,0.0
9,TRUCK,HYBRID,RIDESHARE,24288.18,67,6530,GOOD,0,THIRD_PARTY,500.0,455.4,0,0.0
14,SEDAN,ELECTRIC,COMMERCIAL,5374.05,39,10307,EXCELLENT,1,THIRD_PARTY,1000.0,250.0,0,0.0
9,SEDAN,ELECTRIC,RIDESHARE,9331.54,20,12013,GOOD,0,COMPREHENSIVE,1000.0,498.65,0,0.0
9,SEDAN,PETROL,PERSONAL,14275.69,40,16200,POOR,1,COMPREHENSIVE,500.0,406.86,0,0.0
15,SEDAN,ELECTRIC,COMMERCIAL,7611.94,21,18530,FAIR,1,THIRD_PARTY,500.0,250.0,0,0.0
11,SUV,DIESEL,PERSONAL,16127.35,63,4712,EXCELLENT,0,COMPREHENSIVE,500.0,459.63,0,0.0
9,SEDAN,PETROL,PERSONAL,15496.78,41,9486,FAIR,0,ZERO_DEP_PREMIUM,1000.0,542.39,0,0.0
10,SEDAN,PETROL,PERSONAL,13213.92,76,17654,EXCELLENT,0,COMPREHENSIVE,1000.0,433.09,0,0.0
13,SUV,PETROL,COMMERCIAL,11243.84,31,8665,GOOD,0,THIRD_PARTY,500.0,250.0,0,0.0
11,SEDAN,PETROL,RIDESHARE,8453.81,66,16091,GOOD,0,COMPREHENSIVE,500.0,361.4,0,0.0
7,HATCHBACK,CNG,PERSONAL,9084.85,58,15081,GOOD,0,COMPREHENSIVE,500.0,258.92,0,0.0
6,SUV,PETROL,PERSONAL,23448.67,68,15997,EXCELLENT,0,ZERO_DEP_PREMIUM,500.0,820.7,0,0.0
13,SEDAN,PETROL,PERSONAL,7131.69,20,16055,FAIR,0,COMPREHENSIVE,1000.0,254.07,0,0.0
1,SUV,DIESEL,RIDESHARE,40611.13,64,10580,FAIR,1,ZERO_DEP_PREMIUM,500.0,2132.08,0,0.0
0,SEDAN,PETROL,COMMERCIAL,19888.12,38,11303,GOOD,0,THIRD_PARTY,2000.0,335.61,0,0.0
5,SUV,DIESEL,PERSONAL,27982.04,43,10945,EXCELLENT,0,COMPREHENSIVE,500.0,797.49,1,1119.77
10,SUV,PETROL,PERSONAL,10127.3,18,13513,EXCELLENT,1,THIRD_PARTY,1000.0,250.0,0,0.0
7,SEDAN,ELECTRIC,PERSONAL,14088.45,47,3000,EXCELLENT,0,COMPREHENSIVE,1000.0,401.52,0,0.0
0,SUV,PETROL,COMMERCIAL,46908.2,68,14670,EXCELLENT,0,ZERO_DEP_PREMIUM,1000.0,2216.41,0,0.0
2,TRUCK,DIESEL,COMMERCIAL,27711.58,21,20251,FAIR,0,COMPREHENSIVE,500.0,1332.75,1,3879.28
14,COMMERCIAL_VAN,ELECTRIC,PERSONAL,10780.98,31,13388,GOOD,0,ZERO_DEP_PREMIUM,500.0,377.33,0,0.0
0,SUV,HYBRID,PERSONAL,29216.66,35,11949,EXCELLENT,1,COMPREHENSIVE,1000.0,832.67,0,0.0
9,SUV,ELECTRIC,RIDESHARE,20433.37,29,12831,EXCELLENT,0,COMPREHENSIVE,1000.0,873.53,0,0.0
8,SEDAN,DIESEL,PERSONAL,15682.31,55,14888,POOR,1,COMPREHENSIVE,500.0,446.95,0,0.0
6,SEDAN,PETROL,RIDESHARE,19987.46,59,17645,GOOD,0,COMPREHENSIVE,500.0,854.46,0,0.0
13,SUV,DIESEL,PERSONAL,13865.51,53,12194,GOOD,1,COMPREHENSIVE,1000.0,395.17,0,0.0
7,SEDAN,ELECTRIC,COMMERCIAL,16332.37,33,11749,GOOD,0,THIRD_PARTY,1000.0,275.61,0,0.0
8,TRUCK,HYBRID,COMMERCIAL,17161.67,18,6317,EXCELLENT,0,THIRD_PARTY,500.0,362.0,1,1654.5
2,SEDAN,PETROL,PERSONAL,19630.56,20,12711,POOR,0,THIRD_PARTY,2000.0,306.73,0,0.0
9,SEDAN,PETROL,RIDESHARE,11657.99,56,7091,EXCELLENT,1,COMPREHENSIVE,1000.0,498.38,0,0.0
10,SUV,ELECTRIC,PERSONAL,15592.3,52,10037,FAIR,0,COMPREHENSIVE,500.0,444.38,0,0.0
1,HATCHBACK,PETROL,COMMERCIAL,18164.01,78,16448,EXCELLENT,0,COMPREHENSIVE,500.0,803.69,0,0.0
5,SUV,PETROL,RIDESHARE,19294.69,71,17093,GOOD,0,THIRD_PARTY,1000.0,416.04,1,2093.78
4,SUV,PETROL,PERSONAL,19497.64,76,14584,FAIR,0,COMPREHENSIVE,2000.0,639.04,0,0.0
3,SEDAN,DIESEL,PERSONAL,20333.99,32,17965,FAIR,0,COMPREHENSIVE,250.0,579.52,1,4074.03
5,HATCHBACK,CNG,PERSONAL,8092.34,55,5074,GOOD,0,COMPREHENSIVE,500.0,250.0,0,0.0
14,SEDAN,DIESEL,COMMERCIAL,8231.84,33,19826,GOOD,0,COMPREHENSIVE,1000.0,316.72,0,0.0
5,TRUCK,PETROL,COMMERCIAL,30283.93,34,8680,EXCELLENT,1,COMPREHENSIVE,2000.0,1165.17,0,0.0
11,SUV,PETROL,PERSONAL,15548.25,51,13853,POOR,0,THIRD_PARTY,250.0,250.0,0,0.0
2,SUV,PETROL,COMMERCIAL,22191.92,27,9505,FAIR,0,COMPREHENSIVE,1000.0,853.83,0,0.0
13,SUV,DIESEL,PERSONAL,14528.95,28,13895,GOOD,0,COMPREHENSIVE,500.0,414.08,0,0.0
1,SUV,DIESEL,PERSONAL,22932.13,45,12580,GOOD,0,ZERO_DEP_PREMIUM,500.0,802.62,0,0.0
8,SEDAN,PETROL,PERSONAL,11343.93,44,17618,EXCELLENT,1,COMPREHENSIVE,1000.0,323.3,0,0.0
7,TRUCK,DIESEL,PERSONAL,26733.47,55,23592,FAIR,1,COMPREHENSIVE,500.0,761.9,0,0.0
13,SUV,ELECTRIC,PERSONAL,7728.83,35,16468,GOOD,0,ZERO_DEP_PREMIUM,250.0,270.51,0,0.0
3,SEDAN,PETROL,PERSONAL,14858.13,64,11962,GOOD,1,THIRD_PARTY,1000.0,250.0,0,0.0
5,SEDAN,PETROL,PERSONAL,12228.29,65,19397,POOR,1,COMPREHENSIVE,250.0,348.51,0,0.0
2,SUV,CNG,COMMERCIAL,33003.13,47,4863,EXCELLENT,0,COMPREHENSIVE,500.0,1269.8,0,0.0
15,SUV,PETROL,PERSONAL,11610.28,30,9887,EXCELLENT,0,ZERO_DEP_PREMIUM,1000.0,406.36,0,0.0
10,SUV,ELECTRIC,PERSONAL,15263.95,33,11461,GOOD,0,COMPREHENSIVE,2000.0,435.02,0,0.0
7,SUV,DIESEL,PERSONAL,20882.31,19,11252,EXCELLENT,0,COMPREHENSIVE,1000.0,743.93,0,0.0
2,SUV,ELECTRIC,RIDESHARE,28088.52,37,9174,GOOD,1,COMPREHENSIVE,500.0,1200.78,0,0.0
1,COMMERCIAL_VAN,ELECTRIC,PERSONAL,24659.65,29,15631,GOOD,0,COMPREHENSIVE,1000.0,702.8,0,0.0
14,SUV,DIESEL,COMMERCIAL,6874.91,46,12490,EXCELLENT,1,THIRD_PARTY,500.0,250.0,0,0.0
6,HATCHBACK,HYBRID,RIDESHARE,12009.91,63,11885,EXCELLENT,1,COMPREHENSIVE,500.0,513.42,0,0.0
13,SEDAN,HYBRID,PERSONAL,5888.66,25,18841,EXCELLENT,1,THIRD_PARTY,1000.0,250.0,1,569.01
15,SUV,DIESEL,PERSONAL,12246.32,55,10491,EXCELLENT,0,THIRD_PARTY,500.0,250.0,0,0.0
2,SEDAN,PETROL,COMMERCIAL,17549.5,63,17124,EXCELLENT,0,THIRD_PARTY,1000.0,296.15,1,6636.39
12,SUV,PETROL,COMMERCIAL,13608.72,73,11266,EXCELLENT,0,COMPREHENSIVE,1000.0,602.13,0,0.0
8,TRUCK,ELECTRIC,PERSONAL,28228.24,64,11364,GOOD,0,COMPREHENSIVE,1000.0,804.5,0,0.0
14,SEDAN,DIESEL,PERSONAL,6620.95,37,9077,FAIR,0,THIRD_PARTY,500.0,250.0,0,0.0
2,SEDAN,PETROL,COMMERCIAL,26140.37,76,5951,EXCELLENT,1,THIRD_PARTY,250.0,507.29,0,0.0
14,TRUCK,PETROL,RIDESHARE,11110.65,52,9523,GOOD,1,ZERO_DEP_PREMIUM,1000.0,583.31,0,0.0
7,SEDAN,DIESEL,RIDESHARE,12273.04,56,4506,EXCELLENT,0,COMPREHENSIVE,250.0,524.67,0,0.0
1,SUV,PETROL,PERSONAL,27559.77,48,13651,GOOD,0,COMPREHENSIVE,500.0,785.45,1,2852.49
